track,outer_fold_id,metric,lambda,alpha_code_parameter,simulated_training,inner_validation_count,mean_inner_smape_percent,std_inner_smape_percent,mean_inner_absolute_log_error,selected_lambda,selection_status,boundary_hit,boundary_side,min_required_inner_validations
official_only_nested,tourism_comprehensive_income_test_2015,tourism_comprehensive_income,0.0001000000,0.0001000000,False,1,10.0521583254,,0.1006063559,0.1000000000,fallback_insufficient_inner_validations,False,none,3
official_only_nested,tourism_comprehensive_income_test_2015,tourism_comprehensive_income,0.0001778279,0.0001778279,False,1,10.0527629989,,0.1006124179,0.1000000000,fallback_insufficient_inner_validations,False,none,3
official_only_nested,tourism_comprehensive_income_test_2015,tourism_comprehensive_income,0.0003162278,0.0003162278,False,1,10.0538382277,,0.1006231975,0.1000000000,fallback_insufficient_inner_validations,False,none,3
official_only_nested,tourism_comprehensive_income_test_2015,tourism_comprehensive_income,0.0005623413,0.0005623413,False,1,10.0557501285,,0.1006423649,0.1000000000,fallback_insufficient_inner_validations,False,none,3
official_only_nested,tourism_comprehensive_income_test_2015,tourism_comprehensive_income,0.0010000000,0.0010000000,False,1,10.0591495273,,0.1006764451,0.1000000000,fallback_insufficient_inner_validations,False,none,3
official_only_nested,tourism_comprehensive_income_test_2015,tourism_comprehensive_income,0.0017782794,0.0017782794,False,1,10.0651930429,,0.1007370336,0.1000000000,fallback_insufficient_inner_validations,False,none,3
official_only_nested,tourism_comprehensive_income_test_2015,tourism_comprehensive_income,0.0031622777,0.0031622777,False,1,10.0759351557,,0.1008447278,0.1000000000,fallback_insufficient_inner_validations,False,none,3
official_only_nested,tourism_comprehensive_income_test_2015,tourism_comprehensive_income,0.0056234133,0.0056234133,False,1,10.0950220065,,0.1010360829,0.1000000000,fallback_insufficient_inner_validations,False,none,3
official_only_nested,tourism_comprehensive_income_test_2015,tourism_comprehensive_income,0.0100000000,0.0100000000,False,1,10.1289144291,,0.1013758757,0.1000000000,fallback_insufficient_inner_validations,False,none,3
official_only_nested,tourism_comprehensive_income_test_2015,tourism_comprehensive_income,0.0177827941,0.0177827941,False,1,10.1890291116,,0.1019785776,0.1000000000,fallback_insufficient_inner_validations,False,none,3
official_only_nested,tourism_comprehensive_income_test_2015,tourism_comprehensive_income,0.0316227766,0.0316227766,False,1,10.2954407377,,0.1030454920,0.1000000000,fallback_insufficient_inner_validations,False,none,3
official_only_nested,tourism_comprehensive_income_test_2015,tourism_comprehensive_income,0.0562341325,0.0562341325,False,1,10.4831387990,,0.1049275513,0.1000000000,fallback_insufficient_inner_validations,False,none,3
official_only_nested,tourism_comprehensive_income_test_2015,tourism_comprehensive_income,0.1000000000,0.1000000000,False,1,10.8121582835,,0.1082270989,0.1000000000,fallback_insufficient_inner_validations,False,none,3
official_only_nested,tourism_comprehensive_income_test_2015,tourism_comprehensive_income,0.1778279410,0.1778279410,False,1,11.3826457410,,0.1139495958,0.1000000000,fallback_insufficient_inner_validations,False,none,3
official_only_nested,tourism_comprehensive_income_test_2015,tourism_comprehensive_income,0.3162277660,0.3162277660,False,1,12.3533547829,,0.1236910075,0.1000000000,fallback_insufficient_inner_validations,False,none,3
official_only_nested,tourism_comprehensive_income_test_2015,tourism_comprehensive_income,0.5623413252,0.5623413252,False,1,13.9532866354,,0.1397599151,0.1000000000,fallback_insufficient_inner_validations,False,none,3
official_only_nested,tourism_comprehensive_income_test_2015,tourism_comprehensive_income,1.0000000000,1.0000000000,False,1,16.4567884977,,0.1649408115,0.1000000000,fallback_insufficient_inner_validations,False,none,3
official_only_nested,tourism_comprehensive_income_test_2015,tourism_comprehensive_income,1.7782794100,1.7782794100,False,1,20.0724170281,,0.2014022074,0.1000000000,fallback_insufficient_inner_validations,False,none,3
official_only_nested,tourism_comprehensive_income_test_2015,tourism_comprehensive_income,3.1622776602,3.1622776602,False,1,24.7325403106,,0.2485978371,0.1000000000,fallback_insufficient_inner_validations,False,none,3
official_only_nested,tourism_comprehensive_income_test_2015,tourism_comprehensive_income,5.6234132519,5.6234132519,False,1,29.9312944554,,0.3015780389,0.1000000000,fallback_insufficient_inner_validations,False,none,3
official_only_nested,tourism_comprehensive_income_test_2015,tourism_comprehensive_income,10.0000000000,10.0000000000,False,1,34.8743097367,,0.3523435758,0.1000000000,fallback_insufficient_inner_validations,False,none,3
official_only_nested,tourism_comprehensive_income_test_2015,tourism_comprehensive_income,17.7827941004,17.7827941004,False,1,38.9092998391,,0.3941164199,0.1000000000,fallback_insufficient_inner_validations,False,none,3
official_only_nested,tourism_comprehensive_income_test_2015,tourism_comprehensive_income,31.6227766017,31.6227766017,False,1,41.8125608489,,0.4243822305,0.1000000000,fallback_insufficient_inner_validations,False,none,3
official_only_nested,tourism_comprehensive_income_test_2015,tourism_comprehensive_income,56.2341325190,56.2341325190,False,1,43.7171886187,,0.4443412306,0.1000000000,fallback_insufficient_inner_validations,False,none,3
official_only_nested,tourism_comprehensive_income_test_2015,tourism_comprehensive_income,100.0000000000,100.0000000000,False,1,44.8920873553,,0.4566965685,0.1000000000,fallback_insufficient_inner_validations,False,none,3
official_only_nested,tourism_comprehensive_income_test_2015,tourism_comprehensive_income,177.8279410039,177.8279410039,False,1,45.5895262408,,0.4640470792,0.1000000000,fallback_insufficient_inner_validations,False,none,3
official_only_nested,tourism_comprehensive_income_test_2015,tourism_comprehensive_income,316.2277660168,316.2277660168,False,1,45.9941305494,,0.4683169611,0.1000000000,fallback_insufficient_inner_validations,False,none,3
official_only_nested,tourism_comprehensive_income_test_2015,tourism_comprehensive_income,562.3413251903,562.3413251903,False,1,46.2257294336,,0.4707629629,0.1000000000,fallback_insufficient_inner_validations,False,none,3
official_only_nested,tourism_comprehensive_income_test_2015,tourism_comprehensive_income,1000.0000000000,1000.0000000000,False,1,46.3572829304,,0.4721529639,0.1000000000,fallback_insufficient_inner_validations,False,none,3
official_only_nested,tourism_comprehensive_income_test_2017,tourism_comprehensive_income,0.0001000000,0.0001000000,False,2,9.2442077646,1.1426146408,0.0925095079,0.1000000000,fallback_insufficient_inner_validations,False,none,3
official_only_nested,tourism_comprehensive_income_test_2017,tourism_comprehensive_income,0.0001778279,0.0001778279,False,2,9.2447910864,1.1426448367,0.0925153538,0.1000000000,fallback_insufficient_inner_validations,False,none,3
official_only_nested,tourism_comprehensive_income_test_2017,tourism_comprehensive_income,0.0003162278,0.0003162278,False,2,9.2458283528,1.1426985236,0.0925257489,0.1000000000,fallback_insufficient_inner_validations,False,none,3
official_only_nested,tourism_comprehensive_income_test_2017,tourism_comprehensive_income,0.0005623413,0.0005623413,False,2,9.2476727677,1.1427939632,0.0925442332,0.1000000000,fallback_insufficient_inner_validations,False,none,3
official_only_nested,tourism_comprehensive_income_test_2017,tourism_comprehensive_income,0.0010000000,0.0010000000,False,2,9.2509522264,1.1429635839,0.0925770990,0.1000000000,fallback_insufficient_inner_validations,False,none,3
official_only_nested,tourism_comprehensive_income_test_2017,tourism_comprehensive_income,0.0017782794,0.0017782794,False,2,9.2567826732,1.1432649088,0.0926355304,0.1000000000,fallback_insufficient_inner_validations,False,none,3
official_only_nested,tourism_comprehensive_income_test_2017,tourism_comprehensive_income,0.0031622777,0.0031622777,False,2,9.2671465785,1.1437997750,0.0927393953,0.1000000000,fallback_insufficient_inner_validations,False,none,3
official_only_nested,tourism_comprehensive_income_test_2017,tourism_comprehensive_income,0.0056234133,0.0056234133,False,2,9.2855630442,1.1447478427,0.0929239626,0.1000000000,fallback_insufficient_inner_validations,False,none,3
official_only_nested,tourism_comprehensive_income_test_2017,tourism_comprehensive_income,0.0100000000,0.0100000000,False,2,9.3182701895,1.1464240779,0.0932517530,0.1000000000,fallback_insufficient_inner_validations,False,none,3
official_only_nested,tourism_comprehensive_income_test_2017,tourism_comprehensive_income,0.0177827941,0.0177827941,False,2,9.3762986878,1.1493743879,0.0938333259,0.1000000000,fallback_insufficient_inner_validations,False,none,3
official_only_nested,tourism_comprehensive_income_test_2017,tourism_comprehensive_income,0.0316227766,0.0316227766,False,2,9.4790681134,1.1545252373,0.0948633401,0.1000000000,fallback_insufficient_inner_validations,False,none,3
official_only_nested,tourism_comprehensive_income_test_2017,tourism_comprehensive_income,0.0562341325,0.0562341325,False,2,9.6604998628,1.1633871405,0.0966818768,0.1000000000,fallback_insufficient_inner_validations,False,none,3
official_only_nested,tourism_comprehensive_income_test_2017,tourism_comprehensive_income,0.1000000000,0.1000000000,False,2,9.9790238322,1.1782300403,0.0998749126,0.1000000000,fallback_insufficient_inner_validations,False,none,3
official_only_nested,tourism_comprehensive_income_test_2017,tourism_comprehensive_income,0.1778279410,0.1778279410,False,2,10.5327984727,1.2018655327,0.1054274351,0.1000000000,fallback_insufficient_inner_validations,False,none,3
official_only_nested,tourism_comprehensive_income_test_2017,tourism_comprehensive_income,0.3162277660,0.3162277660,False,2,11.4794507636,1.2358869164,0.1149230251,0.1000000000,fallback_insufficient_inner_validations,False,none,3
official_only_nested,tourism_comprehensive_income_test_2017,tourism_comprehensive_income,0.5623413252,0.5623413252,False,2,13.0520132402,1.2745930589,0.1307085703,0.1000000000,fallback_insufficient_inner_validations,False,none,3
official_only_nested,tourism_comprehensive_income_test_2017,tourism_comprehensive_income,1.0000000000,1.0000000000,False,2,15.5443579942,1.2903715928,0.1557609889,0.1000000000,fallback_insufficient_inner_validations,False,none,3
official_only_nested,tourism_comprehensive_income_test_2017,tourism_comprehensive_income,1.7782794100,1.7782794100,False,2,19.2155185491,1.2118374505,0.1927533307,0.1000000000,fallback_insufficient_inner_validations,False,none,3
official_only_nested,tourism_comprehensive_income_test_2017,tourism_comprehensive_income,3.1622776602,3.1622776602,False,2,24.0811773586,0.9211663208,0.2419883615,0.1000000000,fallback_insufficient_inner_validations,False,none,3
official_only_nested,tourism_comprehensive_income_test_2017,tourism_comprehensive_income,5.6234132519,5.6234132519,False,2,29.7040125850,0.3214251037,0.2992539539,0.1000000000,fallback_insufficient_inner_validations,False,none,3
official_only_nested,tourism_comprehensive_income_test_2017,tourism_comprehensive_income,10.0000000000,10.0000000000,False,2,35.2611709125,0.5471043215,0.3563363021,0.1000000000,fallback_insufficient_inner_validations,False,none,3
official_only_nested,tourism_comprehensive_income_test_2017,tourism_comprehensive_income,17.7827941004,17.7827941004,False,2,39.9660094390,1.4944130477,0.4051231569,0.1000000000,fallback_insufficient_inner_validations,False,none,3
official_only_nested,tourism_comprehensive_income_test_2017,tourism_comprehensive_income,31.6227766017,31.6227766017,False,2,43.4534279653,2.3205365300,0.4416043342,0.1000000000,fallback_insufficient_inner_validations,False,none,3
official_only_nested,tourism_comprehensive_income_test_2017,tourism_comprehensive_income,56.2341325190,56.2341325190,False,2,45.7909101676,2.9326851390,0.4662266413,0.1000000000,fallback_insufficient_inner_validations,False,none,3
official_only_nested,tourism_comprehensive_income_test_2017,tourism_comprehensive_income,100.0000000000,100.0000000000,False,2,47.2533459449,3.3393239216,0.4817067064,0.1000000000,fallback_insufficient_inner_validations,False,none,3
official_only_nested,tourism_comprehensive_income_test_2017,tourism_comprehensive_income,177.8279410039,177.8279410039,False,2,48.1290983830,3.5914973662,0.4910057918,0.1000000000,fallback_insufficient_inner_validations,False,none,3
official_only_nested,tourism_comprehensive_income_test_2017,tourism_comprehensive_income,316.2277660168,316.2277660168,False,2,48.6397984333,3.7415394029,0.4964389915,0.1000000000,fallback_insufficient_inner_validations,False,none,3
official_only_nested,tourism_comprehensive_income_test_2017,tourism_comprehensive_income,562.3413251903,562.3413251903,False,2,48.9330126098,3.8286765849,0.4995619371,0.1000000000,fallback_insufficient_inner_validations,False,none,3
official_only_nested,tourism_comprehensive_income_test_2017,tourism_comprehensive_income,1000.0000000000,1000.0000000000,False,2,49.0998537628,3.8785808669,0.5013400753,0.1000000000,fallback_insufficient_inner_validations,False,none,3
official_only_nested,tourism_comprehensive_income_test_2018,tourism_comprehensive_income,0.0001000000,0.0001000000,False,3,10.7149453464,2.6724504134,0.1072653525,0.0001000000,selected_by_nested_expanding_origin_smape,True,lower,3
official_only_nested,tourism_comprehensive_income_test_2018,tourism_comprehensive_income,0.0001778279,0.0001778279,False,3,10.7155306921,2.6724602102,0.1072712236,0.0001000000,selected_by_nested_expanding_origin_smape,True,lower,3
official_only_nested,tourism_comprehensive_income_test_2018,tourism_comprehensive_income,0.0003162278,0.0003162278,False,3,10.7165715621,2.6724776371,0.1072816637,0.0001000000,selected_by_nested_expanding_origin_smape,True,lower,3
official_only_nested,tourism_comprehensive_income_test_2018,tourism_comprehensive_income,0.0005623413,0.0005623413,False,3,10.7184223985,2.6725086438,0.1073002279,0.0001000000,selected_by_nested_expanding_origin_smape,True,lower,3
official_only_nested,tourism_comprehensive_income_test_2018,tourism_comprehensive_income,0.0010000000,0.0010000000,False,3,10.7217133197,2.6725638359,0.1073332364,0.0001000000,selected_by_nested_expanding_origin_smape,True,lower,3
official_only_nested,tourism_comprehensive_income_test_2018,tourism_comprehensive_income,0.0017782794,0.0017782794,False,3,10.7275642855,2.6726621520,0.1073919228,0.0001000000,selected_by_nested_expanding_origin_smape,True,lower,3
official_only_nested,tourism_comprehensive_income_test_2018,tourism_comprehensive_income,0.0031622777,0.0031622777,False,3,10.7379651082,2.6728375193,0.1074962456,0.0001000000,selected_by_nested_expanding_origin_smape,True,lower,3
official_only_nested,tourism_comprehensive_income_test_2018,tourism_comprehensive_income,0.0056234133,0.0056234133,False,3,10.7564485775,2.6731510559,0.1076816408,0.0001000000,selected_by_nested_expanding_origin_smape,True,lower,3
official_only_nested,tourism_comprehensive_income_test_2018,tourism_comprehensive_income,0.0100000000,0.0100000000,False,3,10.7892791439,2.6737139179,0.1080109467,0.0001000000,selected_by_nested_expanding_origin_smape,True,lower,3
official_only_nested,tourism_comprehensive_income_test_2018,tourism_comprehensive_income,0.0177827941,0.0177827941,False,3,10.8475405564,2.6747315099,0.1085953505,0.0001000000,selected_by_nested_expanding_origin_smape,True,lower,3
official_only_nested,tourism_comprehensive_income_test_2018,tourism_comprehensive_income,0.0316227766,0.0316227766,False,3,10.9507662915,2.6765931414,0.1096308253,0.0001000000,selected_by_nested_expanding_origin_smape,True,lower,3
official_only_nested,tourism_comprehensive_income_test_2018,tourism_comprehensive_income,0.0562341325,0.0562341325,False,3,11.1331406431,2.6800648169,0.1114604001,0.0001000000,selected_by_nested_expanding_origin_smape,True,lower,3
official_only_nested,tourism_comprehensive_income_test_2018,tourism_comprehensive_income,0.1000000000,0.1000000000,False,3,11.4537443176,2.6867293397,0.1146771510,0.0001000000,selected_by_nested_expanding_origin_smape,True,lower,3
official_only_nested,tourism_comprehensive_income_test_2018,tourism_comprehensive_income,0.1778279410,0.1778279410,False,3,12.0124324001,2.7000351955,0.1202841593,0.0001000000,selected_by_nested_expanding_origin_smape,True,lower,3
official_only_nested,tourism_comprehensive_income_test_2018,tourism_comprehensive_income,0.3162277660,0.3162277660,False,3,12.9713460465,2.7278128309,0.1299123949,0.0001000000,selected_by_nested_expanding_origin_smape,True,lower,3
official_only_nested,tourism_comprehensive_income_test_2018,tourism_comprehensive_income,0.5623413252,0.5623413252,False,3,14.5752709360,2.7880523232,0.1460310479,0.0001000000,selected_by_nested_expanding_origin_smape,True,lower,3
official_only_nested,tourism_comprehensive_income_test_2018,tourism_comprehensive_income,1.0000000000,1.0000000000,False,3,17.1463981404,2.9209805398,0.1719111633,0.0001000000,selected_by_nested_expanding_origin_smape,True,lower,3
official_only_nested,tourism_comprehensive_income_test_2018,tourism_comprehensive_income,1.7782794100,1.7782794100,False,3,21.0020497613,3.2108186369,0.2108353088,0.0001000000,selected_by_nested_expanding_origin_smape,True,lower,3
official_only_nested,tourism_comprehensive_income_test_2018,tourism_comprehensive_income,3.1622776602,3.1622776602,False,3,26.2478604483,3.8089133002,0.2640687726,0.0001000000,selected_by_nested_expanding_origin_smape,True,lower,3
official_only_nested,tourism_comprehensive_income_test_2018,tourism_comprehensive_income,5.6234132519,5.6234132519,False,3,32.5229859356,4.8878921124,0.3282840368,0.0001000000,selected_by_nested_expanding_origin_smape,True,lower,3
official_only_nested,tourism_comprehensive_income_test_2018,tourism_comprehensive_income,10.0000000000,10.0000000000,False,3,38.9772203734,6.4480021989,0.3951251702,0.0001000000,selected_by_nested_expanding_origin_smape,True,lower,3
official_only_nested,tourism_comprehensive_income_test_2018,tourism_comprehensive_income,17.7827941004,17.7827941004,False,3,44.6628290326,8.2034735365,0.4548610312,0.0001000000,selected_by_nested_expanding_origin_smape,True,lower,3
official_only_nested,tourism_comprehensive_income_test_2018,tourism_comprehensive_income,31.6227766017,31.6227766017,False,3,49.0231051804,9.7855177551,0.5013445420,0.0001000000,selected_by_nested_expanding_origin_smape,True,lower,3
official_only_nested,tourism_comprehensive_income_test_2018,tourism_comprehensive_income,56.2341325190,56.2341325190,False,3,52.0213366353,10.9888563085,0.5337080405,0.0001000000,selected_by_nested_expanding_origin_smape,True,lower,3
official_only_nested,tourism_comprehensive_income_test_2018,tourism_comprehensive_income,100.0000000000,100.0000000000,False,3,53.9299941274,11.8028994313,0.5545018897,0.0001000000,selected_by_nested_expanding_origin_smape,True,lower,3
official_only_nested,tourism_comprehensive_income_test_2018,tourism_comprehensive_income,177.8279410039,177.8279410039,False,3,55.0855419065,12.3136406539,0.5671692690,0.0001000000,selected_by_nested_expanding_origin_smape,True,lower,3
official_only_nested,tourism_comprehensive_income_test_2018,tourism_comprehensive_income,316.2277660168,316.2277660168,False,3,55.7638649594,12.6196881957,0.5746340748,0.0001000000,selected_by_nested_expanding_origin_smape,True,lower,3
official_only_nested,tourism_comprehensive_income_test_2018,tourism_comprehensive_income,562.3413251903,562.3413251903,False,3,56.1548244999,12.7981671784,0.5789464940,0.0001000000,selected_by_nested_expanding_origin_smape,True,lower,3
official_only_nested,tourism_comprehensive_income_test_2018,tourism_comprehensive_income,1000.0000000000,1000.0000000000,False,3,56.3777780669,12.9006294925,0.5814090758,0.0001000000,selected_by_nested_expanding_origin_smape,True,lower,3
official_only_nested,tourism_comprehensive_income_test_2019,tourism_comprehensive_income,0.0001000000,0.0001000000,False,4,9.0805457234,3.9301877797,0.0908939006,0.0001000000,selected_by_nested_expanding_origin_smape,True,lower,3
official_only_nested,tourism_comprehensive_income_test_2019,tourism_comprehensive_income,0.0001778279,0.0001778279,False,4,9.0811169276,3.9302157444,0.0908996265,0.0001000000,selected_by_nested_expanding_origin_smape,True,lower,3
official_only_nested,tourism_comprehensive_income_test_2019,tourism_comprehensive_income,0.0003162278,0.0003162278,False,4,9.0821326540,3.9302654691,0.0909098083,0.0001000000,selected_by_nested_expanding_origin_smape,True,lower,3
official_only_nested,tourism_comprehensive_income_test_2019,tourism_comprehensive_income,0.0005623413,0.0005623413,False,4,9.0839387907,3.9303538803,0.0909279133,0.0001000000,selected_by_nested_expanding_origin_smape,True,lower,3
official_only_nested,tourism_comprehensive_income_test_2019,tourism_comprehensive_income,0.0010000000,0.0010000000,False,4,9.0871502633,3.9305110582,0.0909601058,0.0001000000,selected_by_nested_expanding_origin_smape,True,lower,3
official_only_nested,tourism_comprehensive_income_test_2019,tourism_comprehensive_income,0.0017782794,0.0017782794,False,4,9.0928600743,3.9307904317,0.0910173422,0.0001000000,selected_by_nested_expanding_origin_smape,True,lower,3
official_only_nested,tourism_comprehensive_income_test_2019,tourism_comprehensive_income,0.0031622777,0.0031622777,False,4,9.1030102850,3.9312868163,0.0911190906,0.0001000000,selected_by_nested_expanding_origin_smape,True,lower,3
official_only_nested,tourism_comprehensive_income_test_2019,tourism_comprehensive_income,0.0056234133,0.0056234133,False,4,9.1210493615,3.9321682010,0.0912999202,0.0001000000,selected_by_nested_expanding_origin_smape,True,lower,3
official_only_nested,tourism_comprehensive_income_test_2019,tourism_comprehensive_income,0.0100000000,0.0100000000,False,4,9.1530936662,3.9337313599,0.0916211467,0.0001000000,selected_by_nested_expanding_origin_smape,True,lower,3
official_only_nested,tourism_comprehensive_income_test_2019,tourism_comprehensive_income,0.0177827941,0.0177827941,False,4,9.2099694626,3.9364978660,0.0921913070,0.0001000000,selected_by_nested_expanding_origin_smape,True,lower,3
official_only_nested,tourism_comprehensive_income_test_2019,tourism_comprehensive_income,0.0316227766,0.0316227766,False,4,9.3107706778,3.9413757769,0.0932018426,0.0001000000,selected_by_nested_expanding_origin_smape,True,lower,3
official_only_nested,tourism_comprehensive_income_test_2019,tourism_comprehensive_income,0.0562341325,0.0562341325,False,4,9.4889568950,3.9499188690,0.0949882855,0.0001000000,selected_by_nested_expanding_origin_smape,True,lower,3
official_only_nested,tourism_comprehensive_income_test_2019,tourism_comprehensive_income,0.1000000000,0.1000000000,False,4,9.8024943998,3.9647002653,0.0981321006,0.0001000000,selected_by_nested_expanding_origin_smape,True,lower,3
official_only_nested,tourism_comprehensive_income_test_2019,tourism_comprehensive_income,0.1778279410,0.1778279410,False,4,10.3497769779,3.9897141397,0.1036208591,0.0001000000,selected_by_nested_expanding_origin_smape,True,lower,3
official_only_nested,tourism_comprehensive_income_test_2019,tourism_comprehensive_income,0.3162277660,0.3162277660,False,4,11.2918324173,4.0303481259,0.1130726223,0.0001000000,selected_by_nested_expanding_origin_smape,True,lower,3
official_only_nested,tourism_comprehensive_income_test_2019,tourism_comprehensive_income,0.5623413252,0.5623413252,False,4,12.8753717125,4.0915506415,0.1289722742,0.0001000000,selected_by_nested_expanding_origin_smape,True,lower,3
official_only_nested,tourism_comprehensive_income_test_2019,tourism_comprehensive_income,1.0000000000,1.0000000000,False,4,15.4348191496,4.1720612941,0.1547063799,0.0001000000,selected_by_nested_expanding_origin_smape,True,lower,3
official_only_nested,tourism_comprehensive_income_test_2019,tourism_comprehensive_income,1.7782794100,1.7782794100,False,4,19.3236856291,4.2591699724,0.1939089268,0.0001000000,selected_by_nested_expanding_origin_smape,True,lower,3
official_only_nested,tourism_comprehensive_income_test_2019,tourism_comprehensive_income,3.1622776602,3.1622776602,False,4,24.7191971962,4.3610922606,0.2485556584,0.0001000000,selected_by_nested_expanding_origin_smape,True,lower,3
official_only_nested,tourism_comprehensive_income_test_2019,tourism_comprehensive_income,5.6234132519,5.6234132519,False,4,31.3464889611,4.6329515493,0.3162092252,0.0001000000,selected_by_nested_expanding_origin_smape,True,lower,3
official_only_nested,tourism_comprehensive_income_test_2019,tourism_comprehensive_income,10.0000000000,10.0000000000,False,4,38.3818856091,5.3977324404,0.3888756665,0.0001000000,selected_by_nested_expanding_origin_smape,True,lower,3
official_only_nested,tourism_comprehensive_income_test_2019,tourism_comprehensive_income,17.7827941004,17.7827941004,False,4,44.7853173552,6.7025864858,0.4560064432,0.0001000000,selected_by_nested_expanding_origin_smape,True,lower,3
official_only_nested,tourism_comprehensive_income_test_2019,tourism_comprehensive_income,31.6227766017,31.6227766017,False,4,49.8410379212,8.1555887401,0.5098534659,0.0001000000,selected_by_nested_expanding_origin_smape,True,lower,3
official_only_nested,tourism_comprehensive_income_test_2019,tourism_comprehensive_income,56.2341325190,56.2341325190,False,4,53.3969116995,9.3846755765,0.5482648795,0.0001000000,selected_by_nested_expanding_origin_smape,True,lower,3
official_only_nested,tourism_comprehensive_income_test_2019,tourism_comprehensive_income,100.0000000000,100.0000000000,False,4,55.6964189497,10.2641763723,0.5733761651,0.0001000000,selected_by_nested_expanding_origin_smape,True,lower,3
official_only_nested,tourism_comprehensive_income_test_2019,tourism_comprehensive_income,177.8279410039,177.8279410039,False,4,57.1027196567,10.8332753621,0.5888484556,0.0001000000,selected_by_nested_expanding_origin_smape,True,lower,3
official_only_nested,tourism_comprehensive_income_test_2019,tourism_comprehensive_income,316.2277660168,316.2277660168,False,4,57.9333284470,11.1802194701,0.5980303601,0.0001000000,selected_by_nested_expanding_origin_smape,True,lower,3
official_only_nested,tourism_comprehensive_income_test_2019,tourism_comprehensive_income,562.3413251903,562.3413251903,False,4,58.4137967175,11.3845162686,0.6033569085,0.0001000000,selected_by_nested_expanding_origin_smape,True,lower,3
official_only_nested,tourism_comprehensive_income_test_2019,tourism_comprehensive_income,1000.0000000000,1000.0000000000,False,4,58.6883685138,11.5024406275,0.6064059758,0.0001000000,selected_by_nested_expanding_origin_smape,True,lower,3
official_only_nested,tourism_comprehensive_income_test_2021,tourism_comprehensive_income,0.0001000000,0.0001000000,False,5,8.8270830945,3.4505069931,0.0883495424,0.0001000000,selected_by_nested_expanding_origin_smape,True,lower,3
official_only_nested,tourism_comprehensive_income_test_2021,tourism_comprehensive_income,0.0001778279,0.0001778279,False,5,8.8276322034,3.4505389978,0.0883550460,0.0001000000,selected_by_nested_expanding_origin_smape,True,lower,3
official_only_nested,tourism_comprehensive_income_test_2021,tourism_comprehensive_income,0.0003162278,0.0003162278,False,5,8.8286086415,3.4505959076,0.0883648325,0.0001000000,selected_by_nested_expanding_origin_smape,True,lower,3
official_only_nested,tourism_comprehensive_income_test_2021,tourism_comprehensive_income,0.0005623413,0.0005623413,False,5,8.8303449237,3.4506970985,0.0883822348,0.0001000000,selected_by_nested_expanding_origin_smape,True,lower,3
official_only_nested,tourism_comprehensive_income_test_2021,tourism_comprehensive_income,0.0010000000,0.0010000000,False,5,8.8334322098,3.4508770099,0.0884131777,0.0001000000,selected_by_nested_expanding_origin_smape,True,lower,3
official_only_nested,tourism_comprehensive_income_test_2021,tourism_comprehensive_income,0.0017782794,0.0017782794,False,5,8.8389212913,3.4511968346,0.0884681933,0.0001000000,selected_by_nested_expanding_origin_smape,True,lower,3
official_only_nested,tourism_comprehensive_income_test_2021,tourism_comprehensive_income,0.0031622777,0.0031622777,False,5,8.8486793273,3.4517652302,0.0885659958,0.0001000000,selected_by_nested_expanding_origin_smape,True,lower,3
official_only_nested,tourism_comprehensive_income_test_2021,tourism_comprehensive_income,0.0056234133,0.0056234133,False,5,8.8660220942,3.4527749139,0.0887398194,0.0001000000,selected_by_nested_expanding_origin_smape,True,lower,3
official_only_nested,tourism_comprehensive_income_test_2021,tourism_comprehensive_income,0.0100000000,0.0100000000,False,5,8.8968315951,3.4545669851,0.0890486211,0.0001000000,selected_by_nested_expanding_origin_smape,True,lower,3
official_only_nested,tourism_comprehensive_income_test_2021,tourism_comprehensive_income,0.0177827941,0.0177827941,False,5,8.9515223723,3.4577429169,0.0895967942,0.0001000000,selected_by_nested_expanding_origin_smape,True,lower,3
official_only_nested,tourism_comprehensive_income_test_2021,tourism_comprehensive_income,0.0316227766,0.0316227766,False,5,9.0484719801,3.4633560740,0.0905685677,0.0001000000,selected_by_nested_expanding_origin_smape,True,lower,3
official_only_nested,tourism_comprehensive_income_test_2021,tourism_comprehensive_income,0.0562341325,0.0562341325,False,5,9.2199152205,3.4732278095,0.0922871361,0.0001000000,selected_by_nested_expanding_origin_smape,True,lower,3
official_only_nested,tourism_comprehensive_income_test_2021,tourism_comprehensive_income,0.1000000000,0.1000000000,False,5,9.5217914601,3.4904307538,0.0953135251,0.0001000000,selected_by_nested_expanding_origin_smape,True,lower,3
official_only_nested,tourism_comprehensive_income_test_2021,tourism_comprehensive_income,0.1778279410,0.1778279410,False,5,10.0493446950,3.5198951647,0.1006034752,0.0001000000,selected_by_nested_expanding_origin_smape,True,lower,3
official_only_nested,tourism_comprehensive_income_test_2021,tourism_comprehensive_income,0.3162277660,0.3162277660,False,5,10.9593178260,3.5686985414,0.1097315183,0.0001000000,selected_by_nested_expanding_origin_smape,True,lower,3
official_only_nested,tourism_comprehensive_income_test_2021,tourism_comprehensive_income,0.5623413252,0.5623413252,False,5,12.4943600219,3.6443709376,0.1251404899,0.0001000000,selected_by_nested_expanding_origin_smape,True,lower,3
official_only_nested,tourism_comprehensive_income_test_2021,tourism_comprehensive_income,1.0000000000,1.0000000000,False,5,14.9901665304,3.7474192907,0.1502267505,0.0001000000,selected_by_nested_expanding_origin_smape,True,lower,3
official_only_nested,tourism_comprehensive_income_test_2021,tourism_comprehensive_income,1.7782794100,1.7782794100,False,5,18.8185298216,3.8576299186,0.1888022884,0.0001000000,selected_by_nested_expanding_origin_smape,True,lower,3
official_only_nested,tourism_comprehensive_income_test_2021,tourism_comprehensive_income,3.1622776602,3.1622776602,False,5,24.2065058016,3.9469743614,0.2433386160,0.0001000000,selected_by_nested_expanding_origin_smape,True,lower,3
official_only_nested,tourism_comprehensive_income_test_2021,tourism_comprehensive_income,5.6234132519,5.6234132519,False,5,30.9555043573,4.1064004731,0.3121792535,0.0001000000,selected_by_nested_expanding_origin_smape,True,lower,3
official_only_nested,tourism_comprehensive_income_test_2021,tourism_comprehensive_income,10.0000000000,10.0000000000,False,5,38.2930665842,4.6787905189,0.3879063300,0.0001000000,selected_by_nested_expanding_origin_smape,True,lower,3
official_only_nested,tourism_comprehensive_income_test_2021,tourism_comprehensive_income,17.7827941004,17.7827941004,False,5,45.1421346943,5.8591887038,0.4596841927,0.0001000000,selected_by_nested_expanding_origin_smape,True,lower,3
official_only_nested,tourism_comprehensive_income_test_2021,tourism_comprehensive_income,31.6227766017,31.6227766017,False,5,50.6755338690,7.3052815283,0.5186574635,0.0001000000,selected_by_nested_expanding_origin_smape,True,lower,3
official_only_nested,tourism_comprehensive_income_test_2021,tourism_comprehensive_income,56.2341325190,56.2341325190,False,5,54.6391190598,8.5889171253,0.5615586488,0.0001000000,selected_by_nested_expanding_origin_smape,True,lower,3
official_only_nested,tourism_comprehensive_income_test_2021,tourism_comprehensive_income,100.0000000000,100.0000000000,False,5,57.2356514562,9.5321126198,0.5900078062,0.0001000000,selected_by_nested_expanding_origin_smape,True,lower,3
official_only_nested,tourism_comprehensive_income_test_2021,tourism_comprehensive_income,177.8279410039,177.8279410039,False,5,58.8370171132,10.1517894798,0.6077035040,0.0001000000,selected_by_nested_expanding_origin_smape,True,lower,3
official_only_nested,tourism_comprehensive_income_test_2021,tourism_comprehensive_income,316.2277660168,316.2277660168,False,5,59.7877364529,10.5329068074,0.6182670325,0.0001000000,selected_by_nested_expanding_origin_smape,True,lower,3
official_only_nested,tourism_comprehensive_income_test_2021,tourism_comprehensive_income,562.3413251903,562.3413251903,False,5,60.3393680619,10.7584633203,0.6244167419,0.0001000000,selected_by_nested_expanding_origin_smape,True,lower,3
official_only_nested,tourism_comprehensive_income_test_2021,tourism_comprehensive_income,1000.0000000000,1000.0000000000,False,5,60.6551666307,10.8890348265,0.6279442564,0.0001000000,selected_by_nested_expanding_origin_smape,True,lower,3
official_only_nested,tourism_comprehensive_income_test_2023,tourism_comprehensive_income,0.0001000000,0.0001000000,False,6,15.9452754091,17.7069695253,0.1614989777,0.0001000000,selected_by_nested_expanding_origin_smape,True,lower,3
official_only_nested,tourism_comprehensive_income_test_2023,tourism_comprehensive_income,0.0001778279,0.0001778279,False,6,15.9456631610,17.7065853224,0.1615028160,0.0001000000,selected_by_nested_expanding_origin_smape,True,lower,3
official_only_nested,tourism_comprehensive_income_test_2023,tourism_comprehensive_income,0.0003162278,0.0003162278,False,6,15.9463526684,17.7059021203,0.1615096412,0.0001000000,selected_by_nested_expanding_origin_smape,True,lower,3
official_only_nested,tourism_comprehensive_income_test_2023,tourism_comprehensive_income,0.0005623413,0.0005623413,False,6,15.9475787304,17.7046872531,0.1615217776,0.0001000000,selected_by_nested_expanding_origin_smape,True,lower,3
official_only_nested,tourism_comprehensive_income_test_2023,tourism_comprehensive_income,0.0010000000,0.0010000000,False,6,15.9497587740,17.7025270602,0.1615433572,0.0001000000,selected_by_nested_expanding_origin_smape,True,lower,3
official_only_nested,tourism_comprehensive_income_test_2023,tourism_comprehensive_income,0.0017782794,0.0017782794,False,6,15.9536347509,17.6986862038,0.1615817245,0.0001000000,selected_by_nested_expanding_origin_smape,True,lower,3
official_only_nested,tourism_comprehensive_income_test_2023,tourism_comprehensive_income,0.0031622777,0.0031622777,False,6,15.9605249512,17.6918578909,0.1616499291,0.0001000000,selected_by_nested_expanding_origin_smape,True,lower,3
official_only_nested,tourism_comprehensive_income_test_2023,tourism_comprehensive_income,0.0056234133,0.0056234133,False,6,15.9727701646,17.6797209397,0.1617711429,0.0001000000,selected_by_nested_expanding_origin_smape,True,lower,3
official_only_nested,tourism_comprehensive_income_test_2023,tourism_comprehensive_income,0.0100000000,0.0100000000,False,6,15.9945219290,17.6581560448,0.1619864643,0.0001000000,selected_by_nested_expanding_origin_smape,True,lower,3
official_only_nested,tourism_comprehensive_income_test_2023,tourism_comprehensive_income,0.0177827941,0.0177827941,False,6,16.0331280473,17.6198644285,0.1623686383,0.0001000000,selected_by_nested_expanding_origin_smape,True,lower,3
official_only_nested,tourism_comprehensive_income_test_2023,tourism_comprehensive_income,0.0316227766,0.0316227766,False,6,16.1015456266,17.5519501883,0.1630459598,0.0001000000,selected_by_nested_expanding_origin_smape,True,lower,3
official_only_nested,tourism_comprehensive_income_test_2023,tourism_comprehensive_income,0.0562341325,0.0562341325,False,6,16.2224740496,17.4317420261,0.1642432379,0.0001000000,selected_by_nested_expanding_origin_smape,True,lower,3
official_only_nested,tourism_comprehensive_income_test_2023,tourism_comprehensive_income,0.1000000000,0.1000000000,False,6,16.4352186476,17.2197368836,0.1663499071,0.0001000000,selected_by_nested_expanding_origin_smape,True,lower,3
official_only_nested,tourism_comprehensive_income_test_2023,tourism_comprehensive_income,0.1778279410,0.1778279410,False,6,16.8064354065,16.8481862192,0.1700269149,0.0001000000,selected_by_nested_expanding_origin_smape,True,lower,3
official_only_nested,tourism_comprehensive_income_test_2023,tourism_comprehensive_income,0.3162277660,0.3162277660,False,6,17.4450158563,16.2041402446,0.1763556956,0.0001000000,selected_by_nested_expanding_origin_smape,True,lower,3
official_only_nested,tourism_comprehensive_income_test_2023,tourism_comprehensive_income,0.5623413252,0.5623413252,False,6,18.5171833657,15.1086583723,0.1869924907,0.0001000000,selected_by_nested_expanding_origin_smape,True,lower,3
official_only_nested,tourism_comprehensive_income_test_2023,tourism_comprehensive_income,1.0000000000,1.0000000000,False,6,20.2463867694,13.3041958900,0.2041809628,0.0001000000,selected_by_nested_expanding_origin_smape,True,lower,3
official_only_nested,tourism_comprehensive_income_test_2023,tourism_comprehensive_income,1.7782794100,1.7782794100,False,6,22.8632416979,10.4911015553,0.2302895414,0.0001000000,selected_by_nested_expanding_origin_smape,True,lower,3
official_only_nested,tourism_comprehensive_income_test_2023,tourism_comprehensive_income,3.1622776602,3.1622776602,False,6,26.4669185605,6.5665577231,0.2664952109,0.0001000000,selected_by_nested_expanding_origin_smape,True,lower,3
official_only_nested,tourism_comprehensive_income_test_2023,tourism_comprehensive_income,5.6234132519,5.6234132519,False,6,30.8342146311,3.6848727336,0.3109179391,0.0001000000,selected_by_nested_expanding_origin_smape,True,lower,3
official_only_nested,tourism_comprehensive_income_test_2023,tourism_comprehensive_income,10.0000000000,10.0000000000,False,6,35.3679850596,8.2975584438,0.3579509962,0.0001000000,selected_by_nested_expanding_origin_smape,True,lower,3
official_only_nested,tourism_comprehensive_income_test_2023,tourism_comprehensive_income,17.7827941004,17.7827941004,False,6,39.3618996430,15.0973765039,0.4005206258,0.0001000000,selected_by_nested_expanding_origin_smape,True,lower,3
official_only_nested,tourism_comprehensive_income_test_2023,tourism_comprehensive_income,31.6227766017,31.6227766017,False,6,42.3905229770,21.3199939833,0.4338236796,0.0001000000,selected_by_nested_expanding_origin_smape,True,lower,3
official_only_nested,tourism_comprehensive_income_test_2023,tourism_comprehensive_income,56.2341325190,56.2341325190,False,6,46.6310419295,21.0663569193,0.4789539464,0.0001000000,selected_by_nested_expanding_origin_smape,True,lower,3
official_only_nested,tourism_comprehensive_income_test_2023,tourism_comprehensive_income,100.0000000000,100.0000000000,False,6,49.6834877885,20.3690940687,0.5115678769,0.0001000000,selected_by_nested_expanding_origin_smape,True,lower,3
official_only_nested,tourism_comprehensive_income_test_2023,tourism_comprehensive_income,177.8279410039,177.8279410039,False,6,51.5932082812,19.9319758699,0.5320938442,0.0001000000,selected_by_nested_expanding_origin_smape,True,lower,3
official_only_nested,tourism_comprehensive_income_test_2023,tourism_comprehensive_income,316.2277660168,316.2277660168,False,6,52.7373159745,19.6724242072,0.5444391393,0.0001000000,selected_by_nested_expanding_origin_smape,True,lower,3
official_only_nested,tourism_comprehensive_income_test_2023,tourism_comprehensive_income,562.3413251903,562.3413251903,False,6,53.4047928863,19.5224389771,0.5516589182,0.0001000000,selected_by_nested_expanding_origin_smape,True,lower,3
official_only_nested,tourism_comprehensive_income_test_2023,tourism_comprehensive_income,1000.0000000000,1000.0000000000,False,6,53.7881350101,19.4369134183,0.5558113339,0.0001000000,selected_by_nested_expanding_origin_smape,True,lower,3
official_only_nested,tourist_visits_test_2015,tourist_visits,0.0001000000,0.0001000000,False,1,7.0929891915,,0.0709596520,0.1000000000,fallback_insufficient_inner_validations,False,none,3
official_only_nested,tourist_visits_test_2015,tourist_visits,0.0001778279,0.0001778279,False,1,7.0934573159,,0.0709643392,0.1000000000,fallback_insufficient_inner_validations,False,none,3
official_only_nested,tourist_visits_test_2015,tourist_visits,0.0003162278,0.0003162278,False,1,7.0942897321,,0.0709726738,0.1000000000,fallback_insufficient_inner_validations,False,none,3
official_only_nested,tourist_visits_test_2015,tourist_visits,0.0005623413,0.0005623413,False,1,7.0957698748,,0.0709874939,0.1000000000,fallback_insufficient_inner_validations,False,none,3
official_only_nested,tourist_visits_test_2015,tourist_visits,0.0010000000,0.0010000000,False,1,7.0984015847,,0.0710138442,0.1000000000,fallback_insufficient_inner_validations,False,none,3
official_only_nested,tourist_visits_test_2015,tourist_visits,0.0017782794,0.0017782794,False,1,7.1030802433,,0.0710606898,0.1000000000,fallback_insufficient_inner_validations,False,none,3
official_only_nested,tourist_visits_test_2015,tourist_visits,0.0031622777,0.0031622777,False,1,7.1113962333,,0.0711439549,0.1000000000,fallback_insufficient_inner_validations,False,none,3
official_only_nested,tourist_visits_test_2015,tourist_visits,0.0056234133,0.0056234133,False,1,7.1261718387,,0.0712918983,0.1000000000,fallback_insufficient_inner_validations,False,none,3
official_only_nested,tourist_visits_test_2015,tourist_visits,0.0100000000,0.0100000000,False,1,7.1524073841,,0.0715545885,0.1000000000,fallback_insufficient_inner_validations,False,none,3
official_only_nested,tourist_visits_test_2015,tourist_visits,0.0177827941,0.0177827941,False,1,7.1989366609,,0.0720204810,0.1000000000,fallback_insufficient_inner_validations,False,none,3
official_only_nested,tourist_visits_test_2015,tourist_visits,0.0316227766,0.0316227766,False,1,7.2812861474,,0.0728450565,0.1000000000,fallback_insufficient_inner_validations,False,none,3
official_only_nested,tourist_visits_test_2015,tourist_visits,0.0562341325,0.0562341325,False,1,7.4264976592,,0.0742991376,0.1000000000,fallback_insufficient_inner_validations,False,none,3
official_only_nested,tourist_visits_test_2015,tourist_visits,0.1000000000,0.1000000000,False,1,7.6809072960,,0.0768468685,0.1000000000,fallback_insufficient_inner_validations,False,none,3
official_only_nested,tourist_visits_test_2015,tourist_visits,0.1778279410,0.1778279410,False,1,8.1216234745,,0.0812609213,0.1000000000,fallback_insufficient_inner_validations,False,none,3
official_only_nested,tourist_visits_test_2015,tourist_visits,0.3162277660,0.3162277660,False,1,8.8703422120,,0.0887616529,0.1000000000,fallback_insufficient_inner_validations,False,none,3
official_only_nested,tourist_visits_test_2015,tourist_visits,0.5623413252,0.5623413252,False,1,10.1011570348,,0.1010975900,0.1000000000,fallback_insufficient_inner_validations,False,none,3
official_only_nested,tourist_visits_test_2015,tourist_visits,1.0000000000,1.0000000000,False,1,12.0190535985,,0.1203355373,0.1000000000,fallback_insufficient_inner_validations,False,none,3
official_only_nested,tourist_visits_test_2015,tourist_visits,1.7782794100,1.7782794100,False,1,14.7717808996,,0.1479872986,0.1000000000,fallback_insufficient_inner_validations,False,none,3
official_only_nested,tourist_visits_test_2015,tourist_visits,3.1622776602,3.1622776602,False,1,18.2901491023,,0.1834139479,0.1000000000,fallback_insufficient_inner_validations,False,none,3
official_only_nested,tourist_visits_test_2015,tourist_visits,5.6234132519,5.6234132519,False,1,22.1764051136,,0.2226796650,0.1000000000,fallback_insufficient_inner_validations,False,none,3
official_only_nested,tourist_visits_test_2015,tourist_visits,10.0000000000,10.0000000000,False,1,25.8341208112,,0.2597925773,0.1000000000,fallback_insufficient_inner_validations,False,none,3
official_only_nested,tourist_visits_test_2015,tourist_visits,17.7827941004,17.7827941004,False,1,28.7932972284,,0.2899473491,0.1000000000,fallback_insufficient_inner_validations,False,none,3
official_only_nested,tourist_visits_test_2015,tourist_visits,31.6227766017,31.6227766017,False,1,30.9078585301,,0.3115749680,0.1000000000,fallback_insufficient_inner_validations,False,none,3
official_only_nested,tourist_visits_test_2015,tourist_visits,56.2341325190,56.2341325190,False,1,32.2884830654,,0.3257347184,0.1000000000,fallback_insufficient_inner_validations,False,none,3
official_only_nested,tourist_visits_test_2015,tourist_visits,100.0000000000,100.0000000000,False,1,33.1375531421,,0.3344588347,0.1000000000,fallback_insufficient_inner_validations,False,none,3
official_only_nested,tourist_visits_test_2015,tourist_visits,177.8279410039,177.8279410039,False,1,33.6406438445,,0.3396339802,0.1000000000,fallback_insufficient_inner_validations,False,none,3
official_only_nested,tourist_visits_test_2015,tourist_visits,316.2277660168,316.2277660168,False,1,33.9321840035,,0.3426350264,0.1000000000,fallback_insufficient_inner_validations,False,none,3
official_only_nested,tourist_visits_test_2015,tourist_visits,562.3413251903,562.3413251903,False,1,34.0989593467,,0.3443524592,0.1000000000,fallback_insufficient_inner_validations,False,none,3
official_only_nested,tourist_visits_test_2015,tourist_visits,1000.0000000000,1000.0000000000,False,1,34.1936576658,,0.3453278751,0.1000000000,fallback_insufficient_inner_validations,False,none,3
official_only_nested,tourist_visits_test_2016,tourist_visits,0.0001000000,0.0001000000,False,2,7.7630631694,0.9476277073,0.0776705279,0.1000000000,fallback_insufficient_inner_validations,False,none,3
official_only_nested,tourist_visits_test_2016,tourist_visits,0.0001778279,0.0001778279,False,2,7.7635213158,0.9476135962,0.0776751163,0.1000000000,fallback_insufficient_inner_validations,False,none,3
official_only_nested,tourist_visits_test_2016,tourist_visits,0.0003162278,0.0003162278,False,2,7.7643359933,0.9475885100,0.0776832754,0.1000000000,fallback_insufficient_inner_validations,False,none,3
official_only_nested,tourist_visits_test_2016,tourist_visits,0.0005623413,0.0005623413,False,2,7.7657846077,0.9475439223,0.0776977835,0.1000000000,fallback_insufficient_inner_validations,False,none,3
official_only_nested,tourist_visits_test_2016,tourist_visits,0.0010000000,0.0010000000,False,2,7.7683603017,0.9474647039,0.0777235795,0.1000000000,fallback_insufficient_inner_validations,False,none,3
official_only_nested,tourist_visits_test_2016,tourist_visits,0.0017782794,0.0017782794,False,2,7.7729395074,0.9473240563,0.0777694410,0.1000000000,fallback_insufficient_inner_validations,False,none,3
official_only_nested,tourist_visits_test_2016,tourist_visits,0.0031622777,0.0031622777,False,2,7.7810791448,0.9470746560,0.0778509611,0.1000000000,fallback_insufficient_inner_validations,False,none,3
official_only_nested,tourist_visits_test_2016,tourist_visits,0.0056234133,0.0056234133,False,2,7.7955427319,0.9466333954,0.0779958175,0.1000000000,fallback_insufficient_inner_validations,False,none,3
official_only_nested,tourist_visits_test_2016,tourist_visits,0.0100000000,0.0100000000,False,2,7.8212284214,0.9458557818,0.0782530679,0.1000000000,fallback_insufficient_inner_validations,False,none,3
official_only_nested,tourist_visits_test_2016,tourist_visits,0.0177827941,0.0177827941,False,2,7.8667956282,0.9444952093,0.0787094446,0.1000000000,fallback_insufficient_inner_validations,False,none,3
official_only_nested,tourist_visits_test_2016,tourist_visits,0.0316227766,0.0316227766,False,2,7.9474835517,0.9421454043,0.0795175917,0.1000000000,fallback_insufficient_inner_validations,False,none,3
official_only_nested,tourist_visits_test_2016,tourist_visits,0.0562341325,0.0562341325,False,2,8.0898935402,0.9381834522,0.0809439930,0.1000000000,fallback_insufficient_inner_validations,False,none,3
official_only_nested,tourist_visits_test_2016,tourist_visits,0.1000000000,0.1000000000,False,2,8.3397915333,0.9318030245,0.0834472116,0.1000000000,fallback_insufficient_inner_validations,False,none,3
official_only_nested,tourist_visits_test_2016,tourist_visits,0.1778279410,0.1778279410,False,2,8.7738954190,0.9224518304,0.0877962416,0.1000000000,fallback_insufficient_inner_validations,False,none,3
official_only_nested,tourist_visits_test_2016,tourist_visits,0.3162277660,0.3162277660,False,2,9.5149199654,0.9115706009,0.0952220752,0.1000000000,fallback_insufficient_inner_validations,False,none,3
official_only_nested,tourist_visits_test_2016,tourist_visits,0.5623413252,0.5623413252,False,2,10.7429632082,0.9076509948,0.1075342456,0.1000000000,fallback_insufficient_inner_validations,False,none,3
official_only_nested,tourist_visits_test_2016,tourist_visits,1.0000000000,1.0000000000,False,2,12.6818240965,0.9372990271,0.1269900229,0.1000000000,fallback_insufficient_inner_validations,False,none,3
official_only_nested,tourist_visits_test_2016,tourist_visits,1.7782794100,1.7782794100,False,2,15.5212047146,1.0598453231,0.1555269821,0.1000000000,fallback_insufficient_inner_validations,False,none,3
official_only_nested,tourist_visits_test_2016,tourist_visits,3.1622776602,3.1622776602,False,2,19.2544559756,1.3637358585,0.1931473071,0.1000000000,fallback_insufficient_inner_validations,False,none,3
official_only_nested,tourist_visits_test_2016,tourist_visits,5.6234132519,5.6234132519,False,2,23.5265558605,1.9094014974,0.2363708434,0.1000000000,fallback_insufficient_inner_validations,False,none,3
official_only_nested,tourist_visits_test_2016,tourist_visits,10.0000000000,10.0000000000,False,2,27.7048060791,2.6455484768,0.2788660284,0.1000000000,fallback_insufficient_inner_validations,False,none,3
official_only_nested,tourist_visits_test_2016,tourist_visits,17.7827941004,17.7827941004,False,2,31.2082718093,3.4152898050,0.3147011460,0.1000000000,fallback_insufficient_inner_validations,False,none,3
official_only_nested,tourist_visits_test_2016,tourist_visits,31.6227766017,31.6227766017,False,2,33.7851480660,4.0691018845,0.3411953928,0.1000000000,fallback_insufficient_inner_validations,False,none,3
official_only_nested,tourist_visits_test_2016,tourist_visits,56.2341325190,56.2341325190,False,2,35.5027878164,4.5457133726,0.3589269221,0.1000000000,fallback_insufficient_inner_validations,False,none,3
official_only_nested,tourist_visits_test_2016,tourist_visits,100.0000000000,100.0000000000,False,2,36.5735273529,4.8592013290,0.3700114592,0.1000000000,fallback_insufficient_inner_validations,False,none,3
official_only_nested,tourist_visits_test_2016,tourist_visits,177.8279410039,177.8279410039,False,2,37.2132843491,5.0524766550,0.3766462795,0.1000000000,fallback_insufficient_inner_validations,False,none,3
official_only_nested,tourist_visits_test_2016,tourist_visits,316.2277660168,316.2277660168,False,2,37.5858658135,5.1670863683,0.3805144812,0.1000000000,fallback_insufficient_inner_validations,False,none,3
official_only_nested,tourist_visits_test_2016,tourist_visits,562.3413251903,562.3413251903,False,2,37.7996150381,5.2335174683,0.3827350840,0.1000000000,fallback_insufficient_inner_validations,False,none,3
official_only_nested,tourist_visits_test_2016,tourist_visits,1000.0000000000,1000.0000000000,False,2,37.9211861758,5.2715213729,0.3839985323,0.1000000000,fallback_insufficient_inner_validations,False,none,3
official_only_nested,tourist_visits_test_2017,tourist_visits,0.0001000000,0.0001000000,False,3,7.7585322074,0.6701199330,0.0776248587,0.0001000000,selected_by_nested_expanding_origin_smape,True,lower,3
official_only_nested,tourist_visits_test_2017,tourist_visits,0.0001778279,0.0001778279,False,3,7.7589798957,0.6701101681,0.0776293423,0.0001000000,selected_by_nested_expanding_origin_smape,True,lower,3
official_only_nested,tourist_visits_test_2017,tourist_visits,0.0003162278,0.0003162278,False,3,7.7597759798,0.6700928095,0.0776373152,0.0001000000,selected_by_nested_expanding_origin_smape,True,lower,3
official_only_nested,tourist_visits_test_2017,tourist_visits,0.0005623413,0.0005623413,False,3,7.7611915421,0.6700619606,0.0776514922,0.0001000000,selected_by_nested_expanding_origin_smape,True,lower,3
official_only_nested,tourist_visits_test_2017,tourist_visits,0.0010000000,0.0010000000,False,3,7.7637084993,0.6700071644,0.0776766998,0.0001000000,selected_by_nested_expanding_origin_smape,True,lower,3
official_only_nested,tourist_visits_test_2017,tourist_visits,0.0017782794,0.0017782794,False,3,7.7681833780,0.6699099164,0.0777215164,0.0001000000,selected_by_nested_expanding_origin_smape,True,lower,3
official_only_nested,tourist_visits_test_2017,tourist_visits,0.0031622777,0.0031622777,False,3,7.7761378827,0.6697375981,0.0778011820,0.0001000000,selected_by_nested_expanding_origin_smape,True,lower,3
official_only_nested,tourist_visits_test_2017,tourist_visits,0.0056234133,0.0056234133,False,3,7.7902734835,0.6694331091,0.0779427530,0.0001000000,selected_by_nested_expanding_origin_smape,True,lower,3
official_only_nested,tourist_visits_test_2017,tourist_visits,0.0100000000,0.0100000000,False,3,7.8153798053,0.6688977492,0.0781942000,0.0001000000,selected_by_nested_expanding_origin_smape,True,lower,3
official_only_nested,tourist_visits_test_2017,tourist_visits,0.0177827941,0.0177827941,False,3,7.8599289588,0.6679648596,0.0786403785,0.0001000000,selected_by_nested_expanding_origin_smape,True,lower,3
official_only_nested,tourist_visits_test_2017,tourist_visits,0.0316227766,0.0316227766,False,3,7.9388448378,0.6663654129,0.0794307735,0.0001000000,selected_by_nested_expanding_origin_smape,True,lower,3
official_only_nested,tourist_visits_test_2017,tourist_visits,0.0562341325,0.0562341325,False,3,8.0782231121,0.6637037680,0.0808268006,0.0001000000,selected_by_nested_expanding_origin_smape,True,lower,3
official_only_nested,tourist_visits_test_2017,tourist_visits,0.1000000000,0.1000000000,False,3,8.3230979994,0.6595183549,0.0832796845,0.0001000000,selected_by_nested_expanding_origin_smape,True,lower,3
official_only_nested,tourist_visits_test_2017,tourist_visits,0.1778279410,0.1778279410,False,3,8.7493812193,0.6536524517,0.0875503186,0.0001000000,selected_by_nested_expanding_origin_smape,True,lower,3
official_only_nested,tourist_visits_test_2017,tourist_visits,0.3162277660,0.3162277660,False,3,9.4797403760,0.6474513810,0.0948691592,0.0001000000,selected_by_nested_expanding_origin_smape,True,lower,3
official_only_nested,tourist_visits_test_2017,tourist_visits,0.5623413252,0.5623413252,False,3,10.6977083572,0.6465749522,0.1070800332,0.0001000000,selected_by_nested_expanding_origin_smape,True,lower,3
official_only_nested,tourist_visits_test_2017,tourist_visits,1.0000000000,1.0000000000,False,3,12.6405775911,0.6666097477,0.1265754410,0.0001000000,selected_by_nested_expanding_origin_smape,True,lower,3
official_only_nested,tourist_visits_test_2017,tourist_visits,1.7782794100,1.7782794100,False,3,15.5320443205,0.7496589529,0.1556353011,0.0001000000,selected_by_nested_expanding_origin_smape,True,lower,3
official_only_nested,tourist_visits_test_2017,tourist_visits,3.1622776602,3.1622776602,False,3,19.4234883736,1.0077716014,0.1948523482,0.0001000000,selected_by_nested_expanding_origin_smape,True,lower,3
official_only_nested,tourist_visits_test_2017,tourist_visits,5.6234132519,5.6234132519,False,3,24.0137256667,1.5921401632,0.2413116248,0.0001000000,selected_by_nested_expanding_origin_smape,True,lower,3
official_only_nested,tourist_visits_test_2017,tourist_visits,10.0000000000,10.0000000000,False,3,28.6605810691,2.4979953695,0.2886228397,0.0001000000,selected_by_nested_expanding_origin_smape,True,lower,3
official_only_nested,tourist_visits_test_2017,tourist_visits,17.7827941004,17.7827941004,False,3,32.6906325368,3.5248095276,0.3299356475,0.0001000000,selected_by_nested_expanding_origin_smape,True,lower,3
official_only_nested,tourist_visits_test_2017,tourist_visits,31.6227766017,31.6227766017,False,3,35.7404124685,4.4438690040,0.3614070610,0.0001000000,selected_by_nested_expanding_origin_smape,True,lower,3
official_only_nested,tourist_visits_test_2017,tourist_visits,56.2341325190,56.2341325190,False,3,37.8166746925,5.1375064436,0.3829494484,0.0001000000,selected_by_nested_expanding_origin_smape,True,lower,3
official_only_nested,tourist_visits_test_2017,tourist_visits,100.0000000000,100.0000000000,False,3,39.1294828757,5.6039847146,0.3966241874,0.0001000000,selected_by_nested_expanding_origin_smape,True,lower,3
official_only_nested,tourist_visits_test_2017,tourist_visits,177.8279410039,177.8279410039,False,3,39.9208926896,5.8955227886,0.4048891299,0.0001000000,selected_by_nested_expanding_origin_smape,True,lower,3
official_only_nested,tourist_visits_test_2017,tourist_visits,316.2277660168,316.2277660168,False,3,40.3842639153,6.0698011975,0.4097359743,0.0001000000,selected_by_nested_expanding_origin_smape,True,lower,3
official_only_nested,tourist_visits_test_2017,tourist_visits,562.3413251903,562.3413251903,False,3,40.6509300450,6.1712919516,0.4125279299,0.0001000000,selected_by_nested_expanding_origin_smape,True,lower,3
official_only_nested,tourist_visits_test_2017,tourist_visits,1000.0000000000,1000.0000000000,False,3,40.8028702282,6.2295086264,0.4141195945,0.0001000000,selected_by_nested_expanding_origin_smape,True,lower,3
official_only_nested,tourist_visits_test_2018,tourist_visits,0.0001000000,0.0001000000,False,4,7.8976956121,0.6138726491,0.0790185987,0.0001000000,selected_by_nested_expanding_origin_smape,True,lower,3
official_only_nested,tourist_visits_test_2018,tourist_visits,0.0001778279,0.0001778279,False,4,7.8981314285,0.6138547775,0.0790229637,0.0001000000,selected_by_nested_expanding_origin_smape,True,lower,3
official_only_nested,tourist_visits_test_2018,tourist_visits,0.0003162278,0.0003162278,False,4,7.8989064042,0.6138230056,0.0790307256,0.0001000000,selected_by_nested_expanding_origin_smape,True,lower,3
official_only_nested,tourist_visits_test_2018,tourist_visits,0.0005623413,0.0005623413,False,4,7.9002844399,0.6137665335,0.0790445274,0.0001000000,selected_by_nested_expanding_origin_smape,True,lower,3
official_only_nested,tourist_visits_test_2018,tourist_visits,0.0010000000,0.0010000000,False,4,7.9027346959,0.6136661961,0.0790690683,0.0001000000,selected_by_nested_expanding_origin_smape,True,lower,3
official_only_nested,tourist_visits_test_2018,tourist_visits,0.0017782794,0.0017782794,False,4,7.9070910611,0.6134880399,0.0791127001,0.0001000000,selected_by_nested_expanding_origin_smape,True,lower,3
official_only_nested,tourist_visits_test_2018,tourist_visits,0.0031622777,0.0031622777,False,4,7.9148351314,0.6131720863,0.0791902622,0.0001000000,selected_by_nested_expanding_origin_smape,True,lower,3
official_only_nested,tourist_visits_test_2018,tourist_visits,0.0056234133,0.0056234133,False,4,7.9285975180,0.6126129386,0.0793281023,0.0001000000,selected_by_nested_expanding_origin_smape,True,lower,3
official_only_nested,tourist_visits_test_2018,tourist_visits,0.0100000000,0.0100000000,False,4,7.9530433059,0.6116271388,0.0795729461,0.0001000000,selected_by_nested_expanding_origin_smape,True,lower,3
official_only_nested,tourist_visits_test_2018,tourist_visits,0.0177827941,0.0177827941,False,4,7.9964277509,0.6099008527,0.0800074815,0.0001000000,selected_by_nested_expanding_origin_smape,True,lower,3
official_only_nested,tourist_visits_test_2018,tourist_visits,0.0316227766,0.0316227766,False,4,8.0733035483,0.6069144544,0.0807774823,0.0001000000,selected_by_nested_expanding_origin_smape,True,lower,3
official_only_nested,tourist_visits_test_2018,tourist_visits,0.0562341325,0.0562341325,False,4,8.2091510520,0.6018612489,0.0821382125,0.0001000000,selected_by_nested_expanding_origin_smape,True,lower,3
official_only_nested,tourist_visits_test_2018,tourist_visits,0.1000000000,0.1000000000,False,4,8.4480472076,0.5936543822,0.0845313256,0.0001000000,selected_by_nested_expanding_origin_smape,True,lower,3
official_only_nested,tourist_visits_test_2018,tourist_visits,0.1778279410,0.1778279410,False,4,8.8646093154,0.5813355958,0.0887047708,0.0001000000,selected_by_nested_expanding_origin_smape,True,lower,3
official_only_nested,tourist_visits_test_2018,tourist_visits,0.3162277660,0.3162277660,False,4,9.5803623018,0.5656512014,0.0958775750,0.0001000000,selected_by_nested_expanding_origin_smape,True,lower,3
official_only_nested,tourist_visits_test_2018,tourist_visits,0.5623413252,0.5623413252,False,4,10.7798323655,0.5528865376,0.1079035147,0.0001000000,selected_by_nested_expanding_origin_smape,True,lower,3
official_only_nested,tourist_visits_test_2018,tourist_visits,1.0000000000,1.0000000000,False,4,12.7088102380,0.5611314287,0.1272603271,0.0001000000,selected_by_nested_expanding_origin_smape,True,lower,3
official_only_nested,tourist_visits_test_2018,tourist_visits,1.7782794100,1.7782794100,False,4,15.6168230289,0.6351446670,0.1564879782,0.0001000000,selected_by_nested_expanding_origin_smape,True,lower,3
official_only_nested,tourist_visits_test_2018,tourist_visits,3.1622776602,3.1622776602,False,4,19.6057072350,0.8999355093,0.1966917218,0.0001000000,selected_by_nested_expanding_origin_smape,True,lower,3
official_only_nested,tourist_visits_test_2018,tourist_visits,5.6234132519,5.6234132519,False,4,24.4321142522,1.5460065439,0.2455585678,0.0001000000,selected_by_nested_expanding_origin_smape,True,lower,3
official_only_nested,tourist_visits_test_2018,tourist_visits,10.0000000000,10.0000000000,False,4,29.4665778028,2.5997134810,0.2968643441,0.0001000000,selected_by_nested_expanding_origin_smape,True,lower,3
official_only_nested,tourist_visits_test_2018,tourist_visits,17.7827941004,17.7827941004,False,4,33.9677876305,3.8480326580,0.3430997593,0.0001000000,selected_by_nested_expanding_origin_smape,True,lower,3
official_only_nested,tourist_visits_test_2018,tourist_visits,31.6227766017,31.6227766017,False,4,37.4662058924,5.0078704307,0.3793253604,0.0001000000,selected_by_nested_expanding_origin_smape,True,lower,3
official_only_nested,tourist_visits_test_2018,tourist_visits,56.2341325190,56.2341325190,False,4,39.8970602182,5.9082990260,0.4046717232,0.0001000000,selected_by_nested_expanding_origin_smape,True,lower,3
official_only_nested,tourist_visits_test_2018,tourist_visits,100.0000000000,100.0000000000,False,4,41.4558420787,6.5256584613,0.4210095938,0.0001000000,selected_by_nested_expanding_origin_smape,True,lower,3
official_only_nested,tourist_visits_test_2018,tourist_visits,177.8279410039,177.8279410039,False,4,42.4039962436,6.9162614425,0.4309821482,0.0001000000,selected_by_nested_expanding_origin_smape,True,lower,3
official_only_nested,tourist_visits_test_2018,tourist_visits,316.2277660168,316.2277660168,False,4,42.9621664260,7.1515021595,0.4368657824,0.0001000000,selected_by_nested_expanding_origin_smape,True,lower,3
official_only_nested,tourist_visits_test_2018,tourist_visits,562.3413251903,562.3413251903,False,4,43.2844157165,7.2890934527,0.4402670559,0.0001000000,selected_by_nested_expanding_origin_smape,True,lower,3
official_only_nested,tourist_visits_test_2018,tourist_visits,1000.0000000000,1000.0000000000,False,4,43.4683642495,7.3682167898,0.4422100829,0.0001000000,selected_by_nested_expanding_origin_smape,True,lower,3
official_only_nested,tourist_visits_test_2019,tourist_visits,0.0001000000,0.0001000000,False,5,7.5990324459,0.8535971862,0.0760280193,0.0001000000,selected_by_nested_expanding_origin_smape,True,lower,3
official_only_nested,tourist_visits_test_2019,tourist_visits,0.0001778279,0.0001778279,False,5,7.5994562352,0.8536085881,0.0760322634,0.0001000000,selected_by_nested_expanding_origin_smape,True,lower,3
official_only_nested,tourist_visits_test_2019,tourist_visits,0.0003162278,0.0003162278,False,5,7.6002098259,0.8536288662,0.0760398104,0.0001000000,selected_by_nested_expanding_origin_smape,True,lower,3
official_only_nested,tourist_visits_test_2019,tourist_visits,0.0005623413,0.0005623413,False,5,7.6015498414,0.8536649343,0.0760532302,0.0001000000,selected_by_nested_expanding_origin_smape,True,lower,3
official_only_nested,tourist_visits_test_2019,tourist_visits,0.0010000000,0.0010000000,False,5,7.6039325128,0.8537290984,0.0760770919,0.0001000000,selected_by_nested_expanding_origin_smape,True,lower,3
official_only_nested,tourist_visits_test_2019,tourist_visits,0.0017782794,0.0017782794,False,5,7.6081687758,0.8538432787,0.0761195168,0.0001000000,selected_by_nested_expanding_origin_smape,True,lower,3
official_only_nested,tourist_visits_test_2019,tourist_visits,0.0031622777,0.0031622777,False,5,7.6156995303,0.8540465706,0.0761949351,0.0001000000,selected_by_nested_expanding_origin_smape,True,lower,3
official_only_nested,tourist_visits_test_2019,tourist_visits,0.0056234133,0.0056234133,False,5,7.6290834013,0.8544088541,0.0763289714,0.0001000000,selected_by_nested_expanding_origin_smape,True,lower,3
official_only_nested,tourist_visits_test_2019,tourist_visits,0.0100000000,0.0100000000,False,5,7.6528586686,0.8550554952,0.0765670766,0.0001000000,selected_by_nested_expanding_origin_smape,True,lower,3
official_only_nested,tourist_visits_test_2019,tourist_visits,0.0177827941,0.0177827941,False,5,7.6950588877,0.8562127341,0.0769897100,0.0001000000,selected_by_nested_expanding_origin_smape,True,lower,3
official_only_nested,tourist_visits_test_2019,tourist_visits,0.0316227766,0.0316227766,False,5,7.7698543930,0.8582923834,0.0777388009,0.0001000000,selected_by_nested_expanding_origin_smape,True,lower,3
official_only_nested,tourist_visits_test_2019,tourist_visits,0.0562341325,0.0562341325,False,5,7.9020825369,0.8620516730,0.0790631444,0.0001000000,selected_by_nested_expanding_origin_smape,True,lower,3
official_only_nested,tourist_visits_test_2019,tourist_visits,0.1000000000,0.1000000000,False,5,8.1347901455,0.8688895665,0.0813940200,0.0001000000,selected_by_nested_expanding_origin_smape,True,lower,3
official_only_nested,tourist_visits_test_2019,tourist_visits,0.1778279410,0.1778279410,False,5,8.5411020979,0.8813330273,0.0854643117,0.0001000000,selected_by_nested_expanding_origin_smape,True,lower,3
official_only_nested,tourist_visits_test_2019,tourist_visits,0.3162277660,0.3162277660,False,5,9.2408638313,0.9034749685,0.0924759715,0.0001000000,selected_by_nested_expanding_origin_smape,True,lower,3
official_only_nested,tourist_visits_test_2019,tourist_visits,0.5623413252,0.5623413252,False,5,10.4182072471,0.9397479843,0.1042782757,0.0001000000,selected_by_nested_expanding_origin_smape,True,lower,3
official_only_nested,tourist_visits_test_2019,tourist_visits,1.0000000000,1.0000000000,False,5,12.3242163736,0.9877821435,0.1234008928,0.0001000000,selected_by_nested_expanding_origin_smape,True,lower,3
official_only_nested,tourist_visits_test_2019,tourist_visits,1.7782794100,1.7782794100,False,5,15.2283158213,1.0282245926,0.1525816915,0.0001000000,selected_by_nested_expanding_origin_smape,True,lower,3
official_only_nested,tourist_visits_test_2019,tourist_visits,3.1622776602,3.1622776602,False,5,19.2758941034,1.0729848318,0.1933636293,0.0001000000,selected_by_nested_expanding_origin_smape,True,lower,3
official_only_nested,tourist_visits_test_2019,tourist_visits,5.6234132519,5.6234132519,False,5,24.2813751969,1.3806569050,0.2440268339,0.0001000000,selected_by_nested_expanding_origin_smape,True,lower,3
official_only_nested,tourist_visits_test_2019,tourist_visits,10.0000000000,10.0000000000,False,5,29.6426315497,2.2855759113,0.2986574998,0.0001000000,selected_by_nested_expanding_origin_smape,True,lower,3
official_only_nested,tourist_visits_test_2019,tourist_visits,17.7827941004,17.7827941004,False,5,34.5713209174,3.5953829622,0.3493116731,0.0001000000,selected_by_nested_expanding_origin_smape,True,lower,3
official_only_nested,tourist_visits_test_2019,tourist_visits,31.6227766017,31.6227766017,False,5,38.4998640984,4.9143993653,0.3900572960,0.0001000000,selected_by_nested_expanding_origin_smape,True,lower,3
official_only_nested,tourist_visits_test_2019,tourist_visits,56.2341325190,56.2341325190,False,5,41.2844961289,5.9838023086,0.4191766350,0.0001000000,selected_by_nested_expanding_origin_smape,True,lower,3
official_only_nested,tourist_visits_test_2019,tourist_visits,100.0000000000,100.0000000000,False,5,43.0953655171,6.7363453956,0.4382338535,0.0001000000,selected_by_nested_expanding_origin_smape,True,lower,3
official_only_nested,tourist_visits_test_2019,tourist_visits,177.8279410039,177.8279410039,False,5,44.2069140507,7.2200115895,0.4499829516,0.0001000000,selected_by_nested_expanding_origin_smape,True,lower,3
official_only_nested,tourist_visits_test_2019,tourist_visits,316.2277660168,316.2277660168,False,5,44.8649265034,7.5140180272,0.4569576187,0.0001000000,selected_by_nested_expanding_origin_smape,True,lower,3
official_only_nested,tourist_visits_test_2019,tourist_visits,562.3413251903,562.3413251903,False,5,45.2460705284,7.6869116378,0.4610044326,0.0001000000,selected_by_nested_expanding_origin_smape,True,lower,3
official_only_nested,tourist_visits_test_2019,tourist_visits,1000.0000000000,1000.0000000000,False,5,45.4640527212,7.7866441024,0.4633211679,0.0001000000,selected_by_nested_expanding_origin_smape,True,lower,3
official_only_nested,tourist_visits_test_2023,tourist_visits,0.0001000000,0.0001000000,False,6,6.4363232290,2.9486028663,0.0643946480,0.0001000000,selected_by_nested_expanding_origin_smape,True,lower,3
official_only_nested,tourist_visits_test_2023,tourist_visits,0.0001778279,0.0001778279,False,6,6.4367347399,2.9486345569,0.0643987683,0.0001000000,selected_by_nested_expanding_origin_smape,True,lower,3
official_only_nested,tourist_visits_test_2023,tourist_visits,0.0003162278,0.0003162278,False,6,6.4374664984,2.9486909071,0.0644060951,0.0001000000,selected_by_nested_expanding_origin_smape,True,lower,3
official_only_nested,tourist_visits_test_2023,tourist_visits,0.0005623413,0.0005623413,False,6,6.4387676971,2.9487910991,0.0644191235,0.0001000000,selected_by_nested_expanding_origin_smape,True,lower,3
official_only_nested,tourist_visits_test_2023,tourist_visits,0.0010000000,0.0010000000,False,6,6.4410813632,2.9489692224,0.0644422893,0.0001000000,selected_by_nested_expanding_origin_smape,True,lower,3
official_only_nested,tourist_visits_test_2023,tourist_visits,0.0017782794,0.0017782794,False,6,6.4451949848,2.9492858301,0.0644834775,0.0001000000,selected_by_nested_expanding_origin_smape,True,lower,3
official_only_nested,tourist_visits_test_2023,tourist_visits,0.0031622777,0.0031622777,False,6,6.4525078670,2.9498483876,0.0645566988,0.0001000000,selected_by_nested_expanding_origin_smape,True,lower,3
official_only_nested,tourist_visits_test_2023,tourist_visits,0.0056234133,0.0056234133,False,6,6.4655049905,2.9508473189,0.0646868348,0.0001000000,selected_by_nested_expanding_origin_smape,True,lower,3
official_only_nested,tourist_visits_test_2023,tourist_visits,0.0100000000,0.0100000000,False,6,6.4885946921,2.9526191020,0.0649180260,0.0001000000,selected_by_nested_expanding_origin_smape,True,lower,3
official_only_nested,tourist_visits_test_2023,tourist_visits,0.0177827941,0.0177827941,False,6,6.5295826511,2.9557552920,0.0653284323,0.0001000000,selected_by_nested_expanding_origin_smape,True,lower,3
official_only_nested,tourist_visits_test_2023,tourist_visits,0.0316227766,0.0316227766,False,6,6.6022440029,2.9612863405,0.0660559937,0.0001000000,selected_by_nested_expanding_origin_smape,True,lower,3
official_only_nested,tourist_visits_test_2023,tourist_visits,0.0562341325,0.0562341325,False,6,6.7307445436,2.9709767145,0.0673427206,0.0001000000,selected_by_nested_expanding_origin_smape,True,lower,3
official_only_nested,tourist_visits_test_2023,tourist_visits,0.1000000000,0.1000000000,False,6,6.9570328744,2.9877497219,0.0696087778,0.0001000000,selected_by_nested_expanding_origin_smape,True,lower,3
official_only_nested,tourist_visits_test_2023,tourist_visits,0.1778279410,0.1778279410,False,6,7.3525697354,3.0161321895,0.0735701453,0.0001000000,selected_by_nested_expanding_origin_smape,True,lower,3
official_only_nested,tourist_visits_test_2023,tourist_visits,0.3162277660,0.3162277660,False,6,8.0350772049,3.0621139667,0.0804069952,0.0001000000,selected_by_nested_expanding_origin_smape,True,lower,3
official_only_nested,tourist_visits_test_2023,tourist_visits,0.5623413252,0.5623413252,False,6,9.1871692491,3.1303719163,0.0919522490,0.0001000000,selected_by_nested_expanding_origin_smape,True,lower,3
official_only_nested,tourist_visits_test_2023,tourist_visits,1.0000000000,1.0000000000,False,6,11.0626117151,3.2141015443,0.1107598847,0.0001000000,selected_by_nested_expanding_origin_smape,True,lower,3
official_only_nested,tourist_visits_test_2023,tourist_visits,1.7782794100,1.7782794100,False,6,13.9456850468,3.2736290065,0.1397115692,0.0001000000,selected_by_nested_expanding_origin_smape,True,lower,3
official_only_nested,tourist_visits_test_2023,tourist_visits,3.1622776602,3.1622776602,False,6,18.0186883819,3.2255905686,0.1807132686,0.0001000000,selected_by_nested_expanding_origin_smape,True,lower,3
official_only_nested,tourist_visits_test_2023,tourist_visits,5.6234132519,5.6234132519,False,6,23.1515116134,3.0305974815,0.2326008255,0.0001000000,selected_by_nested_expanding_origin_smape,True,lower,3
official_only_nested,tourist_visits_test_2023,tourist_visits,10.0000000000,10.0000000000,False,6,28.7796336980,2.9406933791,0.2898608715,0.0001000000,selected_by_nested_expanding_origin_smape,True,lower,3
official_only_nested,tourist_visits_test_2023,tourist_visits,17.7827941004,17.7827941004,False,6,34.0869279587,3.4277167541,0.3443157182,0.0001000000,selected_by_nested_expanding_origin_smape,True,lower,3
official_only_nested,tourist_visits_test_2023,tourist_visits,31.6227766017,31.6227766017,False,6,38.4190931151,4.4000227963,0.3891864850,0.0001000000,selected_by_nested_expanding_origin_smape,True,lower,3
official_only_nested,tourist_visits_test_2023,tourist_visits,56.2341325190,56.2341325190,False,6,41.5497342728,5.3913652902,0.4218996852,0.0001000000,selected_by_nested_expanding_origin_smape,True,lower,3
official_only_nested,tourist_visits_test_2023,tourist_visits,100.0000000000,100.0000000000,False,6,43.6141682293,6.1577282302,0.4436244758,0.0001000000,selected_by_nested_expanding_origin_smape,True,lower,3
official_only_nested,tourist_visits_test_2023,tourist_visits,177.8279410039,177.8279410039,False,6,44.8930355944,6.6728877196,0.4571497747,0.0001000000,selected_by_nested_expanding_origin_smape,True,lower,3
official_only_nested,tourist_visits_test_2023,tourist_visits,316.2277660168,316.2277660168,False,6,45.6544079576,6.9934297258,0.4652281101,0.0001000000,selected_by_nested_expanding_origin_smape,True,lower,3
official_only_nested,tourist_visits_test_2023,tourist_visits,562.3413251903,562.3413251903,False,6,46.0969145383,7.1843233221,0.4699324968,0.0001000000,selected_by_nested_expanding_origin_smape,True,lower,3
official_only_nested,tourist_visits_test_2023,tourist_visits,1000.0000000000,1000.0000000000,False,6,46.3504883944,7.2952087234,0.4726314464,0.0001000000,selected_by_nested_expanding_origin_smape,True,lower,3
fold_local_augmented_nested,tourism_comprehensive_income_test_2015,tourism_comprehensive_income,0.0001000000,0.0001000000,True,1,10.0521583254,,0.1006063559,0.1000000000,fallback_insufficient_inner_validations,False,none,3
fold_local_augmented_nested,tourism_comprehensive_income_test_2015,tourism_comprehensive_income,0.0001778279,0.0001778279,True,1,10.0527629989,,0.1006124179,0.1000000000,fallback_insufficient_inner_validations,False,none,3
fold_local_augmented_nested,tourism_comprehensive_income_test_2015,tourism_comprehensive_income,0.0003162278,0.0003162278,True,1,10.0538382277,,0.1006231975,0.1000000000,fallback_insufficient_inner_validations,False,none,3
fold_local_augmented_nested,tourism_comprehensive_income_test_2015,tourism_comprehensive_income,0.0005623413,0.0005623413,True,1,10.0557501285,,0.1006423649,0.1000000000,fallback_insufficient_inner_validations,False,none,3
fold_local_augmented_nested,tourism_comprehensive_income_test_2015,tourism_comprehensive_income,0.0010000000,0.0010000000,True,1,10.0591495273,,0.1006764451,0.1000000000,fallback_insufficient_inner_validations,False,none,3
fold_local_augmented_nested,tourism_comprehensive_income_test_2015,tourism_comprehensive_income,0.0017782794,0.0017782794,True,1,10.0651930429,,0.1007370336,0.1000000000,fallback_insufficient_inner_validations,False,none,3
fold_local_augmented_nested,tourism_comprehensive_income_test_2015,tourism_comprehensive_income,0.0031622777,0.0031622777,True,1,10.0759351557,,0.1008447278,0.1000000000,fallback_insufficient_inner_validations,False,none,3
fold_local_augmented_nested,tourism_comprehensive_income_test_2015,tourism_comprehensive_income,0.0056234133,0.0056234133,True,1,10.0950220065,,0.1010360829,0.1000000000,fallback_insufficient_inner_validations,False,none,3
fold_local_augmented_nested,tourism_comprehensive_income_test_2015,tourism_comprehensive_income,0.0100000000,0.0100000000,True,1,10.1289144291,,0.1013758757,0.1000000000,fallback_insufficient_inner_validations,False,none,3
fold_local_augmented_nested,tourism_comprehensive_income_test_2015,tourism_comprehensive_income,0.0177827941,0.0177827941,True,1,10.1890291116,,0.1019785776,0.1000000000,fallback_insufficient_inner_validations,False,none,3
fold_local_augmented_nested,tourism_comprehensive_income_test_2015,tourism_comprehensive_income,0.0316227766,0.0316227766,True,1,10.2954407377,,0.1030454920,0.1000000000,fallback_insufficient_inner_validations,False,none,3
fold_local_augmented_nested,tourism_comprehensive_income_test_2015,tourism_comprehensive_income,0.0562341325,0.0562341325,True,1,10.4831387990,,0.1049275513,0.1000000000,fallback_insufficient_inner_validations,False,none,3
fold_local_augmented_nested,tourism_comprehensive_income_test_2015,tourism_comprehensive_income,0.1000000000,0.1000000000,True,1,10.8121582835,,0.1082270989,0.1000000000,fallback_insufficient_inner_validations,False,none,3
fold_local_augmented_nested,tourism_comprehensive_income_test_2015,tourism_comprehensive_income,0.1778279410,0.1778279410,True,1,11.3826457410,,0.1139495958,0.1000000000,fallback_insufficient_inner_validations,False,none,3
fold_local_augmented_nested,tourism_comprehensive_income_test_2015,tourism_comprehensive_income,0.3162277660,0.3162277660,True,1,12.3533547829,,0.1236910075,0.1000000000,fallback_insufficient_inner_validations,False,none,3
fold_local_augmented_nested,tourism_comprehensive_income_test_2015,tourism_comprehensive_income,0.5623413252,0.5623413252,True,1,13.9532866354,,0.1397599151,0.1000000000,fallback_insufficient_inner_validations,False,none,3
fold_local_augmented_nested,tourism_comprehensive_income_test_2015,tourism_comprehensive_income,1.0000000000,1.0000000000,True,1,16.4567884977,,0.1649408115,0.1000000000,fallback_insufficient_inner_validations,False,none,3
fold_local_augmented_nested,tourism_comprehensive_income_test_2015,tourism_comprehensive_income,1.7782794100,1.7782794100,True,1,20.0724170281,,0.2014022074,0.1000000000,fallback_insufficient_inner_validations,False,none,3
fold_local_augmented_nested,tourism_comprehensive_income_test_2015,tourism_comprehensive_income,3.1622776602,3.1622776602,True,1,24.7325403106,,0.2485978371,0.1000000000,fallback_insufficient_inner_validations,False,none,3
fold_local_augmented_nested,tourism_comprehensive_income_test_2015,tourism_comprehensive_income,5.6234132519,5.6234132519,True,1,29.9312944554,,0.3015780389,0.1000000000,fallback_insufficient_inner_validations,False,none,3
fold_local_augmented_nested,tourism_comprehensive_income_test_2015,tourism_comprehensive_income,10.0000000000,10.0000000000,True,1,34.8743097367,,0.3523435758,0.1000000000,fallback_insufficient_inner_validations,False,none,3
fold_local_augmented_nested,tourism_comprehensive_income_test_2015,tourism_comprehensive_income,17.7827941004,17.7827941004,True,1,38.9092998391,,0.3941164199,0.1000000000,fallback_insufficient_inner_validations,False,none,3
fold_local_augmented_nested,tourism_comprehensive_income_test_2015,tourism_comprehensive_income,31.6227766017,31.6227766017,True,1,41.8125608489,,0.4243822305,0.1000000000,fallback_insufficient_inner_validations,False,none,3
fold_local_augmented_nested,tourism_comprehensive_income_test_2015,tourism_comprehensive_income,56.2341325190,56.2341325190,True,1,43.7171886187,,0.4443412306,0.1000000000,fallback_insufficient_inner_validations,False,none,3
fold_local_augmented_nested,tourism_comprehensive_income_test_2015,tourism_comprehensive_income,100.0000000000,100.0000000000,True,1,44.8920873553,,0.4566965685,0.1000000000,fallback_insufficient_inner_validations,False,none,3
fold_local_augmented_nested,tourism_comprehensive_income_test_2015,tourism_comprehensive_income,177.8279410039,177.8279410039,True,1,45.5895262408,,0.4640470792,0.1000000000,fallback_insufficient_inner_validations,False,none,3
fold_local_augmented_nested,tourism_comprehensive_income_test_2015,tourism_comprehensive_income,316.2277660168,316.2277660168,True,1,45.9941305494,,0.4683169611,0.1000000000,fallback_insufficient_inner_validations,False,none,3
fold_local_augmented_nested,tourism_comprehensive_income_test_2015,tourism_comprehensive_income,562.3413251903,562.3413251903,True,1,46.2257294336,,0.4707629629,0.1000000000,fallback_insufficient_inner_validations,False,none,3
fold_local_augmented_nested,tourism_comprehensive_income_test_2015,tourism_comprehensive_income,1000.0000000000,1000.0000000000,True,1,46.3572829304,,0.4721529639,0.1000000000,fallback_insufficient_inner_validations,False,none,3
fold_local_augmented_nested,tourism_comprehensive_income_test_2017,tourism_comprehensive_income,0.0001000000,0.0001000000,True,2,9.2442077646,1.1426146408,0.0925095079,0.1000000000,fallback_insufficient_inner_validations,False,none,3
fold_local_augmented_nested,tourism_comprehensive_income_test_2017,tourism_comprehensive_income,0.0001778279,0.0001778279,True,2,9.2447910864,1.1426448367,0.0925153538,0.1000000000,fallback_insufficient_inner_validations,False,none,3
fold_local_augmented_nested,tourism_comprehensive_income_test_2017,tourism_comprehensive_income,0.0003162278,0.0003162278,True,2,9.2458283528,1.1426985236,0.0925257489,0.1000000000,fallback_insufficient_inner_validations,False,none,3
fold_local_augmented_nested,tourism_comprehensive_income_test_2017,tourism_comprehensive_income,0.0005623413,0.0005623413,True,2,9.2476727677,1.1427939632,0.0925442332,0.1000000000,fallback_insufficient_inner_validations,False,none,3
fold_local_augmented_nested,tourism_comprehensive_income_test_2017,tourism_comprehensive_income,0.0010000000,0.0010000000,True,2,9.2509522264,1.1429635839,0.0925770990,0.1000000000,fallback_insufficient_inner_validations,False,none,3
fold_local_augmented_nested,tourism_comprehensive_income_test_2017,tourism_comprehensive_income,0.0017782794,0.0017782794,True,2,9.2567826732,1.1432649088,0.0926355304,0.1000000000,fallback_insufficient_inner_validations,False,none,3
fold_local_augmented_nested,tourism_comprehensive_income_test_2017,tourism_comprehensive_income,0.0031622777,0.0031622777,True,2,9.2671465785,1.1437997750,0.0927393953,0.1000000000,fallback_insufficient_inner_validations,False,none,3
fold_local_augmented_nested,tourism_comprehensive_income_test_2017,tourism_comprehensive_income,0.0056234133,0.0056234133,True,2,9.2855630442,1.1447478427,0.0929239626,0.1000000000,fallback_insufficient_inner_validations,False,none,3
fold_local_augmented_nested,tourism_comprehensive_income_test_2017,tourism_comprehensive_income,0.0100000000,0.0100000000,True,2,9.3182701895,1.1464240779,0.0932517530,0.1000000000,fallback_insufficient_inner_validations,False,none,3
fold_local_augmented_nested,tourism_comprehensive_income_test_2017,tourism_comprehensive_income,0.0177827941,0.0177827941,True,2,9.3762986878,1.1493743879,0.0938333259,0.1000000000,fallback_insufficient_inner_validations,False,none,3
fold_local_augmented_nested,tourism_comprehensive_income_test_2017,tourism_comprehensive_income,0.0316227766,0.0316227766,True,2,9.4790681134,1.1545252373,0.0948633401,0.1000000000,fallback_insufficient_inner_validations,False,none,3
fold_local_augmented_nested,tourism_comprehensive_income_test_2017,tourism_comprehensive_income,0.0562341325,0.0562341325,True,2,9.6604998628,1.1633871405,0.0966818768,0.1000000000,fallback_insufficient_inner_validations,False,none,3
fold_local_augmented_nested,tourism_comprehensive_income_test_2017,tourism_comprehensive_income,0.1000000000,0.1000000000,True,2,9.9790238322,1.1782300403,0.0998749126,0.1000000000,fallback_insufficient_inner_validations,False,none,3
fold_local_augmented_nested,tourism_comprehensive_income_test_2017,tourism_comprehensive_income,0.1778279410,0.1778279410,True,2,10.5327984727,1.2018655327,0.1054274351,0.1000000000,fallback_insufficient_inner_validations,False,none,3
fold_local_augmented_nested,tourism_comprehensive_income_test_2017,tourism_comprehensive_income,0.3162277660,0.3162277660,True,2,11.4794507636,1.2358869164,0.1149230251,0.1000000000,fallback_insufficient_inner_validations,False,none,3
fold_local_augmented_nested,tourism_comprehensive_income_test_2017,tourism_comprehensive_income,0.5623413252,0.5623413252,True,2,13.0520132402,1.2745930589,0.1307085703,0.1000000000,fallback_insufficient_inner_validations,False,none,3
fold_local_augmented_nested,tourism_comprehensive_income_test_2017,tourism_comprehensive_income,1.0000000000,1.0000000000,True,2,15.5443579942,1.2903715928,0.1557609889,0.1000000000,fallback_insufficient_inner_validations,False,none,3
fold_local_augmented_nested,tourism_comprehensive_income_test_2017,tourism_comprehensive_income,1.7782794100,1.7782794100,True,2,19.2155185491,1.2118374505,0.1927533307,0.1000000000,fallback_insufficient_inner_validations,False,none,3
fold_local_augmented_nested,tourism_comprehensive_income_test_2017,tourism_comprehensive_income,3.1622776602,3.1622776602,True,2,24.0811773586,0.9211663208,0.2419883615,0.1000000000,fallback_insufficient_inner_validations,False,none,3
fold_local_augmented_nested,tourism_comprehensive_income_test_2017,tourism_comprehensive_income,5.6234132519,5.6234132519,True,2,29.7040125850,0.3214251037,0.2992539539,0.1000000000,fallback_insufficient_inner_validations,False,none,3
fold_local_augmented_nested,tourism_comprehensive_income_test_2017,tourism_comprehensive_income,10.0000000000,10.0000000000,True,2,35.2611709125,0.5471043215,0.3563363021,0.1000000000,fallback_insufficient_inner_validations,False,none,3
fold_local_augmented_nested,tourism_comprehensive_income_test_2017,tourism_comprehensive_income,17.7827941004,17.7827941004,True,2,39.9660094390,1.4944130477,0.4051231569,0.1000000000,fallback_insufficient_inner_validations,False,none,3
fold_local_augmented_nested,tourism_comprehensive_income_test_2017,tourism_comprehensive_income,31.6227766017,31.6227766017,True,2,43.4534279653,2.3205365300,0.4416043342,0.1000000000,fallback_insufficient_inner_validations,False,none,3
fold_local_augmented_nested,tourism_comprehensive_income_test_2017,tourism_comprehensive_income,56.2341325190,56.2341325190,True,2,45.7909101676,2.9326851390,0.4662266413,0.1000000000,fallback_insufficient_inner_validations,False,none,3
fold_local_augmented_nested,tourism_comprehensive_income_test_2017,tourism_comprehensive_income,100.0000000000,100.0000000000,True,2,47.2533459449,3.3393239216,0.4817067064,0.1000000000,fallback_insufficient_inner_validations,False,none,3
fold_local_augmented_nested,tourism_comprehensive_income_test_2017,tourism_comprehensive_income,177.8279410039,177.8279410039,True,2,48.1290983830,3.5914973662,0.4910057918,0.1000000000,fallback_insufficient_inner_validations,False,none,3
fold_local_augmented_nested,tourism_comprehensive_income_test_2017,tourism_comprehensive_income,316.2277660168,316.2277660168,True,2,48.6397984333,3.7415394029,0.4964389915,0.1000000000,fallback_insufficient_inner_validations,False,none,3
fold_local_augmented_nested,tourism_comprehensive_income_test_2017,tourism_comprehensive_income,562.3413251903,562.3413251903,True,2,48.9330126098,3.8286765849,0.4995619371,0.1000000000,fallback_insufficient_inner_validations,False,none,3
fold_local_augmented_nested,tourism_comprehensive_income_test_2017,tourism_comprehensive_income,1000.0000000000,1000.0000000000,True,2,49.0998537628,3.8785808669,0.5013400753,0.1000000000,fallback_insufficient_inner_validations,False,none,3
fold_local_augmented_nested,tourism_comprehensive_income_test_2018,tourism_comprehensive_income,0.0001000000,0.0001000000,True,3,8.7054087926,1.2343812642,0.0871113803,0.0001000000,selected_by_nested_expanding_origin_smape,True,lower,3
fold_local_augmented_nested,tourism_comprehensive_income_test_2018,tourism_comprehensive_income,0.0001778279,0.0001778279,True,3,8.7059553170,1.2344434253,0.0871168563,0.0001000000,selected_by_nested_expanding_origin_smape,True,lower,3
fold_local_augmented_nested,tourism_comprehensive_income_test_2018,tourism_comprehensive_income,0.0003162278,0.0003162278,True,3,8.7069271549,1.2345539524,0.0871265938,0.0001000000,selected_by_nested_expanding_origin_smape,True,lower,3
fold_local_augmented_nested,tourism_comprehensive_income_test_2018,tourism_comprehensive_income,0.0005623413,0.0005623413,True,3,8.7086552426,1.2347504598,0.0871439086,0.0001000000,selected_by_nested_expanding_origin_smape,True,lower,3
fold_local_augmented_nested,tourism_comprehensive_income_test_2018,tourism_comprehensive_income,0.0010000000,0.0010000000,True,3,8.7117279125,1.2350997771,0.0871746958,0.0001000000,selected_by_nested_expanding_origin_smape,True,lower,3
fold_local_augmented_nested,tourism_comprehensive_income_test_2018,tourism_comprehensive_income,0.0017782794,0.0017782794,True,3,8.7171908622,1.2357205564,0.0872294328,0.0001000000,selected_by_nested_expanding_origin_smape,True,lower,3
fold_local_augmented_nested,tourism_comprehensive_income_test_2018,tourism_comprehensive_income,0.0031622777,0.0031622777,True,3,8.7269019862,1.2368231971,0.0873267356,0.0001000000,selected_by_nested_expanding_origin_smape,True,lower,3
fold_local_augmented_nested,tourism_comprehensive_income_test_2018,tourism_comprehensive_income,0.0056234133,0.0056234133,True,3,8.7441599344,1.2387799618,0.0874996566,0.0001000000,selected_by_nested_expanding_origin_smape,True,lower,3
fold_local_augmented_nested,tourism_comprehensive_income_test_2018,tourism_comprehensive_income,0.0100000000,0.0100000000,True,3,8.7748141997,1.2422468845,0.0878068090,0.0001000000,selected_by_nested_expanding_origin_smape,True,lower,3
fold_local_augmented_nested,tourism_comprehensive_income_test_2018,tourism_comprehensive_income,0.0177827941,0.0177827941,True,3,8.8292150603,1.2483718308,0.0883519103,0.0001000000,selected_by_nested_expanding_origin_smape,True,lower,3
fold_local_augmented_nested,tourism_comprehensive_income_test_2018,tourism_comprehensive_income,0.0316227766,0.0316227766,True,3,8.9256056257,1.2591371798,0.0893177847,0.0001000000,selected_by_nested_expanding_origin_smape,True,lower,3
fold_local_augmented_nested,tourism_comprehensive_income_test_2018,tourism_comprehensive_income,0.0562341325,0.0562341325,True,3,9.0959191652,1.2778845456,0.0910245028,0.0001000000,selected_by_nested_expanding_origin_smape,True,lower,3
fold_local_augmented_nested,tourism_comprehensive_income_test_2018,tourism_comprehensive_income,0.1000000000,0.1000000000,True,3,9.3953685641,1.3099898587,0.0940256244,0.0001000000,selected_by_nested_expanding_origin_smape,True,lower,3
fold_local_augmented_nested,tourism_comprehensive_income_test_2018,tourism_comprehensive_income,0.1778279410,0.1778279410,True,3,9.9173430244,1.3633035634,0.0992579574,0.0001000000,selected_by_nested_expanding_origin_smape,True,lower,3
fold_local_augmented_nested,tourism_comprehensive_income_test_2018,tourism_comprehensive_income,0.3162277660,0.3162277660,True,3,10.8137082820,1.4468404854,0.1082464756,0.0001000000,selected_by_nested_expanding_origin_smape,True,lower,3
fold_local_augmented_nested,tourism_comprehensive_income_test_2018,tourism_comprehensive_income,0.5623413252,0.5623413252,True,3,12.3144304812,1.5634508985,0.1233053676,0.0001000000,selected_by_nested_expanding_origin_smape,True,lower,3
fold_local_augmented_nested,tourism_comprehensive_income_test_2018,tourism_comprehensive_income,1.0000000000,1.0000000000,True,3,14.7242891370,1.6882145052,0.1475168782,0.0001000000,selected_by_nested_expanding_origin_smape,True,lower,3
fold_local_augmented_nested,tourism_comprehensive_income_test_2018,tourism_comprehensive_income,1.7782794100,1.7782794100,True,3,18.3495035909,1.7274897182,0.1840217955,0.0001000000,selected_by_nested_expanding_origin_smape,True,lower,3
fold_local_augmented_nested,tourism_comprehensive_income_test_2018,tourism_comprehensive_income,3.1622776602,3.1622776602,True,3,23.3092212128,1.4872869825,0.2341650692,0.0001000000,selected_by_nested_expanding_origin_smape,True,lower,3
fold_local_augmented_nested,tourism_comprehensive_income_test_2018,tourism_comprehensive_income,5.6234132519,5.6234132519,True,3,29.2959335555,0.7424570908,0.2950848059,0.0001000000,selected_by_nested_expanding_origin_smape,True,lower,3
fold_local_augmented_nested,tourism_comprehensive_income_test_2018,tourism_comprehensive_income,10.0000000000,10.0000000000,True,3,35.5334679899,0.6099989053,0.3591482668,0.0001000000,selected_by_nested_expanding_origin_smape,True,lower,3
fold_local_augmented_nested,tourism_comprehensive_income_test_2018,tourism_comprehensive_income,17.7827941004,17.7827941004,True,3,41.1140880036,2.2518633062,0.4171217421,0.0001000000,selected_by_nested_expanding_origin_smape,True,lower,3
fold_local_augmented_nested,tourism_comprehensive_income_test_2018,tourism_comprehensive_income,31.6227766017,31.6227766017,True,3,45.4606037218,3.8443085784,0.4628125727,0.0001000000,selected_by_nested_expanding_origin_smape,True,lower,3
fold_local_augmented_nested,tourism_comprehensive_income_test_2018,tourism_comprehensive_income,56.2341325190,56.2341325190,True,3,48.4884715089,5.1118326100,0.4949751833,0.0001000000,selected_by_nested_expanding_origin_smape,True,lower,3
fold_local_augmented_nested,tourism_comprehensive_income_test_2018,tourism_comprehensive_income,100.0000000000,100.0000000000,True,3,50.4343971919,5.9943976541,0.5158102188,0.0001000000,selected_by_nested_expanding_origin_smape,True,lower,3
fold_local_augmented_nested,tourism_comprehensive_income_test_2018,tourism_comprehensive_income,177.8279410039,177.8279410039,True,3,51.6199400158,6.5579991293,0.5285730179,0.0001000000,selected_by_nested_expanding_origin_smape,True,lower,3
fold_local_augmented_nested,tourism_comprehensive_income_test_2018,tourism_comprehensive_income,316.2277660168,316.2277660168,True,3,52.3185887528,6.8992791794,0.5361201693,0.0001000000,selected_by_nested_expanding_origin_smape,True,lower,3
fold_local_augmented_nested,tourism_comprehensive_income_test_2018,tourism_comprehensive_income,562.3413251903,562.3413251903,True,3,52.7221986606,7.0995193485,0.5404892327,0.0001000000,selected_by_nested_expanding_origin_smape,True,lower,3
fold_local_augmented_nested,tourism_comprehensive_income_test_2018,tourism_comprehensive_income,1000.0000000000,1000.0000000000,True,3,52.9526768913,7.2148758097,0.5429871899,0.0001000000,selected_by_nested_expanding_origin_smape,True,lower,3
fold_local_augmented_nested,tourism_comprehensive_income_test_2019,tourism_comprehensive_income,0.0001000000,0.0001000000,True,4,7.4987405023,2.6153377451,0.0750315903,0.0001000000,selected_by_nested_expanding_origin_smape,True,lower,3
fold_local_augmented_nested,tourism_comprehensive_income_test_2019,tourism_comprehensive_income,0.0001778279,0.0001778279,True,4,7.4992577425,2.6154113493,0.0750367712,0.0001000000,selected_by_nested_expanding_origin_smape,True,lower,3
fold_local_augmented_nested,tourism_comprehensive_income_test_2019,tourism_comprehensive_income,0.0003162278,0.0003162278,True,4,7.5001775095,2.6155422258,0.0750459839,0.0001000000,selected_by_nested_expanding_origin_smape,True,lower,3
fold_local_augmented_nested,tourism_comprehensive_income_test_2019,tourism_comprehensive_income,0.0005623413,0.0005623413,True,4,7.5018130157,2.6157749218,0.0750623657,0.0001000000,selected_by_nested_expanding_origin_smape,True,lower,3
fold_local_augmented_nested,tourism_comprehensive_income_test_2019,tourism_comprehensive_income,0.0010000000,0.0010000000,True,4,7.5047210976,2.6161885975,0.0750914941,0.0001000000,selected_by_nested_expanding_origin_smape,True,lower,3
fold_local_augmented_nested,tourism_comprehensive_income_test_2019,tourism_comprehensive_income,0.0017782794,0.0017782794,True,4,7.5098915151,2.6169238397,0.0751432830,0.0001000000,selected_by_nested_expanding_origin_smape,True,lower,3
fold_local_augmented_nested,tourism_comprehensive_income_test_2019,tourism_comprehensive_income,0.0031622777,0.0031622777,True,4,7.5190829129,2.6182300771,0.0752353479,0.0001000000,selected_by_nested_expanding_origin_smape,True,lower,3
fold_local_augmented_nested,tourism_comprehensive_income_test_2019,tourism_comprehensive_income,0.0056234133,0.0056234133,True,4,7.5354181513,2.6205490496,0.0753989693,0.0001000000,selected_by_nested_expanding_origin_smape,True,lower,3
fold_local_augmented_nested,tourism_comprehensive_income_test_2019,tourism_comprehensive_income,0.0100000000,0.0100000000,True,4,7.5644363430,2.6246605695,0.0756896318,0.0001000000,selected_by_nested_expanding_origin_smape,True,lower,3
fold_local_augmented_nested,tourism_comprehensive_income_test_2019,tourism_comprehensive_income,0.0177827941,0.0177827941,True,4,7.6159428124,2.6319333216,0.0762055578,0.0001000000,selected_by_nested_expanding_origin_smape,True,lower,3
fold_local_augmented_nested,tourism_comprehensive_income_test_2019,tourism_comprehensive_income,0.0316227766,0.0316227766,True,4,7.7072334905,2.6447445242,0.0771200177,0.0001000000,selected_by_nested_expanding_origin_smape,True,lower,3
fold_local_augmented_nested,tourism_comprehensive_income_test_2019,tourism_comprehensive_income,0.0562341325,0.0562341325,True,4,7.8686254335,2.6671443324,0.0787367670,0.0001000000,selected_by_nested_expanding_origin_smape,True,lower,3
fold_local_augmented_nested,tourism_comprehensive_income_test_2019,tourism_comprehensive_income,0.1000000000,0.1000000000,True,4,8.1526667356,2.7057864460,0.0815824265,0.0001000000,selected_by_nested_expanding_origin_smape,True,lower,3
fold_local_augmented_nested,tourism_comprehensive_income_test_2019,tourism_comprehensive_income,0.1778279410,0.1778279410,True,4,8.6486363454,2.7708357861,0.0865521254,0.0001000000,selected_by_nested_expanding_origin_smape,True,lower,3
fold_local_augmented_nested,tourism_comprehensive_income_test_2019,tourism_comprehensive_income,0.3162277660,0.3162277660,True,4,9.5029038130,2.8754822814,0.0951146856,0.0001000000,selected_by_nested_expanding_origin_smape,True,lower,3
fold_local_augmented_nested,tourism_comprehensive_income_test_2019,tourism_comprehensive_income,0.5623413252,0.5623413252,True,4,10.9405293406,3.0298520070,0.1095327003,0.0001000000,selected_by_nested_expanding_origin_smape,True,lower,3
fold_local_augmented_nested,tourism_comprehensive_income_test_2019,tourism_comprehensive_income,1.0000000000,1.0000000000,True,4,13.2690457562,3.2204003890,0.1329106685,0.0001000000,selected_by_nested_expanding_origin_smape,True,lower,3
fold_local_augmented_nested,tourism_comprehensive_income_test_2019,tourism_comprehensive_income,1.7782794100,1.7782794100,True,4,16.8206690978,3.3673164560,0.1686399954,0.0001000000,selected_by_nested_expanding_origin_smape,True,lower,3
fold_local_augmented_nested,tourism_comprehensive_income_test_2019,tourism_comprehensive_income,3.1622776602,3.1622776602,True,4,21.7818194346,3.2873251254,0.2187293122,0.0001000000,selected_by_nested_expanding_origin_smape,True,lower,3
fold_local_augmented_nested,tourism_comprehensive_income_test_2019,tourism_comprehensive_income,5.6234132519,5.6234132519,True,4,27.9432724073,2.7724111796,0.2813131714,0.0001000000,selected_by_nested_expanding_origin_smape,True,lower,3
fold_local_augmented_nested,tourism_comprehensive_income_test_2019,tourism_comprehensive_income,10.0000000000,10.0000000000,True,4,34.5880860488,1.9552631114,0.3494182351,0.0001000000,selected_by_nested_expanding_origin_smape,True,lower,3
fold_local_augmented_nested,tourism_comprehensive_income_test_2019,tourism_comprehensive_income,17.7827941004,17.7827941004,True,4,40.7517239558,1.9763155228,0.4133345330,0.0001000000,selected_by_nested_expanding_origin_smape,True,lower,3
fold_local_augmented_nested,tourism_comprehensive_income_test_2019,tourism_comprehensive_income,31.6227766017,31.6227766017,True,4,45.7111042274,3.1785962799,0.4654259627,0.0001000000,selected_by_nested_expanding_origin_smape,True,lower,3
fold_local_augmented_nested,tourism_comprehensive_income_test_2019,tourism_comprehensive_income,56.2341325190,56.2341325190,True,4,49.2552550291,4.4466147748,0.5030947928,0.0001000000,selected_by_nested_expanding_origin_smape,True,lower,3
fold_local_augmented_nested,tourism_comprehensive_income_test_2019,tourism_comprehensive_income,100.0000000000,100.0000000000,True,4,51.5741334834,5.3991848841,0.5279721091,0.0001000000,selected_by_nested_expanding_origin_smape,True,lower,3
fold_local_augmented_nested,tourism_comprehensive_income_test_2019,tourism_comprehensive_income,177.8279410039,177.8279410039,True,4,53.0033305911,6.0271590590,0.5434054087,0.0001000000,selected_by_nested_expanding_origin_smape,True,lower,3
fold_local_augmented_nested,tourism_comprehensive_income_test_2019,tourism_comprehensive_income,316.2277660168,316.2277660168,True,4,53.8515431523,6.4135142910,0.5526035478,0.0001000000,selected_by_nested_expanding_origin_smape,True,lower,3
fold_local_augmented_nested,tourism_comprehensive_income_test_2019,tourism_comprehensive_income,562.3413251903,562.3413251903,True,4,54.3436068572,6.6421363139,0.5579532638,0.0001000000,selected_by_nested_expanding_origin_smape,True,lower,3
fold_local_augmented_nested,tourism_comprehensive_income_test_2019,tourism_comprehensive_income,1000.0000000000,1000.0000000000,True,4,54.6252755501,6.7744594171,0.5610201971,0.0001000000,selected_by_nested_expanding_origin_smape,True,lower,3
fold_local_augmented_nested,tourism_comprehensive_income_test_2021,tourism_comprehensive_income,0.0001000000,0.0001000000,True,5,7.5867351466,2.2734794760,0.0759110463,0.0001000000,selected_by_nested_expanding_origin_smape,True,lower,3
fold_local_augmented_nested,tourism_comprehensive_income_test_2021,tourism_comprehensive_income,0.0001778279,0.0001778279,True,5,7.5872269096,2.2735380503,0.0759159719,0.0001000000,selected_by_nested_expanding_origin_smape,True,lower,3
fold_local_augmented_nested,tourism_comprehensive_income_test_2021,tourism_comprehensive_income,0.0003162278,0.0003162278,True,5,7.5881013746,2.2736422061,0.0759247308,0.0001000000,selected_by_nested_expanding_origin_smape,True,lower,3
fold_local_augmented_nested,tourism_comprehensive_income_test_2021,tourism_comprehensive_income,0.0005623413,0.0005623413,True,5,7.5896563324,2.2738274061,0.0759403057,0.0001000000,selected_by_nested_expanding_origin_smape,True,lower,3
fold_local_augmented_nested,tourism_comprehensive_income_test_2021,tourism_comprehensive_income,0.0010000000,0.0010000000,True,5,7.5924212115,2.2741566862,0.0759679995,0.0001000000,selected_by_nested_expanding_origin_smape,True,lower,3
fold_local_augmented_nested,tourism_comprehensive_income_test_2021,tourism_comprehensive_income,0.0017782794,0.0017782794,True,5,7.5973370849,2.2747420569,0.0760172383,0.0001000000,selected_by_nested_expanding_origin_smape,True,lower,3
fold_local_augmented_nested,tourism_comprehensive_income_test_2021,tourism_comprehensive_income,0.0031622777,0.0031622777,True,5,7.6060761812,2.2757824360,0.0761047719,0.0001000000,selected_by_nested_expanding_origin_smape,True,lower,3
fold_local_augmented_nested,tourism_comprehensive_income_test_2021,tourism_comprehensive_income,0.0056234133,0.0056234133,True,5,7.6216082040,2.2776307024,0.0762603465,0.0001000000,selected_by_nested_expanding_origin_smape,True,lower,3
fold_local_augmented_nested,tourism_comprehensive_income_test_2021,tourism_comprehensive_income,0.0100000000,0.0100000000,True,5,7.6492015343,2.2809116636,0.0765367340,0.0001000000,selected_by_nested_expanding_origin_smape,True,lower,3
fold_local_augmented_nested,tourism_comprehensive_income_test_2021,tourism_comprehensive_income,0.0177827941,0.0177827941,True,5,7.6981851722,2.2867277463,0.0770273843,0.0001000000,selected_by_nested_expanding_origin_smape,True,lower,3
fold_local_augmented_nested,tourism_comprehensive_income_test_2021,tourism_comprehensive_income,0.0316227766,0.0316227766,True,5,7.7850240385,2.2970115467,0.0778972402,0.0001000000,selected_by_nested_expanding_origin_smape,True,lower,3
fold_local_augmented_nested,tourism_comprehensive_income_test_2021,tourism_comprehensive_income,0.0562341325,0.0562341325,True,5,7.9386073434,2.3151093939,0.0794357449,0.0001000000,selected_by_nested_expanding_origin_smape,True,lower,3
fold_local_augmented_nested,tourism_comprehensive_income_test_2021,tourism_comprehensive_income,0.1000000000,0.1000000000,True,5,8.2090977531,2.3466747788,0.0821455973,0.0001000000,selected_by_nested_expanding_origin_smape,True,lower,3
fold_local_augmented_nested,tourism_comprehensive_income_test_2021,tourism_comprehensive_income,0.1778279410,0.1778279410,True,5,8.6819955879,2.4007732942,0.0868839965,0.0001000000,selected_by_nested_expanding_origin_smape,True,lower,3
fold_local_augmented_nested,tourism_comprehensive_income_test_2021,tourism_comprehensive_income,0.3162277660,0.3162277660,True,5,9.4982971271,2.4902620084,0.0950657073,0.0001000000,selected_by_nested_expanding_origin_smape,True,lower,3
fold_local_augmented_nested,tourism_comprehensive_income_test_2021,tourism_comprehensive_income,0.5623413252,0.5623413252,True,5,10.8771705307,2.6277507648,0.1088936487,0.0001000000,selected_by_nested_expanding_origin_smape,True,lower,3
fold_local_augmented_nested,tourism_comprehensive_income_test_2021,tourism_comprehensive_income,1.0000000000,1.0000000000,True,5,13.1245369208,2.8076053884,0.1314545326,0.0001000000,selected_by_nested_expanding_origin_smape,True,lower,3
fold_local_augmented_nested,tourism_comprehensive_income_test_2021,tourism_comprehensive_income,1.7782794100,1.7782794100,True,5,16.5870167877,2.9626140646,0.1662809608,0.0001000000,selected_by_nested_expanding_origin_smape,True,lower,3
fold_local_augmented_nested,tourism_comprehensive_income_test_2021,tourism_comprehensive_income,3.1622776602,3.1622776602,True,5,21.4975737036,2.9169946928,0.2158461886,0.0001000000,selected_by_nested_expanding_origin_smape,True,lower,3
fold_local_augmented_nested,tourism_comprehensive_income_test_2021,tourism_comprehensive_income,5.6234132519,5.6234132519,True,5,27.7250282489,2.4500715040,0.2790808627,0.0001000000,selected_by_nested_expanding_origin_smape,True,lower,3
fold_local_augmented_nested,tourism_comprehensive_income_test_2021,tourism_comprehensive_income,10.0000000000,10.0000000000,True,5,34.6150628724,1.6943816338,0.3496911748,0.0001000000,selected_by_nested_expanding_origin_smape,True,lower,3
fold_local_augmented_nested,tourism_comprehensive_income_test_2021,tourism_comprehensive_income,17.7827941004,17.7827941004,True,5,41.1825779382,1.9640628949,0.4178336505,0.0001000000,selected_by_nested_expanding_origin_smape,True,lower,3
fold_local_augmented_nested,tourism_comprehensive_income_test_2021,tourism_comprehensive_income,31.6227766017,31.6227766017,True,5,46.6008220187,3.3964090557,0.4748466464,0.0001000000,selected_by_nested_expanding_origin_smape,True,lower,3
fold_local_augmented_nested,tourism_comprehensive_income_test_2021,tourism_comprehensive_income,56.2341325190,56.2341325190,True,5,50.5512662481,4.8194929832,0.5169744820,0.0001000000,selected_by_nested_expanding_origin_smape,True,lower,3
fold_local_augmented_nested,tourism_comprehensive_income_test_2021,tourism_comprehensive_income,100.0000000000,100.0000000000,True,5,53.1732048788,5.8863014448,0.5452400234,0.0001000000,selected_by_nested_expanding_origin_smape,True,lower,3
fold_local_augmented_nested,tourism_comprehensive_income_test_2021,tourism_comprehensive_income,177.8279410039,177.8279410039,True,5,54.8043833731,6.5927187381,0.5629615074,0.0001000000,selected_by_nested_expanding_origin_smape,True,lower,3
fold_local_augmented_nested,tourism_comprehensive_income_test_2021,tourism_comprehensive_income,316.2277660168,316.2277660168,True,5,55.7780744368,7.0290460321,0.5735934463,0.0001000000,selected_by_nested_expanding_origin_smape,True,lower,3
fold_local_augmented_nested,tourism_comprehensive_income_test_2021,tourism_comprehensive_income,562.3413251903,562.3413251903,True,5,56.3448704103,7.2879187807,0.5798016316,0.0001000000,selected_by_nested_expanding_origin_smape,True,lower,3
fold_local_augmented_nested,tourism_comprehensive_income_test_2021,tourism_comprehensive_income,1000.0000000000,1000.0000000000,True,5,56.6699638221,7.4379920639,0.5833689611,0.0001000000,selected_by_nested_expanding_origin_smape,True,lower,3
fold_local_augmented_nested,tourism_comprehensive_income_test_2023,tourism_comprehensive_income,0.0001000000,0.0001000000,True,6,16.4617482110,21.8341500522,0.1679671600,0.0001000000,selected_by_nested_expanding_origin_smape,True,lower,3
fold_local_augmented_nested,tourism_comprehensive_income_test_2023,tourism_comprehensive_income,0.0001778279,0.0001778279,True,6,16.4621389756,21.8339086123,0.1679710549,0.0001000000,selected_by_nested_expanding_origin_smape,True,lower,3
fold_local_augmented_nested,tourism_comprehensive_income_test_2023,tourism_comprehensive_income,0.0003162278,0.0003162278,True,6,16.4628338410,21.8334792739,0.1679779809,0.0001000000,selected_by_nested_expanding_origin_smape,True,lower,3
fold_local_augmented_nested,tourism_comprehensive_income_test_2023,tourism_comprehensive_income,0.0005623413,0.0005623413,True,6,16.4640694320,21.8327158189,0.1679902965,0.0001000000,selected_by_nested_expanding_origin_smape,True,lower,3
fold_local_augmented_nested,tourism_comprehensive_income_test_2023,tourism_comprehensive_income,0.0010000000,0.0010000000,True,6,16.4662664242,21.8313582734,0.1680121947,0.0001000000,selected_by_nested_expanding_origin_smape,True,lower,3
fold_local_augmented_nested,tourism_comprehensive_income_test_2023,tourism_comprehensive_income,0.0017782794,0.0017782794,True,6,16.4701725515,21.8289444648,0.1680511286,0.0001000000,selected_by_nested_expanding_origin_smape,True,lower,3
fold_local_augmented_nested,tourism_comprehensive_income_test_2023,tourism_comprehensive_income,0.0031622777,0.0031622777,True,6,16.4771164022,21.8246529451,0.1681203407,0.0001000000,selected_by_nested_expanding_origin_smape,True,lower,3
fold_local_augmented_nested,tourism_comprehensive_income_test_2023,tourism_comprehensive_income,0.0056234133,0.0056234133,True,6,16.4894571304,21.8170242880,0.1682433455,0.0001000000,selected_by_nested_expanding_origin_smape,True,lower,3
fold_local_augmented_nested,tourism_comprehensive_income_test_2023,tourism_comprehensive_income,0.0100000000,0.0100000000,True,6,16.5113790916,21.8034674480,0.1684618506,0.0001000000,selected_by_nested_expanding_origin_smape,True,lower,3
fold_local_augmented_nested,tourism_comprehensive_income_test_2023,tourism_comprehensive_income,0.0177827941,0.0177827941,True,6,16.5502889538,21.7793881270,0.1688496816,0.0001000000,selected_by_nested_expanding_origin_smape,True,lower,3
fold_local_augmented_nested,tourism_comprehensive_income_test_2023,tourism_comprehensive_income,0.0316227766,0.0316227766,True,6,16.6192500884,21.7366581847,0.1695370488,0.0001000000,selected_by_nested_expanding_origin_smape,True,lower,3
fold_local_augmented_nested,tourism_comprehensive_income_test_2023,tourism_comprehensive_income,0.0562341325,0.0562341325,True,6,16.7411557739,21.6609542365,0.1707521468,0.0001000000,selected_by_nested_expanding_origin_smape,True,lower,3
fold_local_augmented_nested,tourism_comprehensive_income_test_2023,tourism_comprehensive_income,0.1000000000,0.1000000000,True,6,16.9556712573,21.5272105578,0.1728903648,0.0001000000,selected_by_nested_expanding_origin_smape,True,lower,3
fold_local_augmented_nested,tourism_comprehensive_income_test_2023,tourism_comprehensive_income,0.1778279410,0.1778279410,True,6,17.3301377399,21.2920911612,0.1766230301,0.0001000000,selected_by_nested_expanding_origin_smape,True,lower,3
fold_local_augmented_nested,tourism_comprehensive_income_test_2023,tourism_comprehensive_income,0.3162277660,0.3162277660,True,6,17.9747939017,20.8822199327,0.1830493655,0.0001000000,selected_by_nested_expanding_origin_smape,True,lower,3
fold_local_augmented_nested,tourism_comprehensive_income_test_2023,tourism_comprehensive_income,0.5623413252,0.5623413252,True,6,19.0585900577,20.1776562593,0.1938550691,0.0001000000,selected_by_nested_expanding_origin_smape,True,lower,3
fold_local_augmented_nested,tourism_comprehensive_income_test_2023,tourism_comprehensive_income,1.0000000000,1.0000000000,True,6,20.8104953817,18.9934163118,0.2113289629,0.0001000000,selected_by_nested_expanding_origin_smape,True,lower,3
fold_local_augmented_nested,tourism_comprehensive_income_test_2023,tourism_comprehensive_income,1.7782794100,1.7782794100,True,6,23.4714049929,17.0701631930,0.2378955093,0.0001000000,selected_by_nested_expanding_origin_smape,True,lower,3
fold_local_augmented_nested,tourism_comprehensive_income_test_2023,tourism_comprehensive_income,3.1622776602,3.1622776602,True,6,27.1546288864,14.1003803663,0.2747538023,0.0001000000,selected_by_nested_expanding_origin_smape,True,lower,3
fold_local_augmented_nested,tourism_comprehensive_income_test_2023,tourism_comprehensive_income,5.6234132519,5.6234132519,True,6,31.6394838883,9.8356523939,0.3198627496,0.0001000000,selected_by_nested_expanding_origin_smape,True,lower,3
fold_local_augmented_nested,tourism_comprehensive_income_test_2023,tourism_comprehensive_income,10.0000000000,10.0000000000,True,6,36.2808913221,4.3527749585,0.3670305412,0.0001000000,selected_by_nested_expanding_origin_smape,True,lower,3
fold_local_augmented_nested,tourism_comprehensive_income_test_2023,tourism_comprehensive_income,17.7827941004,17.7827941004,True,6,40.2576616054,2.8668546842,0.4082238093,0.0001000000,selected_by_nested_expanding_origin_smape,True,lower,3
fold_local_augmented_nested,tourism_comprehensive_income_test_2023,tourism_comprehensive_income,31.6227766017,31.6227766017,True,6,43.0486759173,9.2160147100,0.4380788928,0.0001000000,selected_by_nested_expanding_origin_smape,True,lower,3
fold_local_augmented_nested,tourism_comprehensive_income_test_2023,tourism_comprehensive_income,56.2341325190,56.2341325190,True,6,44.6710967402,15.0346390294,0.4563121119,0.0001000000,selected_by_nested_expanding_origin_smape,True,lower,3
fold_local_augmented_nested,tourism_comprehensive_income_test_2023,tourism_comprehensive_income,100.0000000000,100.0000000000,True,6,45.4794717256,19.5673200710,0.4660561523,0.0001000000,selected_by_nested_expanding_origin_smape,True,lower,3
fold_local_augmented_nested,tourism_comprehensive_income_test_2023,tourism_comprehensive_income,177.8279410039,177.8279410039,True,6,45.8429268974,22.7292183165,0.4708606792,0.0001000000,selected_by_nested_expanding_origin_smape,True,lower,3
fold_local_augmented_nested,tourism_comprehensive_income_test_2023,tourism_comprehensive_income,316.2277660168,316.2277660168,True,6,46.9643788097,22.4858483082,0.4828213771,0.0001000000,selected_by_nested_expanding_origin_smape,True,lower,3
fold_local_augmented_nested,tourism_comprehensive_income_test_2023,tourism_comprehensive_income,562.3413251903,562.3413251903,True,6,47.8415778622,21.8249149614,0.4920453163,0.0001000000,selected_by_nested_expanding_origin_smape,True,lower,3
fold_local_augmented_nested,tourism_comprehensive_income_test_2023,tourism_comprehensive_income,1000.0000000000,1000.0000000000,True,6,48.3530451532,21.4309541929,0.4974258635,0.0001000000,selected_by_nested_expanding_origin_smape,True,lower,3
fold_local_augmented_nested,tourist_visits_test_2015,tourist_visits,0.0001000000,0.0001000000,True,1,7.0929891915,,0.0709596520,0.1000000000,fallback_insufficient_inner_validations,False,none,3
fold_local_augmented_nested,tourist_visits_test_2015,tourist_visits,0.0001778279,0.0001778279,True,1,7.0934573159,,0.0709643392,0.1000000000,fallback_insufficient_inner_validations,False,none,3
fold_local_augmented_nested,tourist_visits_test_2015,tourist_visits,0.0003162278,0.0003162278,True,1,7.0942897321,,0.0709726738,0.1000000000,fallback_insufficient_inner_validations,False,none,3
fold_local_augmented_nested,tourist_visits_test_2015,tourist_visits,0.0005623413,0.0005623413,True,1,7.0957698748,,0.0709874939,0.1000000000,fallback_insufficient_inner_validations,False,none,3
fold_local_augmented_nested,tourist_visits_test_2015,tourist_visits,0.0010000000,0.0010000000,True,1,7.0984015847,,0.0710138442,0.1000000000,fallback_insufficient_inner_validations,False,none,3
fold_local_augmented_nested,tourist_visits_test_2015,tourist_visits,0.0017782794,0.0017782794,True,1,7.1030802433,,0.0710606898,0.1000000000,fallback_insufficient_inner_validations,False,none,3
fold_local_augmented_nested,tourist_visits_test_2015,tourist_visits,0.0031622777,0.0031622777,True,1,7.1113962333,,0.0711439549,0.1000000000,fallback_insufficient_inner_validations,False,none,3
fold_local_augmented_nested,tourist_visits_test_2015,tourist_visits,0.0056234133,0.0056234133,True,1,7.1261718387,,0.0712918983,0.1000000000,fallback_insufficient_inner_validations,False,none,3
fold_local_augmented_nested,tourist_visits_test_2015,tourist_visits,0.0100000000,0.0100000000,True,1,7.1524073841,,0.0715545885,0.1000000000,fallback_insufficient_inner_validations,False,none,3
fold_local_augmented_nested,tourist_visits_test_2015,tourist_visits,0.0177827941,0.0177827941,True,1,7.1989366609,,0.0720204810,0.1000000000,fallback_insufficient_inner_validations,False,none,3
fold_local_augmented_nested,tourist_visits_test_2015,tourist_visits,0.0316227766,0.0316227766,True,1,7.2812861474,,0.0728450565,0.1000000000,fallback_insufficient_inner_validations,False,none,3
fold_local_augmented_nested,tourist_visits_test_2015,tourist_visits,0.0562341325,0.0562341325,True,1,7.4264976592,,0.0742991376,0.1000000000,fallback_insufficient_inner_validations,False,none,3
fold_local_augmented_nested,tourist_visits_test_2015,tourist_visits,0.1000000000,0.1000000000,True,1,7.6809072960,,0.0768468685,0.1000000000,fallback_insufficient_inner_validations,False,none,3
fold_local_augmented_nested,tourist_visits_test_2015,tourist_visits,0.1778279410,0.1778279410,True,1,8.1216234745,,0.0812609213,0.1000000000,fallback_insufficient_inner_validations,False,none,3
fold_local_augmented_nested,tourist_visits_test_2015,tourist_visits,0.3162277660,0.3162277660,True,1,8.8703422120,,0.0887616529,0.1000000000,fallback_insufficient_inner_validations,False,none,3
fold_local_augmented_nested,tourist_visits_test_2015,tourist_visits,0.5623413252,0.5623413252,True,1,10.1011570348,,0.1010975900,0.1000000000,fallback_insufficient_inner_validations,False,none,3
fold_local_augmented_nested,tourist_visits_test_2015,tourist_visits,1.0000000000,1.0000000000,True,1,12.0190535985,,0.1203355373,0.1000000000,fallback_insufficient_inner_validations,False,none,3
fold_local_augmented_nested,tourist_visits_test_2015,tourist_visits,1.7782794100,1.7782794100,True,1,14.7717808996,,0.1479872986,0.1000000000,fallback_insufficient_inner_validations,False,none,3
fold_local_augmented_nested,tourist_visits_test_2015,tourist_visits,3.1622776602,3.1622776602,True,1,18.2901491023,,0.1834139479,0.1000000000,fallback_insufficient_inner_validations,False,none,3
fold_local_augmented_nested,tourist_visits_test_2015,tourist_visits,5.6234132519,5.6234132519,True,1,22.1764051136,,0.2226796650,0.1000000000,fallback_insufficient_inner_validations,False,none,3
fold_local_augmented_nested,tourist_visits_test_2015,tourist_visits,10.0000000000,10.0000000000,True,1,25.8341208112,,0.2597925773,0.1000000000,fallback_insufficient_inner_validations,False,none,3
fold_local_augmented_nested,tourist_visits_test_2015,tourist_visits,17.7827941004,17.7827941004,True,1,28.7932972284,,0.2899473491,0.1000000000,fallback_insufficient_inner_validations,False,none,3
fold_local_augmented_nested,tourist_visits_test_2015,tourist_visits,31.6227766017,31.6227766017,True,1,30.9078585301,,0.3115749680,0.1000000000,fallback_insufficient_inner_validations,False,none,3
fold_local_augmented_nested,tourist_visits_test_2015,tourist_visits,56.2341325190,56.2341325190,True,1,32.2884830654,,0.3257347184,0.1000000000,fallback_insufficient_inner_validations,False,none,3
fold_local_augmented_nested,tourist_visits_test_2015,tourist_visits,100.0000000000,100.0000000000,True,1,33.1375531421,,0.3344588347,0.1000000000,fallback_insufficient_inner_validations,False,none,3
fold_local_augmented_nested,tourist_visits_test_2015,tourist_visits,177.8279410039,177.8279410039,True,1,33.6406438445,,0.3396339802,0.1000000000,fallback_insufficient_inner_validations,False,none,3
fold_local_augmented_nested,tourist_visits_test_2015,tourist_visits,316.2277660168,316.2277660168,True,1,33.9321840035,,0.3426350264,0.1000000000,fallback_insufficient_inner_validations,False,none,3
fold_local_augmented_nested,tourist_visits_test_2015,tourist_visits,562.3413251903,562.3413251903,True,1,34.0989593467,,0.3443524592,0.1000000000,fallback_insufficient_inner_validations,False,none,3
fold_local_augmented_nested,tourist_visits_test_2015,tourist_visits,1000.0000000000,1000.0000000000,True,1,34.1936576658,,0.3453278751,0.1000000000,fallback_insufficient_inner_validations,False,none,3
fold_local_augmented_nested,tourist_visits_test_2016,tourist_visits,0.0001000000,0.0001000000,True,2,7.7630631694,0.9476277073,0.0776705279,0.1000000000,fallback_insufficient_inner_validations,False,none,3
fold_local_augmented_nested,tourist_visits_test_2016,tourist_visits,0.0001778279,0.0001778279,True,2,7.7635213158,0.9476135962,0.0776751163,0.1000000000,fallback_insufficient_inner_validations,False,none,3
fold_local_augmented_nested,tourist_visits_test_2016,tourist_visits,0.0003162278,0.0003162278,True,2,7.7643359933,0.9475885100,0.0776832754,0.1000000000,fallback_insufficient_inner_validations,False,none,3
fold_local_augmented_nested,tourist_visits_test_2016,tourist_visits,0.0005623413,0.0005623413,True,2,7.7657846077,0.9475439223,0.0776977835,0.1000000000,fallback_insufficient_inner_validations,False,none,3
fold_local_augmented_nested,tourist_visits_test_2016,tourist_visits,0.0010000000,0.0010000000,True,2,7.7683603017,0.9474647039,0.0777235795,0.1000000000,fallback_insufficient_inner_validations,False,none,3
fold_local_augmented_nested,tourist_visits_test_2016,tourist_visits,0.0017782794,0.0017782794,True,2,7.7729395074,0.9473240563,0.0777694410,0.1000000000,fallback_insufficient_inner_validations,False,none,3
fold_local_augmented_nested,tourist_visits_test_2016,tourist_visits,0.0031622777,0.0031622777,True,2,7.7810791448,0.9470746560,0.0778509611,0.1000000000,fallback_insufficient_inner_validations,False,none,3
fold_local_augmented_nested,tourist_visits_test_2016,tourist_visits,0.0056234133,0.0056234133,True,2,7.7955427319,0.9466333954,0.0779958175,0.1000000000,fallback_insufficient_inner_validations,False,none,3
fold_local_augmented_nested,tourist_visits_test_2016,tourist_visits,0.0100000000,0.0100000000,True,2,7.8212284214,0.9458557818,0.0782530679,0.1000000000,fallback_insufficient_inner_validations,False,none,3
fold_local_augmented_nested,tourist_visits_test_2016,tourist_visits,0.0177827941,0.0177827941,True,2,7.8667956282,0.9444952093,0.0787094446,0.1000000000,fallback_insufficient_inner_validations,False,none,3
fold_local_augmented_nested,tourist_visits_test_2016,tourist_visits,0.0316227766,0.0316227766,True,2,7.9474835517,0.9421454043,0.0795175917,0.1000000000,fallback_insufficient_inner_validations,False,none,3
fold_local_augmented_nested,tourist_visits_test_2016,tourist_visits,0.0562341325,0.0562341325,True,2,8.0898935402,0.9381834522,0.0809439930,0.1000000000,fallback_insufficient_inner_validations,False,none,3
fold_local_augmented_nested,tourist_visits_test_2016,tourist_visits,0.1000000000,0.1000000000,True,2,8.3397915333,0.9318030245,0.0834472116,0.1000000000,fallback_insufficient_inner_validations,False,none,3
fold_local_augmented_nested,tourist_visits_test_2016,tourist_visits,0.1778279410,0.1778279410,True,2,8.7738954190,0.9224518304,0.0877962416,0.1000000000,fallback_insufficient_inner_validations,False,none,3
fold_local_augmented_nested,tourist_visits_test_2016,tourist_visits,0.3162277660,0.3162277660,True,2,9.5149199654,0.9115706009,0.0952220752,0.1000000000,fallback_insufficient_inner_validations,False,none,3
fold_local_augmented_nested,tourist_visits_test_2016,tourist_visits,0.5623413252,0.5623413252,True,2,10.7429632082,0.9076509948,0.1075342456,0.1000000000,fallback_insufficient_inner_validations,False,none,3
fold_local_augmented_nested,tourist_visits_test_2016,tourist_visits,1.0000000000,1.0000000000,True,2,12.6818240965,0.9372990271,0.1269900229,0.1000000000,fallback_insufficient_inner_validations,False,none,3
fold_local_augmented_nested,tourist_visits_test_2016,tourist_visits,1.7782794100,1.7782794100,True,2,15.5212047146,1.0598453231,0.1555269821,0.1000000000,fallback_insufficient_inner_validations,False,none,3
fold_local_augmented_nested,tourist_visits_test_2016,tourist_visits,3.1622776602,3.1622776602,True,2,19.2544559756,1.3637358585,0.1931473071,0.1000000000,fallback_insufficient_inner_validations,False,none,3
fold_local_augmented_nested,tourist_visits_test_2016,tourist_visits,5.6234132519,5.6234132519,True,2,23.5265558605,1.9094014974,0.2363708434,0.1000000000,fallback_insufficient_inner_validations,False,none,3
fold_local_augmented_nested,tourist_visits_test_2016,tourist_visits,10.0000000000,10.0000000000,True,2,27.7048060791,2.6455484768,0.2788660284,0.1000000000,fallback_insufficient_inner_validations,False,none,3
fold_local_augmented_nested,tourist_visits_test_2016,tourist_visits,17.7827941004,17.7827941004,True,2,31.2082718093,3.4152898050,0.3147011460,0.1000000000,fallback_insufficient_inner_validations,False,none,3
fold_local_augmented_nested,tourist_visits_test_2016,tourist_visits,31.6227766017,31.6227766017,True,2,33.7851480660,4.0691018845,0.3411953928,0.1000000000,fallback_insufficient_inner_validations,False,none,3
fold_local_augmented_nested,tourist_visits_test_2016,tourist_visits,56.2341325190,56.2341325190,True,2,35.5027878164,4.5457133726,0.3589269221,0.1000000000,fallback_insufficient_inner_validations,False,none,3
fold_local_augmented_nested,tourist_visits_test_2016,tourist_visits,100.0000000000,100.0000000000,True,2,36.5735273529,4.8592013290,0.3700114592,0.1000000000,fallback_insufficient_inner_validations,False,none,3
fold_local_augmented_nested,tourist_visits_test_2016,tourist_visits,177.8279410039,177.8279410039,True,2,37.2132843491,5.0524766550,0.3766462795,0.1000000000,fallback_insufficient_inner_validations,False,none,3
fold_local_augmented_nested,tourist_visits_test_2016,tourist_visits,316.2277660168,316.2277660168,True,2,37.5858658135,5.1670863683,0.3805144812,0.1000000000,fallback_insufficient_inner_validations,False,none,3
fold_local_augmented_nested,tourist_visits_test_2016,tourist_visits,562.3413251903,562.3413251903,True,2,37.7996150381,5.2335174683,0.3827350840,0.1000000000,fallback_insufficient_inner_validations,False,none,3
fold_local_augmented_nested,tourist_visits_test_2016,tourist_visits,1000.0000000000,1000.0000000000,True,2,37.9211861758,5.2715213729,0.3839985323,0.1000000000,fallback_insufficient_inner_validations,False,none,3
fold_local_augmented_nested,tourist_visits_test_2017,tourist_visits,0.0001000000,0.0001000000,True,3,7.7585322074,0.6701199330,0.0776248587,0.0001000000,selected_by_nested_expanding_origin_smape,True,lower,3
fold_local_augmented_nested,tourist_visits_test_2017,tourist_visits,0.0001778279,0.0001778279,True,3,7.7589798957,0.6701101681,0.0776293423,0.0001000000,selected_by_nested_expanding_origin_smape,True,lower,3
fold_local_augmented_nested,tourist_visits_test_2017,tourist_visits,0.0003162278,0.0003162278,True,3,7.7597759798,0.6700928095,0.0776373152,0.0001000000,selected_by_nested_expanding_origin_smape,True,lower,3
fold_local_augmented_nested,tourist_visits_test_2017,tourist_visits,0.0005623413,0.0005623413,True,3,7.7611915421,0.6700619606,0.0776514922,0.0001000000,selected_by_nested_expanding_origin_smape,True,lower,3
fold_local_augmented_nested,tourist_visits_test_2017,tourist_visits,0.0010000000,0.0010000000,True,3,7.7637084993,0.6700071644,0.0776766998,0.0001000000,selected_by_nested_expanding_origin_smape,True,lower,3
fold_local_augmented_nested,tourist_visits_test_2017,tourist_visits,0.0017782794,0.0017782794,True,3,7.7681833780,0.6699099164,0.0777215164,0.0001000000,selected_by_nested_expanding_origin_smape,True,lower,3
fold_local_augmented_nested,tourist_visits_test_2017,tourist_visits,0.0031622777,0.0031622777,True,3,7.7761378827,0.6697375981,0.0778011820,0.0001000000,selected_by_nested_expanding_origin_smape,True,lower,3
fold_local_augmented_nested,tourist_visits_test_2017,tourist_visits,0.0056234133,0.0056234133,True,3,7.7902734835,0.6694331091,0.0779427530,0.0001000000,selected_by_nested_expanding_origin_smape,True,lower,3
fold_local_augmented_nested,tourist_visits_test_2017,tourist_visits,0.0100000000,0.0100000000,True,3,7.8153798053,0.6688977492,0.0781942000,0.0001000000,selected_by_nested_expanding_origin_smape,True,lower,3
fold_local_augmented_nested,tourist_visits_test_2017,tourist_visits,0.0177827941,0.0177827941,True,3,7.8599289588,0.6679648596,0.0786403785,0.0001000000,selected_by_nested_expanding_origin_smape,True,lower,3
fold_local_augmented_nested,tourist_visits_test_2017,tourist_visits,0.0316227766,0.0316227766,True,3,7.9388448378,0.6663654129,0.0794307735,0.0001000000,selected_by_nested_expanding_origin_smape,True,lower,3
fold_local_augmented_nested,tourist_visits_test_2017,tourist_visits,0.0562341325,0.0562341325,True,3,8.0782231121,0.6637037680,0.0808268006,0.0001000000,selected_by_nested_expanding_origin_smape,True,lower,3
fold_local_augmented_nested,tourist_visits_test_2017,tourist_visits,0.1000000000,0.1000000000,True,3,8.3230979994,0.6595183549,0.0832796845,0.0001000000,selected_by_nested_expanding_origin_smape,True,lower,3
fold_local_augmented_nested,tourist_visits_test_2017,tourist_visits,0.1778279410,0.1778279410,True,3,8.7493812193,0.6536524517,0.0875503186,0.0001000000,selected_by_nested_expanding_origin_smape,True,lower,3
fold_local_augmented_nested,tourist_visits_test_2017,tourist_visits,0.3162277660,0.3162277660,True,3,9.4797403760,0.6474513810,0.0948691592,0.0001000000,selected_by_nested_expanding_origin_smape,True,lower,3
fold_local_augmented_nested,tourist_visits_test_2017,tourist_visits,0.5623413252,0.5623413252,True,3,10.6977083572,0.6465749522,0.1070800332,0.0001000000,selected_by_nested_expanding_origin_smape,True,lower,3
fold_local_augmented_nested,tourist_visits_test_2017,tourist_visits,1.0000000000,1.0000000000,True,3,12.6405775911,0.6666097477,0.1265754410,0.0001000000,selected_by_nested_expanding_origin_smape,True,lower,3
fold_local_augmented_nested,tourist_visits_test_2017,tourist_visits,1.7782794100,1.7782794100,True,3,15.5320443205,0.7496589529,0.1556353011,0.0001000000,selected_by_nested_expanding_origin_smape,True,lower,3
fold_local_augmented_nested,tourist_visits_test_2017,tourist_visits,3.1622776602,3.1622776602,True,3,19.4234883736,1.0077716014,0.1948523482,0.0001000000,selected_by_nested_expanding_origin_smape,True,lower,3
fold_local_augmented_nested,tourist_visits_test_2017,tourist_visits,5.6234132519,5.6234132519,True,3,24.0137256667,1.5921401632,0.2413116248,0.0001000000,selected_by_nested_expanding_origin_smape,True,lower,3
fold_local_augmented_nested,tourist_visits_test_2017,tourist_visits,10.0000000000,10.0000000000,True,3,28.6605810691,2.4979953695,0.2886228397,0.0001000000,selected_by_nested_expanding_origin_smape,True,lower,3
fold_local_augmented_nested,tourist_visits_test_2017,tourist_visits,17.7827941004,17.7827941004,True,3,32.6906325368,3.5248095276,0.3299356475,0.0001000000,selected_by_nested_expanding_origin_smape,True,lower,3
fold_local_augmented_nested,tourist_visits_test_2017,tourist_visits,31.6227766017,31.6227766017,True,3,35.7404124685,4.4438690040,0.3614070610,0.0001000000,selected_by_nested_expanding_origin_smape,True,lower,3
fold_local_augmented_nested,tourist_visits_test_2017,tourist_visits,56.2341325190,56.2341325190,True,3,37.8166746925,5.1375064436,0.3829494484,0.0001000000,selected_by_nested_expanding_origin_smape,True,lower,3
fold_local_augmented_nested,tourist_visits_test_2017,tourist_visits,100.0000000000,100.0000000000,True,3,39.1294828757,5.6039847146,0.3966241874,0.0001000000,selected_by_nested_expanding_origin_smape,True,lower,3
fold_local_augmented_nested,tourist_visits_test_2017,tourist_visits,177.8279410039,177.8279410039,True,3,39.9208926896,5.8955227886,0.4048891299,0.0001000000,selected_by_nested_expanding_origin_smape,True,lower,3
fold_local_augmented_nested,tourist_visits_test_2017,tourist_visits,316.2277660168,316.2277660168,True,3,40.3842639153,6.0698011975,0.4097359743,0.0001000000,selected_by_nested_expanding_origin_smape,True,lower,3
fold_local_augmented_nested,tourist_visits_test_2017,tourist_visits,562.3413251903,562.3413251903,True,3,40.6509300450,6.1712919516,0.4125279299,0.0001000000,selected_by_nested_expanding_origin_smape,True,lower,3
fold_local_augmented_nested,tourist_visits_test_2017,tourist_visits,1000.0000000000,1000.0000000000,True,3,40.8028702282,6.2295086264,0.4141195945,0.0001000000,selected_by_nested_expanding_origin_smape,True,lower,3
fold_local_augmented_nested,tourist_visits_test_2018,tourist_visits,0.0001000000,0.0001000000,True,4,7.8976956121,0.6138726491,0.0790185987,0.0001000000,selected_by_nested_expanding_origin_smape,True,lower,3
fold_local_augmented_nested,tourist_visits_test_2018,tourist_visits,0.0001778279,0.0001778279,True,4,7.8981314285,0.6138547775,0.0790229637,0.0001000000,selected_by_nested_expanding_origin_smape,True,lower,3
fold_local_augmented_nested,tourist_visits_test_2018,tourist_visits,0.0003162278,0.0003162278,True,4,7.8989064042,0.6138230056,0.0790307256,0.0001000000,selected_by_nested_expanding_origin_smape,True,lower,3
fold_local_augmented_nested,tourist_visits_test_2018,tourist_visits,0.0005623413,0.0005623413,True,4,7.9002844399,0.6137665335,0.0790445274,0.0001000000,selected_by_nested_expanding_origin_smape,True,lower,3
fold_local_augmented_nested,tourist_visits_test_2018,tourist_visits,0.0010000000,0.0010000000,True,4,7.9027346959,0.6136661961,0.0790690683,0.0001000000,selected_by_nested_expanding_origin_smape,True,lower,3
fold_local_augmented_nested,tourist_visits_test_2018,tourist_visits,0.0017782794,0.0017782794,True,4,7.9070910611,0.6134880399,0.0791127001,0.0001000000,selected_by_nested_expanding_origin_smape,True,lower,3
fold_local_augmented_nested,tourist_visits_test_2018,tourist_visits,0.0031622777,0.0031622777,True,4,7.9148351314,0.6131720863,0.0791902622,0.0001000000,selected_by_nested_expanding_origin_smape,True,lower,3
fold_local_augmented_nested,tourist_visits_test_2018,tourist_visits,0.0056234133,0.0056234133,True,4,7.9285975180,0.6126129386,0.0793281023,0.0001000000,selected_by_nested_expanding_origin_smape,True,lower,3
fold_local_augmented_nested,tourist_visits_test_2018,tourist_visits,0.0100000000,0.0100000000,True,4,7.9530433059,0.6116271388,0.0795729461,0.0001000000,selected_by_nested_expanding_origin_smape,True,lower,3
fold_local_augmented_nested,tourist_visits_test_2018,tourist_visits,0.0177827941,0.0177827941,True,4,7.9964277509,0.6099008527,0.0800074815,0.0001000000,selected_by_nested_expanding_origin_smape,True,lower,3
fold_local_augmented_nested,tourist_visits_test_2018,tourist_visits,0.0316227766,0.0316227766,True,4,8.0733035483,0.6069144544,0.0807774823,0.0001000000,selected_by_nested_expanding_origin_smape,True,lower,3
fold_local_augmented_nested,tourist_visits_test_2018,tourist_visits,0.0562341325,0.0562341325,True,4,8.2091510520,0.6018612489,0.0821382125,0.0001000000,selected_by_nested_expanding_origin_smape,True,lower,3
fold_local_augmented_nested,tourist_visits_test_2018,tourist_visits,0.1000000000,0.1000000000,True,4,8.4480472076,0.5936543822,0.0845313256,0.0001000000,selected_by_nested_expanding_origin_smape,True,lower,3
fold_local_augmented_nested,tourist_visits_test_2018,tourist_visits,0.1778279410,0.1778279410,True,4,8.8646093154,0.5813355958,0.0887047708,0.0001000000,selected_by_nested_expanding_origin_smape,True,lower,3
fold_local_augmented_nested,tourist_visits_test_2018,tourist_visits,0.3162277660,0.3162277660,True,4,9.5803623018,0.5656512014,0.0958775750,0.0001000000,selected_by_nested_expanding_origin_smape,True,lower,3
fold_local_augmented_nested,tourist_visits_test_2018,tourist_visits,0.5623413252,0.5623413252,True,4,10.7798323655,0.5528865376,0.1079035147,0.0001000000,selected_by_nested_expanding_origin_smape,True,lower,3
fold_local_augmented_nested,tourist_visits_test_2018,tourist_visits,1.0000000000,1.0000000000,True,4,12.7088102380,0.5611314287,0.1272603271,0.0001000000,selected_by_nested_expanding_origin_smape,True,lower,3
fold_local_augmented_nested,tourist_visits_test_2018,tourist_visits,1.7782794100,1.7782794100,True,4,15.6168230289,0.6351446670,0.1564879782,0.0001000000,selected_by_nested_expanding_origin_smape,True,lower,3
fold_local_augmented_nested,tourist_visits_test_2018,tourist_visits,3.1622776602,3.1622776602,True,4,19.6057072350,0.8999355093,0.1966917218,0.0001000000,selected_by_nested_expanding_origin_smape,True,lower,3
fold_local_augmented_nested,tourist_visits_test_2018,tourist_visits,5.6234132519,5.6234132519,True,4,24.4321142522,1.5460065439,0.2455585678,0.0001000000,selected_by_nested_expanding_origin_smape,True,lower,3
fold_local_augmented_nested,tourist_visits_test_2018,tourist_visits,10.0000000000,10.0000000000,True,4,29.4665778028,2.5997134810,0.2968643441,0.0001000000,selected_by_nested_expanding_origin_smape,True,lower,3
fold_local_augmented_nested,tourist_visits_test_2018,tourist_visits,17.7827941004,17.7827941004,True,4,33.9677876305,3.8480326580,0.3430997593,0.0001000000,selected_by_nested_expanding_origin_smape,True,lower,3
fold_local_augmented_nested,tourist_visits_test_2018,tourist_visits,31.6227766017,31.6227766017,True,4,37.4662058924,5.0078704307,0.3793253604,0.0001000000,selected_by_nested_expanding_origin_smape,True,lower,3
fold_local_augmented_nested,tourist_visits_test_2018,tourist_visits,56.2341325190,56.2341325190,True,4,39.8970602182,5.9082990260,0.4046717232,0.0001000000,selected_by_nested_expanding_origin_smape,True,lower,3
fold_local_augmented_nested,tourist_visits_test_2018,tourist_visits,100.0000000000,100.0000000000,True,4,41.4558420787,6.5256584613,0.4210095938,0.0001000000,selected_by_nested_expanding_origin_smape,True,lower,3
fold_local_augmented_nested,tourist_visits_test_2018,tourist_visits,177.8279410039,177.8279410039,True,4,42.4039962436,6.9162614425,0.4309821482,0.0001000000,selected_by_nested_expanding_origin_smape,True,lower,3
fold_local_augmented_nested,tourist_visits_test_2018,tourist_visits,316.2277660168,316.2277660168,True,4,42.9621664260,7.1515021595,0.4368657824,0.0001000000,selected_by_nested_expanding_origin_smape,True,lower,3
fold_local_augmented_nested,tourist_visits_test_2018,tourist_visits,562.3413251903,562.3413251903,True,4,43.2844157165,7.2890934527,0.4402670559,0.0001000000,selected_by_nested_expanding_origin_smape,True,lower,3
fold_local_augmented_nested,tourist_visits_test_2018,tourist_visits,1000.0000000000,1000.0000000000,True,4,43.4683642495,7.3682167898,0.4422100829,0.0001000000,selected_by_nested_expanding_origin_smape,True,lower,3
fold_local_augmented_nested,tourist_visits_test_2019,tourist_visits,0.0001000000,0.0001000000,True,5,7.5990324459,0.8535971862,0.0760280193,0.0001000000,selected_by_nested_expanding_origin_smape,True,lower,3
fold_local_augmented_nested,tourist_visits_test_2019,tourist_visits,0.0001778279,0.0001778279,True,5,7.5994562352,0.8536085881,0.0760322634,0.0001000000,selected_by_nested_expanding_origin_smape,True,lower,3
fold_local_augmented_nested,tourist_visits_test_2019,tourist_visits,0.0003162278,0.0003162278,True,5,7.6002098259,0.8536288662,0.0760398104,0.0001000000,selected_by_nested_expanding_origin_smape,True,lower,3
fold_local_augmented_nested,tourist_visits_test_2019,tourist_visits,0.0005623413,0.0005623413,True,5,7.6015498414,0.8536649343,0.0760532302,0.0001000000,selected_by_nested_expanding_origin_smape,True,lower,3
fold_local_augmented_nested,tourist_visits_test_2019,tourist_visits,0.0010000000,0.0010000000,True,5,7.6039325128,0.8537290984,0.0760770919,0.0001000000,selected_by_nested_expanding_origin_smape,True,lower,3
fold_local_augmented_nested,tourist_visits_test_2019,tourist_visits,0.0017782794,0.0017782794,True,5,7.6081687758,0.8538432787,0.0761195168,0.0001000000,selected_by_nested_expanding_origin_smape,True,lower,3
fold_local_augmented_nested,tourist_visits_test_2019,tourist_visits,0.0031622777,0.0031622777,True,5,7.6156995303,0.8540465706,0.0761949351,0.0001000000,selected_by_nested_expanding_origin_smape,True,lower,3
fold_local_augmented_nested,tourist_visits_test_2019,tourist_visits,0.0056234133,0.0056234133,True,5,7.6290834013,0.8544088541,0.0763289714,0.0001000000,selected_by_nested_expanding_origin_smape,True,lower,3
fold_local_augmented_nested,tourist_visits_test_2019,tourist_visits,0.0100000000,0.0100000000,True,5,7.6528586686,0.8550554952,0.0765670766,0.0001000000,selected_by_nested_expanding_origin_smape,True,lower,3
fold_local_augmented_nested,tourist_visits_test_2019,tourist_visits,0.0177827941,0.0177827941,True,5,7.6950588877,0.8562127341,0.0769897100,0.0001000000,selected_by_nested_expanding_origin_smape,True,lower,3
fold_local_augmented_nested,tourist_visits_test_2019,tourist_visits,0.0316227766,0.0316227766,True,5,7.7698543930,0.8582923834,0.0777388009,0.0001000000,selected_by_nested_expanding_origin_smape,True,lower,3
fold_local_augmented_nested,tourist_visits_test_2019,tourist_visits,0.0562341325,0.0562341325,True,5,7.9020825369,0.8620516730,0.0790631444,0.0001000000,selected_by_nested_expanding_origin_smape,True,lower,3
fold_local_augmented_nested,tourist_visits_test_2019,tourist_visits,0.1000000000,0.1000000000,True,5,8.1347901455,0.8688895665,0.0813940200,0.0001000000,selected_by_nested_expanding_origin_smape,True,lower,3
fold_local_augmented_nested,tourist_visits_test_2019,tourist_visits,0.1778279410,0.1778279410,True,5,8.5411020979,0.8813330273,0.0854643117,0.0001000000,selected_by_nested_expanding_origin_smape,True,lower,3
fold_local_augmented_nested,tourist_visits_test_2019,tourist_visits,0.3162277660,0.3162277660,True,5,9.2408638313,0.9034749685,0.0924759715,0.0001000000,selected_by_nested_expanding_origin_smape,True,lower,3
fold_local_augmented_nested,tourist_visits_test_2019,tourist_visits,0.5623413252,0.5623413252,True,5,10.4182072471,0.9397479843,0.1042782757,0.0001000000,selected_by_nested_expanding_origin_smape,True,lower,3
fold_local_augmented_nested,tourist_visits_test_2019,tourist_visits,1.0000000000,1.0000000000,True,5,12.3242163736,0.9877821435,0.1234008928,0.0001000000,selected_by_nested_expanding_origin_smape,True,lower,3
fold_local_augmented_nested,tourist_visits_test_2019,tourist_visits,1.7782794100,1.7782794100,True,5,15.2283158213,1.0282245926,0.1525816915,0.0001000000,selected_by_nested_expanding_origin_smape,True,lower,3
fold_local_augmented_nested,tourist_visits_test_2019,tourist_visits,3.1622776602,3.1622776602,True,5,19.2758941034,1.0729848318,0.1933636293,0.0001000000,selected_by_nested_expanding_origin_smape,True,lower,3
fold_local_augmented_nested,tourist_visits_test_2019,tourist_visits,5.6234132519,5.6234132519,True,5,24.2813751969,1.3806569050,0.2440268339,0.0001000000,selected_by_nested_expanding_origin_smape,True,lower,3
fold_local_augmented_nested,tourist_visits_test_2019,tourist_visits,10.0000000000,10.0000000000,True,5,29.6426315497,2.2855759113,0.2986574998,0.0001000000,selected_by_nested_expanding_origin_smape,True,lower,3
fold_local_augmented_nested,tourist_visits_test_2019,tourist_visits,17.7827941004,17.7827941004,True,5,34.5713209174,3.5953829622,0.3493116731,0.0001000000,selected_by_nested_expanding_origin_smape,True,lower,3
fold_local_augmented_nested,tourist_visits_test_2019,tourist_visits,31.6227766017,31.6227766017,True,5,38.4998640984,4.9143993653,0.3900572960,0.0001000000,selected_by_nested_expanding_origin_smape,True,lower,3
fold_local_augmented_nested,tourist_visits_test_2019,tourist_visits,56.2341325190,56.2341325190,True,5,41.2844961289,5.9838023086,0.4191766350,0.0001000000,selected_by_nested_expanding_origin_smape,True,lower,3
fold_local_augmented_nested,tourist_visits_test_2019,tourist_visits,100.0000000000,100.0000000000,True,5,43.0953655171,6.7363453956,0.4382338535,0.0001000000,selected_by_nested_expanding_origin_smape,True,lower,3
fold_local_augmented_nested,tourist_visits_test_2019,tourist_visits,177.8279410039,177.8279410039,True,5,44.2069140507,7.2200115895,0.4499829516,0.0001000000,selected_by_nested_expanding_origin_smape,True,lower,3
fold_local_augmented_nested,tourist_visits_test_2019,tourist_visits,316.2277660168,316.2277660168,True,5,44.8649265034,7.5140180272,0.4569576187,0.0001000000,selected_by_nested_expanding_origin_smape,True,lower,3
fold_local_augmented_nested,tourist_visits_test_2019,tourist_visits,562.3413251903,562.3413251903,True,5,45.2460705284,7.6869116378,0.4610044326,0.0001000000,selected_by_nested_expanding_origin_smape,True,lower,3
fold_local_augmented_nested,tourist_visits_test_2019,tourist_visits,1000.0000000000,1000.0000000000,True,5,45.4640527212,7.7866441024,0.4633211679,0.0001000000,selected_by_nested_expanding_origin_smape,True,lower,3
fold_local_augmented_nested,tourist_visits_test_2023,tourist_visits,0.0001000000,0.0001000000,True,6,6.4363232290,2.9486028663,0.0643946480,0.0001000000,selected_by_nested_expanding_origin_smape,True,lower,3
fold_local_augmented_nested,tourist_visits_test_2023,tourist_visits,0.0001778279,0.0001778279,True,6,6.4367347399,2.9486345569,0.0643987683,0.0001000000,selected_by_nested_expanding_origin_smape,True,lower,3
fold_local_augmented_nested,tourist_visits_test_2023,tourist_visits,0.0003162278,0.0003162278,True,6,6.4374664984,2.9486909071,0.0644060951,0.0001000000,selected_by_nested_expanding_origin_smape,True,lower,3
fold_local_augmented_nested,tourist_visits_test_2023,tourist_visits,0.0005623413,0.0005623413,True,6,6.4387676971,2.9487910991,0.0644191235,0.0001000000,selected_by_nested_expanding_origin_smape,True,lower,3
fold_local_augmented_nested,tourist_visits_test_2023,tourist_visits,0.0010000000,0.0010000000,True,6,6.4410813632,2.9489692224,0.0644422893,0.0001000000,selected_by_nested_expanding_origin_smape,True,lower,3
fold_local_augmented_nested,tourist_visits_test_2023,tourist_visits,0.0017782794,0.0017782794,True,6,6.4451949848,2.9492858301,0.0644834775,0.0001000000,selected_by_nested_expanding_origin_smape,True,lower,3
fold_local_augmented_nested,tourist_visits_test_2023,tourist_visits,0.0031622777,0.0031622777,True,6,6.4525078670,2.9498483876,0.0645566988,0.0001000000,selected_by_nested_expanding_origin_smape,True,lower,3
fold_local_augmented_nested,tourist_visits_test_2023,tourist_visits,0.0056234133,0.0056234133,True,6,6.4655049905,2.9508473189,0.0646868348,0.0001000000,selected_by_nested_expanding_origin_smape,True,lower,3
fold_local_augmented_nested,tourist_visits_test_2023,tourist_visits,0.0100000000,0.0100000000,True,6,6.4885946921,2.9526191020,0.0649180260,0.0001000000,selected_by_nested_expanding_origin_smape,True,lower,3
fold_local_augmented_nested,tourist_visits_test_2023,tourist_visits,0.0177827941,0.0177827941,True,6,6.5295826511,2.9557552920,0.0653284323,0.0001000000,selected_by_nested_expanding_origin_smape,True,lower,3
fold_local_augmented_nested,tourist_visits_test_2023,tourist_visits,0.0316227766,0.0316227766,True,6,6.6022440029,2.9612863405,0.0660559937,0.0001000000,selected_by_nested_expanding_origin_smape,True,lower,3
fold_local_augmented_nested,tourist_visits_test_2023,tourist_visits,0.0562341325,0.0562341325,True,6,6.7307445436,2.9709767145,0.0673427206,0.0001000000,selected_by_nested_expanding_origin_smape,True,lower,3
fold_local_augmented_nested,tourist_visits_test_2023,tourist_visits,0.1000000000,0.1000000000,True,6,6.9570328744,2.9877497219,0.0696087778,0.0001000000,selected_by_nested_expanding_origin_smape,True,lower,3
fold_local_augmented_nested,tourist_visits_test_2023,tourist_visits,0.1778279410,0.1778279410,True,6,7.3525697354,3.0161321895,0.0735701453,0.0001000000,selected_by_nested_expanding_origin_smape,True,lower,3
fold_local_augmented_nested,tourist_visits_test_2023,tourist_visits,0.3162277660,0.3162277660,True,6,8.0350772049,3.0621139667,0.0804069952,0.0001000000,selected_by_nested_expanding_origin_smape,True,lower,3
fold_local_augmented_nested,tourist_visits_test_2023,tourist_visits,0.5623413252,0.5623413252,True,6,9.1871692491,3.1303719163,0.0919522490,0.0001000000,selected_by_nested_expanding_origin_smape,True,lower,3
fold_local_augmented_nested,tourist_visits_test_2023,tourist_visits,1.0000000000,1.0000000000,True,6,11.0626117151,3.2141015443,0.1107598847,0.0001000000,selected_by_nested_expanding_origin_smape,True,lower,3
fold_local_augmented_nested,tourist_visits_test_2023,tourist_visits,1.7782794100,1.7782794100,True,6,13.9456850468,3.2736290065,0.1397115692,0.0001000000,selected_by_nested_expanding_origin_smape,True,lower,3
fold_local_augmented_nested,tourist_visits_test_2023,tourist_visits,3.1622776602,3.1622776602,True,6,18.0186883819,3.2255905686,0.1807132686,0.0001000000,selected_by_nested_expanding_origin_smape,True,lower,3
fold_local_augmented_nested,tourist_visits_test_2023,tourist_visits,5.6234132519,5.6234132519,True,6,23.1515116134,3.0305974815,0.2326008255,0.0001000000,selected_by_nested_expanding_origin_smape,True,lower,3
fold_local_augmented_nested,tourist_visits_test_2023,tourist_visits,10.0000000000,10.0000000000,True,6,28.7796336980,2.9406933791,0.2898608715,0.0001000000,selected_by_nested_expanding_origin_smape,True,lower,3
fold_local_augmented_nested,tourist_visits_test_2023,tourist_visits,17.7827941004,17.7827941004,True,6,34.0869279587,3.4277167541,0.3443157182,0.0001000000,selected_by_nested_expanding_origin_smape,True,lower,3
fold_local_augmented_nested,tourist_visits_test_2023,tourist_visits,31.6227766017,31.6227766017,True,6,38.4190931151,4.4000227963,0.3891864850,0.0001000000,selected_by_nested_expanding_origin_smape,True,lower,3
fold_local_augmented_nested,tourist_visits_test_2023,tourist_visits,56.2341325190,56.2341325190,True,6,41.5497342728,5.3913652902,0.4218996852,0.0001000000,selected_by_nested_expanding_origin_smape,True,lower,3
fold_local_augmented_nested,tourist_visits_test_2023,tourist_visits,100.0000000000,100.0000000000,True,6,43.6141682293,6.1577282302,0.4436244758,0.0001000000,selected_by_nested_expanding_origin_smape,True,lower,3
fold_local_augmented_nested,tourist_visits_test_2023,tourist_visits,177.8279410039,177.8279410039,True,6,44.8930355944,6.6728877196,0.4571497747,0.0001000000,selected_by_nested_expanding_origin_smape,True,lower,3
fold_local_augmented_nested,tourist_visits_test_2023,tourist_visits,316.2277660168,316.2277660168,True,6,45.6544079576,6.9934297258,0.4652281101,0.0001000000,selected_by_nested_expanding_origin_smape,True,lower,3
fold_local_augmented_nested,tourist_visits_test_2023,tourist_visits,562.3413251903,562.3413251903,True,6,46.0969145383,7.1843233221,0.4699324968,0.0001000000,selected_by_nested_expanding_origin_smape,True,lower,3
fold_local_augmented_nested,tourist_visits_test_2023,tourist_visits,1000.0000000000,1000.0000000000,True,6,46.3504883944,7.2952087234,0.4726314464,0.0001000000,selected_by_nested_expanding_origin_smape,True,lower,3
