track,outer_fold_id,metric,lambda,alpha_code_parameter,validation_year,inner_physical_train_n,inner_effective_train_n,inner_train_end_year,actual,prediction,smape_percent,absolute_log_error,simulated_training
official_only_nested,tourism_comprehensive_income_test_2015,tourism_comprehensive_income,0.0001000000,0.0001000000,2014,4,4,2013,79.0000000000,71.4388255371,10.0521583254,0.1006063559,False
official_only_nested,tourism_comprehensive_income_test_2015,tourism_comprehensive_income,0.0001778279,0.0001778279,2014,4,4,2013,79.0000000000,71.4383924727,10.0527629989,0.1006124179,False
official_only_nested,tourism_comprehensive_income_test_2015,tourism_comprehensive_income,0.0003162278,0.0003162278,2014,4,4,2013,79.0000000000,71.4376224049,10.0538382277,0.1006231975,False
official_only_nested,tourism_comprehensive_income_test_2015,tourism_comprehensive_income,0.0005623413,0.0005623413,2014,4,4,2013,79.0000000000,71.4362531407,10.0557501285,0.1006423649,False
official_only_nested,tourism_comprehensive_income_test_2015,tourism_comprehensive_income,0.0010000000,0.0010000000,2014,4,4,2013,79.0000000000,71.4338186226,10.0591495273,0.1006764451,False
official_only_nested,tourism_comprehensive_income_test_2015,tourism_comprehensive_income,0.0017782794,0.0017782794,2014,4,4,2013,79.0000000000,71.4294906846,10.0651930429,0.1007370336,False
official_only_nested,tourism_comprehensive_income_test_2015,tourism_comprehensive_income,0.0031622777,0.0031622777,2014,4,4,2013,79.0000000000,71.4217985586,10.0759351557,0.1008447278,False
official_only_nested,tourism_comprehensive_income_test_2015,tourism_comprehensive_income,0.0056234133,0.0056234133,2014,4,4,2013,79.0000000000,71.4081329401,10.0950220065,0.1010360829,False
official_only_nested,tourism_comprehensive_income_test_2015,tourism_comprehensive_income,0.0100000000,0.0100000000,2014,4,4,2013,79.0000000000,71.3838730898,10.1289144291,0.1013758757,False
official_only_nested,tourism_comprehensive_income_test_2015,tourism_comprehensive_income,0.0177827941,0.0177827941,2014,4,4,2013,79.0000000000,71.3408628584,10.1890291116,0.1019785776,False
official_only_nested,tourism_comprehensive_income_test_2015,tourism_comprehensive_income,0.0316227766,0.0316227766,2014,4,4,2013,79.0000000000,71.2647888568,10.2954407377,0.1030454920,False
official_only_nested,tourism_comprehensive_income_test_2015,tourism_comprehensive_income,0.0562341325,0.0562341325,2014,4,4,2013,79.0000000000,71.1307904296,10.4831387990,0.1049275513,False
official_only_nested,tourism_comprehensive_income_test_2015,tourism_comprehensive_income,0.1000000000,0.1000000000,2014,4,4,2013,79.0000000000,70.8964777805,10.8121582835,0.1082270989,False
official_only_nested,tourism_comprehensive_income_test_2015,tourism_comprehensive_income,0.1778279410,0.1778279410,2014,4,4,2013,79.0000000000,70.4919315123,11.3826457410,0.1139495958,False
official_only_nested,tourism_comprehensive_income_test_2015,tourism_comprehensive_income,0.3162277660,0.3162277660,2014,4,4,2013,79.0000000000,69.8085744268,12.3533547829,0.1236910075,False
official_only_nested,tourism_comprehensive_income_test_2015,tourism_comprehensive_income,0.5623413252,0.5623413252,2014,4,4,2013,79.0000000000,68.6957914363,13.9532866354,0.1397599151,False
official_only_nested,tourism_comprehensive_income_test_2015,tourism_comprehensive_income,1.0000000000,1.0000000000,2014,4,4,2013,79.0000000000,66.9875674000,16.4567884977,0.1649408115,False
official_only_nested,tourism_comprehensive_income_test_2015,tourism_comprehensive_income,1.7782794100,1.7782794100,2014,4,4,2013,79.0000000000,64.5890986555,20.0724170281,0.2014022074,False
official_only_nested,tourism_comprehensive_income_test_2015,tourism_comprehensive_income,3.1622776602,3.1622776602,2014,4,4,2013,79.0000000000,61.6115908107,24.7325403106,0.2485978371,False
official_only_nested,tourism_comprehensive_income_test_2015,tourism_comprehensive_income,5.6234132519,5.6234132519,2014,4,4,2013,79.0000000000,58.4323581087,29.9312944554,0.3015780389,False
official_only_nested,tourism_comprehensive_income_test_2015,tourism_comprehensive_income,10.0000000000,10.0000000000,2014,4,4,2013,79.0000000000,55.5400441429,34.8743097367,0.3523435758,False
official_only_nested,tourism_comprehensive_income_test_2015,tourism_comprehensive_income,17.7827941004,17.7827941004,2014,4,4,2013,79.0000000000,53.2677686523,38.9092998391,0.3941164199,False
official_only_nested,tourism_comprehensive_income_test_2015,tourism_comprehensive_income,31.6227766017,31.6227766017,2014,4,4,2013,79.0000000000,51.6797293286,41.8125608489,0.4243822305,False
official_only_nested,tourism_comprehensive_income_test_2015,tourism_comprehensive_income,56.2341325190,56.2341325190,2014,4,4,2013,79.0000000000,50.6584790720,43.7171886187,0.4443412306,False
official_only_nested,tourism_comprehensive_income_test_2015,tourism_comprehensive_income,100.0000000000,100.0000000000,2014,4,4,2013,79.0000000000,50.0364271923,44.8920873553,0.4566965685,False
official_only_nested,tourism_comprehensive_income_test_2015,tourism_comprehensive_income,177.8279410039,177.8279410039,2014,4,4,2013,79.0000000000,49.6699823225,45.5895262408,0.4640470792,False
official_only_nested,tourism_comprehensive_income_test_2015,tourism_comprehensive_income,316.2277660168,316.2277660168,2014,4,4,2013,79.0000000000,49.4583495119,45.9941305494,0.4683169611,False
official_only_nested,tourism_comprehensive_income_test_2015,tourism_comprehensive_income,562.3413251903,562.3413251903,2014,4,4,2013,79.0000000000,49.3375221293,46.2257294336,0.4707629629,False
official_only_nested,tourism_comprehensive_income_test_2015,tourism_comprehensive_income,1000.0000000000,1000.0000000000,2014,4,4,2013,79.0000000000,49.2689905657,46.3572829304,0.4721529639,False
official_only_nested,tourism_comprehensive_income_test_2017,tourism_comprehensive_income,0.0001000000,0.0001000000,2014,4,4,2013,79.0000000000,71.4388255371,10.0521583254,0.1006063559,False
official_only_nested,tourism_comprehensive_income_test_2017,tourism_comprehensive_income,0.0001000000,0.0001000000,2015,5,5,2014,94.0000000000,86.3908806673,8.4362572038,0.0844126599,False
official_only_nested,tourism_comprehensive_income_test_2017,tourism_comprehensive_income,0.0001778279,0.0001778279,2014,4,4,2013,79.0000000000,71.4383924727,10.0527629989,0.1006124179,False
official_only_nested,tourism_comprehensive_income_test_2017,tourism_comprehensive_income,0.0001778279,0.0001778279,2015,5,5,2014,94.0000000000,86.3903943124,8.4368191739,0.0844182896,False
official_only_nested,tourism_comprehensive_income_test_2017,tourism_comprehensive_income,0.0003162278,0.0003162278,2014,4,4,2013,79.0000000000,71.4376224049,10.0538382277,0.1006231975,False
official_only_nested,tourism_comprehensive_income_test_2017,tourism_comprehensive_income,0.0003162278,0.0003162278,2015,5,5,2014,94.0000000000,86.3895294748,8.4378184780,0.0844283004,False
official_only_nested,tourism_comprehensive_income_test_2017,tourism_comprehensive_income,0.0005623413,0.0005623413,2014,4,4,2013,79.0000000000,71.4362531407,10.0557501285,0.1006423649,False
official_only_nested,tourism_comprehensive_income_test_2017,tourism_comprehensive_income,0.0005623413,0.0005623413,2015,5,5,2014,94.0000000000,86.3879916703,8.4395954068,0.0844461014,False
official_only_nested,tourism_comprehensive_income_test_2017,tourism_comprehensive_income,0.0010000000,0.0010000000,2014,4,4,2013,79.0000000000,71.4338186226,10.0591495273,0.1006764451,False
official_only_nested,tourism_comprehensive_income_test_2017,tourism_comprehensive_income,0.0010000000,0.0010000000,2015,5,5,2014,94.0000000000,86.3852573980,8.4427549256,0.0844777530,False
official_only_nested,tourism_comprehensive_income_test_2017,tourism_comprehensive_income,0.0017782794,0.0017782794,2014,4,4,2013,79.0000000000,71.4294906846,10.0651930429,0.1007370336,False
official_only_nested,tourism_comprehensive_income_test_2017,tourism_comprehensive_income,0.0017782794,0.0017782794,2015,5,5,2014,94.0000000000,86.3803962798,8.4483723035,0.0845340271,False
official_only_nested,tourism_comprehensive_income_test_2017,tourism_comprehensive_income,0.0031622777,0.0031622777,2014,4,4,2013,79.0000000000,71.4217985586,10.0759351557,0.1008447278,False
official_only_nested,tourism_comprehensive_income_test_2017,tourism_comprehensive_income,0.0031622777,0.0031622777,2015,5,5,2014,94.0000000000,86.3717555896,8.4583580012,0.0846340628,False
official_only_nested,tourism_comprehensive_income_test_2017,tourism_comprehensive_income,0.0056234133,0.0056234133,2014,4,4,2013,79.0000000000,71.4081329401,10.0950220065,0.1010360829,False
official_only_nested,tourism_comprehensive_income_test_2017,tourism_comprehensive_income,0.0056234133,0.0056234133,2015,5,5,2014,94.0000000000,86.3564018312,8.4761040819,0.0848118423,False
official_only_nested,tourism_comprehensive_income_test_2017,tourism_comprehensive_income,0.0100000000,0.0100000000,2014,4,4,2013,79.0000000000,71.3838730898,10.1289144291,0.1013758757,False
official_only_nested,tourism_comprehensive_income_test_2017,tourism_comprehensive_income,0.0100000000,0.0100000000,2015,5,5,2014,94.0000000000,86.3291358228,8.5076259499,0.0851276302,False
official_only_nested,tourism_comprehensive_income_test_2017,tourism_comprehensive_income,0.0177827941,0.0177827941,2014,4,4,2013,79.0000000000,71.3408628584,10.1890291116,0.1019785776,False
official_only_nested,tourism_comprehensive_income_test_2017,tourism_comprehensive_income,0.0177827941,0.0177827941,2015,5,5,2014,94.0000000000,86.2807667368,8.5635682640,0.0856880742,False
official_only_nested,tourism_comprehensive_income_test_2017,tourism_comprehensive_income,0.0316227766,0.0316227766,2014,4,4,2013,79.0000000000,71.2647888568,10.2954407377,0.1030454920,False
official_only_nested,tourism_comprehensive_income_test_2017,tourism_comprehensive_income,0.0316227766,0.0316227766,2015,5,5,2014,94.0000000000,86.1951226207,8.6626954890,0.0866811883,False
official_only_nested,tourism_comprehensive_income_test_2017,tourism_comprehensive_income,0.0562341325,0.0562341325,2014,4,4,2013,79.0000000000,71.1307904296,10.4831387990,0.1049275513,False
official_only_nested,tourism_comprehensive_income_test_2017,tourism_comprehensive_income,0.0562341325,0.0562341325,2015,5,5,2014,94.0000000000,86.0439816477,8.8378609266,0.0884362022,False
official_only_nested,tourism_comprehensive_income_test_2017,tourism_comprehensive_income,0.1000000000,0.1000000000,2014,4,4,2013,79.0000000000,70.8964777805,10.8121582835,0.1082270989,False
official_only_nested,tourism_comprehensive_income_test_2017,tourism_comprehensive_income,0.1000000000,0.1000000000,2015,5,5,2014,94.0000000000,85.7788142588,9.1458893809,0.0915227263,False
official_only_nested,tourism_comprehensive_income_test_2017,tourism_comprehensive_income,0.1778279410,0.1778279410,2014,4,4,2013,79.0000000000,70.4919315123,11.3826457410,0.1139495958,False
official_only_nested,tourism_comprehensive_income_test_2017,tourism_comprehensive_income,0.1778279410,0.1778279410,2015,5,5,2014,94.0000000000,85.3183460268,9.6829512045,0.0969052744,False
official_only_nested,tourism_comprehensive_income_test_2017,tourism_comprehensive_income,0.3162277660,0.3162277660,2014,4,4,2013,79.0000000000,69.8085744268,12.3533547829,0.1236910075,False
official_only_nested,tourism_comprehensive_income_test_2017,tourism_comprehensive_income,0.3162277660,0.3162277660,2015,5,5,2014,94.0000000000,84.5328097064,10.6055467442,0.1061550427,False
official_only_nested,tourism_comprehensive_income_test_2017,tourism_comprehensive_income,0.5623413252,0.5623413252,2014,4,4,2013,79.0000000000,68.6957914363,13.9532866354,0.1397599151,False
official_only_nested,tourism_comprehensive_income_test_2017,tourism_comprehensive_income,0.5623413252,0.5623413252,2015,5,5,2014,94.0000000000,83.2324717202,12.1507398450,0.1216572255,False
official_only_nested,tourism_comprehensive_income_test_2017,tourism_comprehensive_income,1.0000000000,1.0000000000,2014,4,4,2013,79.0000000000,66.9875674000,16.4567884977,0.1649408115,False
official_only_nested,tourism_comprehensive_income_test_2017,tourism_comprehensive_income,1.0000000000,1.0000000000,2015,5,5,2014,94.0000000000,81.1836292000,14.6319274906,0.1465811663,False
official_only_nested,tourism_comprehensive_income_test_2017,tourism_comprehensive_income,1.7782794100,1.7782794100,2014,4,4,2013,79.0000000000,64.5890986555,20.0724170281,0.2014022074,False
official_only_nested,tourism_comprehensive_income_test_2017,tourism_comprehensive_income,1.7782794100,1.7782794100,2015,5,5,2014,94.0000000000,78.1937974691,18.3586200701,0.1841044541,False
official_only_nested,tourism_comprehensive_income_test_2017,tourism_comprehensive_income,3.1622776602,3.1622776602,2014,4,4,2013,79.0000000000,61.6115908107,24.7325403106,0.2485978371,False
official_only_nested,tourism_comprehensive_income_test_2017,tourism_comprehensive_income,3.1622776602,3.1622776602,2015,5,5,2014,94.0000000000,74.2855088067,23.4298144066,0.2353788858,False
official_only_nested,tourism_comprehensive_income_test_2017,tourism_comprehensive_income,5.6234132519,5.6234132519,2014,4,4,2013,79.0000000000,58.4323581087,29.9312944554,0.3015780389,False
official_only_nested,tourism_comprehensive_income_test_2017,tourism_comprehensive_income,5.6234132519,5.6234132519,2015,5,5,2014,94.0000000000,69.8510357147,29.4767307145,0.2969298690,False
official_only_nested,tourism_comprehensive_income_test_2017,tourism_comprehensive_income,10.0000000000,10.0000000000,2014,4,4,2013,79.0000000000,55.5400441429,34.8743097367,0.3523435758,False
official_only_nested,tourism_comprehensive_income_test_2017,tourism_comprehensive_income,10.0000000000,10.0000000000,2015,5,5,2014,94.0000000000,65.5600000000,35.6480320882,0.3603290284,False
official_only_nested,tourism_comprehensive_income_test_2017,tourism_comprehensive_income,17.7827941004,17.7827941004,2014,4,4,2013,79.0000000000,53.2677686523,38.9092998391,0.3941164199,False
official_only_nested,tourism_comprehensive_income_test_2017,tourism_comprehensive_income,17.7827941004,17.7827941004,2015,5,5,2014,94.0000000000,62.0018912322,41.0227190389,0.4161298939,False
official_only_nested,tourism_comprehensive_income_test_2017,tourism_comprehensive_income,31.6227766017,31.6227766017,2014,4,4,2013,79.0000000000,51.6797293286,41.8125608489,0.4243822305,False
official_only_nested,tourism_comprehensive_income_test_2017,tourism_comprehensive_income,31.6227766017,31.6227766017,2015,5,5,2014,94.0000000000,59.4103435067,45.0942950817,0.4588264380,False
official_only_nested,tourism_comprehensive_income_test_2017,tourism_comprehensive_income,56.2341325190,56.2341325190,2014,4,4,2013,79.0000000000,50.6584790720,43.7171886187,0.4443412306,False
official_only_nested,tourism_comprehensive_income_test_2017,tourism_comprehensive_income,56.2341325190,56.2341325190,2015,5,5,2014,94.0000000000,57.6957047870,47.8646317164,0.4881120520,False
official_only_nested,tourism_comprehensive_income_test_2017,tourism_comprehensive_income,100.0000000000,100.0000000000,2014,4,4,2013,79.0000000000,50.0364271923,44.8920873553,0.4566965685,False
official_only_nested,tourism_comprehensive_income_test_2017,tourism_comprehensive_income,100.0000000000,100.0000000000,2015,5,5,2014,94.0000000000,56.6322118857,49.6146045344,0.5067168444,False
official_only_nested,tourism_comprehensive_income_test_2017,tourism_comprehensive_income,177.8279410039,177.8279410039,2014,4,4,2013,79.0000000000,49.6699823225,45.5895262408,0.4640470792,False
official_only_nested,tourism_comprehensive_income_test_2017,tourism_comprehensive_income,177.8279410039,177.8279410039,2015,5,5,2014,94.0000000000,55.9988008921,50.6686705253,0.5179645044,False
official_only_nested,tourism_comprehensive_income_test_2017,tourism_comprehensive_income,316.2277660168,316.2277660168,2014,4,4,2013,79.0000000000,49.4583495119,45.9941305494,0.4683169611,False
official_only_nested,tourism_comprehensive_income_test_2017,tourism_comprehensive_income,316.2277660168,316.2277660168,2015,5,5,2014,94.0000000000,55.6306195144,51.2854663172,0.5245610219,False
official_only_nested,tourism_comprehensive_income_test_2017,tourism_comprehensive_income,562.3413251903,562.3413251903,2014,4,4,2013,79.0000000000,49.3375221293,46.2257294336,0.4707629629,False
official_only_nested,tourism_comprehensive_income_test_2017,tourism_comprehensive_income,562.3413251903,562.3413251903,2015,5,5,2014,94.0000000000,55.4196304394,51.6402957859,0.5283609112,False
official_only_nested,tourism_comprehensive_income_test_2017,tourism_comprehensive_income,1000.0000000000,1000.0000000000,2014,4,4,2013,79.0000000000,49.2689905657,46.3572829304,0.4721529639,False
official_only_nested,tourism_comprehensive_income_test_2017,tourism_comprehensive_income,1000.0000000000,1000.0000000000,2015,5,5,2014,94.0000000000,55.2997061970,51.8424245952,0.5305271866,False
official_only_nested,tourism_comprehensive_income_test_2018,tourism_comprehensive_income,0.0001000000,0.0001000000,2014,4,4,2013,79.0000000000,71.4388255371,10.0521583254,0.1006063559,False
official_only_nested,tourism_comprehensive_income_test_2018,tourism_comprehensive_income,0.0001000000,0.0001000000,2015,5,5,2014,94.0000000000,86.3908806673,8.4362572038,0.0844126599,False
official_only_nested,tourism_comprehensive_income_test_2018,tourism_comprehensive_income,0.0001000000,0.0001000000,2017,6,6,2015,130.0000000000,113.3814058848,13.6564205099,0.1367770419,False
official_only_nested,tourism_comprehensive_income_test_2018,tourism_comprehensive_income,0.0001778279,0.0001778279,2014,4,4,2013,79.0000000000,71.4383924727,10.0527629989,0.1006124179,False
official_only_nested,tourism_comprehensive_income_test_2018,tourism_comprehensive_income,0.0001778279,0.0001778279,2015,5,5,2014,94.0000000000,86.3903943124,8.4368191739,0.0844182896,False
official_only_nested,tourism_comprehensive_income_test_2018,tourism_comprehensive_income,0.0001778279,0.0001778279,2017,6,6,2015,130.0000000000,113.3807344934,13.6570099036,0.1367829634,False
official_only_nested,tourism_comprehensive_income_test_2018,tourism_comprehensive_income,0.0003162278,0.0003162278,2014,4,4,2013,79.0000000000,71.4376224049,10.0538382277,0.1006231975,False
official_only_nested,tourism_comprehensive_income_test_2018,tourism_comprehensive_income,0.0003162278,0.0003162278,2015,5,5,2014,94.0000000000,86.3895294748,8.4378184780,0.0844283004,False
official_only_nested,tourism_comprehensive_income_test_2018,tourism_comprehensive_income,0.0003162278,0.0003162278,2017,6,6,2015,130.0000000000,113.3795406150,13.6580579806,0.1367934933,False
official_only_nested,tourism_comprehensive_income_test_2018,tourism_comprehensive_income,0.0005623413,0.0005623413,2014,4,4,2013,79.0000000000,71.4362531407,10.0557501285,0.1006423649,False
official_only_nested,tourism_comprehensive_income_test_2018,tourism_comprehensive_income,0.0005623413,0.0005623413,2015,5,5,2014,94.0000000000,86.3879916703,8.4395954068,0.0844461014,False
official_only_nested,tourism_comprehensive_income_test_2018,tourism_comprehensive_income,0.0005623413,0.0005623413,2017,6,6,2015,130.0000000000,113.3774177016,13.6599216603,0.1368122174,False
official_only_nested,tourism_comprehensive_income_test_2018,tourism_comprehensive_income,0.0010000000,0.0010000000,2014,4,4,2013,79.0000000000,71.4338186226,10.0591495273,0.1006764451,False
official_only_nested,tourism_comprehensive_income_test_2018,tourism_comprehensive_income,0.0010000000,0.0010000000,2015,5,5,2014,94.0000000000,86.3852573980,8.4427549256,0.0844777530,False
official_only_nested,tourism_comprehensive_income_test_2018,tourism_comprehensive_income,0.0010000000,0.0010000000,2017,6,6,2015,130.0000000000,113.3736429986,13.6632355062,0.1368455112,False
official_only_nested,tourism_comprehensive_income_test_2018,tourism_comprehensive_income,0.0017782794,0.0017782794,2014,4,4,2013,79.0000000000,71.4294906846,10.0651930429,0.1007370336,False
official_only_nested,tourism_comprehensive_income_test_2018,tourism_comprehensive_income,0.0017782794,0.0017782794,2015,5,5,2014,94.0000000000,86.3803962798,8.4483723035,0.0845340271,False
official_only_nested,tourism_comprehensive_income_test_2018,tourism_comprehensive_income,0.0017782794,0.0017782794,2017,6,6,2015,130.0000000000,113.3669318819,13.6691275100,0.1369047077,False
official_only_nested,tourism_comprehensive_income_test_2018,tourism_comprehensive_income,0.0031622777,0.0031622777,2014,4,4,2013,79.0000000000,71.4217985586,10.0759351557,0.1008447278,False
official_only_nested,tourism_comprehensive_income_test_2018,tourism_comprehensive_income,0.0031622777,0.0031622777,2015,5,5,2014,94.0000000000,86.3717555896,8.4583580012,0.0846340628,False
official_only_nested,tourism_comprehensive_income_test_2018,tourism_comprehensive_income,0.0031622777,0.0031622777,2017,6,6,2015,130.0000000000,113.3550019399,13.6796021676,0.1370099462,False
official_only_nested,tourism_comprehensive_income_test_2018,tourism_comprehensive_income,0.0056234133,0.0056234133,2014,4,4,2013,79.0000000000,71.4081329401,10.0950220065,0.1010360829,False
official_only_nested,tourism_comprehensive_income_test_2018,tourism_comprehensive_income,0.0056234133,0.0056234133,2015,5,5,2014,94.0000000000,86.3564018312,8.4761040819,0.0848118423,False
official_only_nested,tourism_comprehensive_income_test_2018,tourism_comprehensive_income,0.0056234133,0.0056234133,2017,6,6,2015,130.0000000000,113.3338007524,13.6982196440,0.1371969972,False
official_only_nested,tourism_comprehensive_income_test_2018,tourism_comprehensive_income,0.0100000000,0.0100000000,2014,4,4,2013,79.0000000000,71.3838730898,10.1289144291,0.1013758757,False
official_only_nested,tourism_comprehensive_income_test_2018,tourism_comprehensive_income,0.0100000000,0.0100000000,2015,5,5,2014,94.0000000000,86.3291358228,8.5076259499,0.0851276302,False
official_only_nested,tourism_comprehensive_income_test_2018,tourism_comprehensive_income,0.0100000000,0.0100000000,2017,6,6,2015,130.0000000000,113.2961420114,13.7312970526,0.1375293341,False
official_only_nested,tourism_comprehensive_income_test_2018,tourism_comprehensive_income,0.0177827941,0.0177827941,2014,4,4,2013,79.0000000000,71.3408628584,10.1890291116,0.1019785776,False
official_only_nested,tourism_comprehensive_income_test_2018,tourism_comprehensive_income,0.0177827941,0.0177827941,2015,5,5,2014,94.0000000000,86.2807667368,8.5635682640,0.0856880742,False
official_only_nested,tourism_comprehensive_income_test_2018,tourism_comprehensive_income,0.0177827941,0.0177827941,2017,6,6,2015,130.0000000000,113.2293095610,13.7900242937,0.1381193998,False
official_only_nested,tourism_comprehensive_income_test_2018,tourism_comprehensive_income,0.0316227766,0.0316227766,2014,4,4,2013,79.0000000000,71.2647888568,10.2954407377,0.1030454920,False
official_only_nested,tourism_comprehensive_income_test_2018,tourism_comprehensive_income,0.0316227766,0.0316227766,2015,5,5,2014,94.0000000000,86.1951226207,8.6626954890,0.0866811883,False
official_only_nested,tourism_comprehensive_income_test_2018,tourism_comprehensive_income,0.0316227766,0.0316227766,2017,6,6,2015,130.0000000000,113.1108888447,13.8941626478,0.1391657957,False
official_only_nested,tourism_comprehensive_income_test_2018,tourism_comprehensive_income,0.0562341325,0.0562341325,2014,4,4,2013,79.0000000000,71.1307904296,10.4831387990,0.1049275513,False
official_only_nested,tourism_comprehensive_income_test_2018,tourism_comprehensive_income,0.0562341325,0.0562341325,2015,5,5,2014,94.0000000000,86.0439816477,8.8378609266,0.0884362022,False
official_only_nested,tourism_comprehensive_income_test_2018,tourism_comprehensive_income,0.0562341325,0.0562341325,2017,6,6,2015,130.0000000000,112.9016407386,14.0784222036,0.1410174467,False
official_only_nested,tourism_comprehensive_income_test_2018,tourism_comprehensive_income,0.1000000000,0.1000000000,2014,4,4,2013,79.0000000000,70.8964777805,10.8121582835,0.1082270989,False
official_only_nested,tourism_comprehensive_income_test_2018,tourism_comprehensive_income,0.1000000000,0.1000000000,2015,5,5,2014,94.0000000000,85.7788142588,9.1458893809,0.0915227263,False
official_only_nested,tourism_comprehensive_income_test_2018,tourism_comprehensive_income,0.1000000000,0.1000000000,2017,6,6,2015,130.0000000000,112.5337101686,14.4031852885,0.1442816278,False
official_only_nested,tourism_comprehensive_income_test_2018,tourism_comprehensive_income,0.1778279410,0.1778279410,2014,4,4,2013,79.0000000000,70.4919315123,11.3826457410,0.1139495958,False
official_only_nested,tourism_comprehensive_income_test_2018,tourism_comprehensive_income,0.1778279410,0.1778279410,2015,5,5,2014,94.0000000000,85.3183460268,9.6829512045,0.0969052744,False
official_only_nested,tourism_comprehensive_income_test_2018,tourism_comprehensive_income,0.1778279410,0.1778279410,2017,6,6,2015,130.0000000000,111.8923046072,14.9717002549,0.1499976078,False
official_only_nested,tourism_comprehensive_income_test_2018,tourism_comprehensive_income,0.3162277660,0.3162277660,2014,4,4,2013,79.0000000000,69.8085744268,12.3533547829,0.1236910075,False
official_only_nested,tourism_comprehensive_income_test_2018,tourism_comprehensive_income,0.3162277660,0.3162277660,2015,5,5,2014,94.0000000000,84.5328097064,10.6055467442,0.1061550427,False
official_only_nested,tourism_comprehensive_income_test_2018,tourism_comprehensive_income,0.3162277660,0.3162277660,2017,6,6,2015,130.0000000000,110.7907531895,15.9551366122,0.1598911346,False
official_only_nested,tourism_comprehensive_income_test_2018,tourism_comprehensive_income,0.5623413252,0.5623413252,2014,4,4,2013,79.0000000000,68.6957914363,13.9532866354,0.1397599151,False
official_only_nested,tourism_comprehensive_income_test_2018,tourism_comprehensive_income,0.5623413252,0.5623413252,2015,5,5,2014,94.0000000000,83.2324717202,12.1507398450,0.1216572255,False
official_only_nested,tourism_comprehensive_income_test_2018,tourism_comprehensive_income,0.5623413252,0.5623413252,2017,6,6,2015,130.0000000000,108.9466646583,17.6217863277,0.1766760030,False
official_only_nested,tourism_comprehensive_income_test_2018,tourism_comprehensive_income,1.0000000000,1.0000000000,2014,4,4,2013,79.0000000000,66.9875674000,16.4567884977,0.1649408115,False
official_only_nested,tourism_comprehensive_income_test_2018,tourism_comprehensive_income,1.0000000000,1.0000000000,2015,5,5,2014,94.0000000000,81.1836292000,14.6319274906,0.1465811663,False
official_only_nested,tourism_comprehensive_income_test_2018,tourism_comprehensive_income,1.0000000000,1.0000000000,2017,6,6,2015,130.0000000000,105.9876882041,20.3504784327,0.2042115121,False
official_only_nested,tourism_comprehensive_income_test_2018,tourism_comprehensive_income,1.7782794100,1.7782794100,2014,4,4,2013,79.0000000000,64.5890986555,20.0724170281,0.2014022074,False
official_only_nested,tourism_comprehensive_income_test_2018,tourism_comprehensive_income,1.7782794100,1.7782794100,2015,5,5,2014,94.0000000000,78.1937974691,18.3586200701,0.1841044541,False
official_only_nested,tourism_comprehensive_income_test_2018,tourism_comprehensive_income,1.7782794100,1.7782794100,2017,6,6,2015,130.0000000000,101.5483647941,24.5751121855,0.2469992650,False
official_only_nested,tourism_comprehensive_income_test_2018,tourism_comprehensive_income,3.1622776602,3.1622776602,2014,4,4,2013,79.0000000000,61.6115908107,24.7325403106,0.2485978371,False
official_only_nested,tourism_comprehensive_income_test_2018,tourism_comprehensive_income,3.1622776602,3.1622776602,2015,5,5,2014,94.0000000000,74.2855088067,23.4298144066,0.2353788858,False
official_only_nested,tourism_comprehensive_income_test_2018,tourism_comprehensive_income,3.1622776602,3.1622776602,2017,6,6,2015,130.0000000000,95.5170586111,30.5812266276,0.3082295947,False
official_only_nested,tourism_comprehensive_income_test_2018,tourism_comprehensive_income,5.6234132519,5.6234132519,2014,4,4,2013,79.0000000000,58.4323581087,29.9312944554,0.3015780389,False
official_only_nested,tourism_comprehensive_income_test_2018,tourism_comprehensive_income,5.6234132519,5.6234132519,2015,5,5,2014,94.0000000000,69.8510357147,29.4767307145,0.2969298690,False
official_only_nested,tourism_comprehensive_income_test_2018,tourism_comprehensive_income,5.6234132519,5.6234132519,2017,6,6,2015,130.0000000000,88.3397563333,38.1609326367,0.3863442026,False
official_only_nested,tourism_comprehensive_income_test_2018,tourism_comprehensive_income,10.0000000000,10.0000000000,2014,4,4,2013,79.0000000000,55.5400441429,34.8743097367,0.3523435758,False
official_only_nested,tourism_comprehensive_income_test_2018,tourism_comprehensive_income,10.0000000000,10.0000000000,2015,5,5,2014,94.0000000000,65.5600000000,35.6480320882,0.3603290284,False
official_only_nested,tourism_comprehensive_income_test_2018,tourism_comprehensive_income,10.0000000000,10.0000000000,2017,6,6,2015,130.0000000000,81.0309794643,46.4093192952,0.4727029064,False
official_only_nested,tourism_comprehensive_income_test_2018,tourism_comprehensive_income,17.7827941004,17.7827941004,2014,4,4,2013,79.0000000000,53.2677686523,38.9092998391,0.3941164199,False
official_only_nested,tourism_comprehensive_income_test_2018,tourism_comprehensive_income,17.7827941004,17.7827941004,2015,5,5,2014,94.0000000000,62.0018912322,41.0227190389,0.4161298939,False
official_only_nested,tourism_comprehensive_income_test_2018,tourism_comprehensive_income,17.7827941004,17.7827941004,2017,6,6,2015,130.0000000000,74.6789060887,54.0564682198,0.5543367799,False
official_only_nested,tourism_comprehensive_income_test_2018,tourism_comprehensive_income,31.6227766017,31.6227766017,2014,4,4,2013,79.0000000000,51.6797293286,41.8125608489,0.4243822305,False
official_only_nested,tourism_comprehensive_income_test_2018,tourism_comprehensive_income,31.6227766017,31.6227766017,2015,5,5,2014,94.0000000000,59.4103435067,45.0942950817,0.4588264380,False
official_only_nested,tourism_comprehensive_income_test_2018,tourism_comprehensive_income,31.6227766017,31.6227766017,2017,6,6,2015,130.0000000000,69.8751091061,60.1624596107,0.6208249575,False
official_only_nested,tourism_comprehensive_income_test_2018,tourism_comprehensive_income,56.2341325190,56.2341325190,2014,4,4,2013,79.0000000000,50.6584790720,43.7171886187,0.4443412306,False
official_only_nested,tourism_comprehensive_income_test_2018,tourism_comprehensive_income,56.2341325190,56.2341325190,2015,5,5,2014,94.0000000000,57.6957047870,47.8646317164,0.4881120520,False
official_only_nested,tourism_comprehensive_income_test_2018,tourism_comprehensive_income,56.2341325190,56.2341325190,2017,6,6,2015,130.0000000000,66.6105925107,64.4821895706,0.6686708388,False
official_only_nested,tourism_comprehensive_income_test_2018,tourism_comprehensive_income,100.0000000000,100.0000000000,2014,4,4,2013,79.0000000000,50.0364271923,44.8920873553,0.4566965685,False
official_only_nested,tourism_comprehensive_income_test_2018,tourism_comprehensive_income,100.0000000000,100.0000000000,2015,5,5,2014,94.0000000000,56.6322118857,49.6146045344,0.5067168444,False
official_only_nested,tourism_comprehensive_income_test_2018,tourism_comprehensive_income,100.0000000000,100.0000000000,2017,6,6,2015,130.0000000000,64.5501340701,67.2832904925,0.7000922562,False
official_only_nested,tourism_comprehensive_income_test_2018,tourism_comprehensive_income,177.8279410039,177.8279410039,2014,4,4,2013,79.0000000000,49.6699823225,45.5895262408,0.4640470792,False
official_only_nested,tourism_comprehensive_income_test_2018,tourism_comprehensive_income,177.8279410039,177.8279410039,2015,5,5,2014,94.0000000000,55.9988008921,50.6686705253,0.5179645044,False
official_only_nested,tourism_comprehensive_income_test_2018,tourism_comprehensive_income,177.8279410039,177.8279410039,2017,6,6,2015,130.0000000000,63.3096791766,68.9984289535,0.7194962234,False
official_only_nested,tourism_comprehensive_income_test_2018,tourism_comprehensive_income,316.2277660168,316.2277660168,2014,4,4,2013,79.0000000000,49.4583495119,45.9941305494,0.4683169611,False
official_only_nested,tourism_comprehensive_income_test_2018,tourism_comprehensive_income,316.2277660168,316.2277660168,2015,5,5,2014,94.0000000000,55.6306195144,51.2854663172,0.5245610219,False
official_only_nested,tourism_comprehensive_income_test_2018,tourism_comprehensive_income,316.2277660168,316.2277660168,2017,6,6,2015,130.0000000000,62.5840347205,70.0119980115,0.7310242413,False
official_only_nested,tourism_comprehensive_income_test_2018,tourism_comprehensive_income,562.3413251903,562.3413251903,2014,4,4,2013,79.0000000000,49.3375221293,46.2257294336,0.4707629629,False
official_only_nested,tourism_comprehensive_income_test_2018,tourism_comprehensive_income,562.3413251903,562.3413251903,2015,5,5,2014,94.0000000000,55.4196304394,51.6402957859,0.5283609112,False
official_only_nested,tourism_comprehensive_income_test_2018,tourism_comprehensive_income,562.3413251903,562.3413251903,2017,6,6,2015,130.0000000000,62.1666599735,70.5984482802,0.7377156077,False
official_only_nested,tourism_comprehensive_income_test_2018,tourism_comprehensive_income,1000.0000000000,1000.0000000000,2014,4,4,2013,79.0000000000,49.2689905657,46.3572829304,0.4721529639,False
official_only_nested,tourism_comprehensive_income_test_2018,tourism_comprehensive_income,1000.0000000000,1000.0000000000,2015,5,5,2014,94.0000000000,55.2997061970,51.8424245952,0.5305271866,False
official_only_nested,tourism_comprehensive_income_test_2018,tourism_comprehensive_income,1000.0000000000,1000.0000000000,2017,6,6,2015,130.0000000000,61.9289260551,70.9336266753,0.7415470769,False
official_only_nested,tourism_comprehensive_income_test_2019,tourism_comprehensive_income,0.0001000000,0.0001000000,2014,4,4,2013,79.0000000000,71.4388255371,10.0521583254,0.1006063559,False
official_only_nested,tourism_comprehensive_income_test_2019,tourism_comprehensive_income,0.0001000000,0.0001000000,2015,5,5,2014,94.0000000000,86.3908806673,8.4362572038,0.0844126599,False
official_only_nested,tourism_comprehensive_income_test_2019,tourism_comprehensive_income,0.0001000000,0.0001000000,2017,6,6,2015,130.0000000000,113.3814058848,13.6564205099,0.1367770419,False
official_only_nested,tourism_comprehensive_income_test_2019,tourism_comprehensive_income,0.0001000000,0.0001000000,2018,7,7,2017,142.0000000000,136.1895292254,4.1773468547,0.0417795448,False
official_only_nested,tourism_comprehensive_income_test_2019,tourism_comprehensive_income,0.0001778279,0.0001778279,2014,4,4,2013,79.0000000000,71.4383924727,10.0527629989,0.1006124179,False
official_only_nested,tourism_comprehensive_income_test_2019,tourism_comprehensive_income,0.0001778279,0.0001778279,2015,5,5,2014,94.0000000000,86.3903943124,8.4368191739,0.0844182896,False
official_only_nested,tourism_comprehensive_income_test_2019,tourism_comprehensive_income,0.0001778279,0.0001778279,2017,6,6,2015,130.0000000000,113.3807344934,13.6570099036,0.1367829634,False
official_only_nested,tourism_comprehensive_income_test_2019,tourism_comprehensive_income,0.0001778279,0.0001778279,2018,7,7,2017,142.0000000000,136.1888087706,4.1778756342,0.0417848349,False
official_only_nested,tourism_comprehensive_income_test_2019,tourism_comprehensive_income,0.0003162278,0.0003162278,2014,4,4,2013,79.0000000000,71.4376224049,10.0538382277,0.1006231975,False
official_only_nested,tourism_comprehensive_income_test_2019,tourism_comprehensive_income,0.0003162278,0.0003162278,2015,5,5,2014,94.0000000000,86.3895294748,8.4378184780,0.0844283004,False
official_only_nested,tourism_comprehensive_income_test_2019,tourism_comprehensive_income,0.0003162278,0.0003162278,2017,6,6,2015,130.0000000000,113.3795406150,13.6580579806,0.1367934933,False
official_only_nested,tourism_comprehensive_income_test_2019,tourism_comprehensive_income,0.0003162278,0.0003162278,2018,7,7,2017,142.0000000000,136.1875276403,4.1788159296,0.0417942419,False
official_only_nested,tourism_comprehensive_income_test_2019,tourism_comprehensive_income,0.0005623413,0.0005623413,2014,4,4,2013,79.0000000000,71.4362531407,10.0557501285,0.1006423649,False
official_only_nested,tourism_comprehensive_income_test_2019,tourism_comprehensive_income,0.0005623413,0.0005623413,2015,5,5,2014,94.0000000000,86.3879916703,8.4395954068,0.0844461014,False
official_only_nested,tourism_comprehensive_income_test_2019,tourism_comprehensive_income,0.0005623413,0.0005623413,2017,6,6,2015,130.0000000000,113.3774177016,13.6599216603,0.1368122174,False
official_only_nested,tourism_comprehensive_income_test_2019,tourism_comprehensive_income,0.0005623413,0.0005623413,2018,7,7,2017,142.0000000000,136.1852495579,4.1804879672,0.0418109696,False
official_only_nested,tourism_comprehensive_income_test_2019,tourism_comprehensive_income,0.0010000000,0.0010000000,2014,4,4,2013,79.0000000000,71.4338186226,10.0591495273,0.1006764451,False
official_only_nested,tourism_comprehensive_income_test_2019,tourism_comprehensive_income,0.0010000000,0.0010000000,2015,5,5,2014,94.0000000000,86.3852573980,8.4427549256,0.0844777530,False
official_only_nested,tourism_comprehensive_income_test_2019,tourism_comprehensive_income,0.0010000000,0.0010000000,2017,6,6,2015,130.0000000000,113.3736429986,13.6632355062,0.1368455112,False
official_only_nested,tourism_comprehensive_income_test_2019,tourism_comprehensive_income,0.0010000000,0.0010000000,2018,7,7,2017,142.0000000000,136.1811988864,4.1834610943,0.0418407139,False
official_only_nested,tourism_comprehensive_income_test_2019,tourism_comprehensive_income,0.0017782794,0.0017782794,2014,4,4,2013,79.0000000000,71.4294906846,10.0651930429,0.1007370336,False
official_only_nested,tourism_comprehensive_income_test_2019,tourism_comprehensive_income,0.0017782794,0.0017782794,2015,5,5,2014,94.0000000000,86.3803962798,8.4483723035,0.0845340271,False
official_only_nested,tourism_comprehensive_income_test_2019,tourism_comprehensive_income,0.0017782794,0.0017782794,2017,6,6,2015,130.0000000000,113.3669318819,13.6691275100,0.1369047077,False
official_only_nested,tourism_comprehensive_income_test_2019,tourism_comprehensive_income,0.0017782794,0.0017782794,2018,7,7,2017,142.0000000000,136.1739969116,4.1887474408,0.0418936005,False
official_only_nested,tourism_comprehensive_income_test_2019,tourism_comprehensive_income,0.0031622777,0.0031622777,2014,4,4,2013,79.0000000000,71.4217985586,10.0759351557,0.1008447278,False
official_only_nested,tourism_comprehensive_income_test_2019,tourism_comprehensive_income,0.0031622777,0.0031622777,2015,5,5,2014,94.0000000000,86.3717555896,8.4583580012,0.0846340628,False
official_only_nested,tourism_comprehensive_income_test_2019,tourism_comprehensive_income,0.0031622777,0.0031622777,2017,6,6,2015,130.0000000000,113.3550019399,13.6796021676,0.1370099462,False
official_only_nested,tourism_comprehensive_income_test_2019,tourism_comprehensive_income,0.0031622777,0.0031622777,2018,7,7,2017,142.0000000000,136.1611937425,4.1981458153,0.0419876256,False
official_only_nested,tourism_comprehensive_income_test_2019,tourism_comprehensive_income,0.0056234133,0.0056234133,2014,4,4,2013,79.0000000000,71.4081329401,10.0950220065,0.1010360829,False
official_only_nested,tourism_comprehensive_income_test_2019,tourism_comprehensive_income,0.0056234133,0.0056234133,2015,5,5,2014,94.0000000000,86.3564018312,8.4761040819,0.0848118423,False
official_only_nested,tourism_comprehensive_income_test_2019,tourism_comprehensive_income,0.0056234133,0.0056234133,2017,6,6,2015,130.0000000000,113.3338007524,13.6982196440,0.1371969972,False
official_only_nested,tourism_comprehensive_income_test_2019,tourism_comprehensive_income,0.0056234133,0.0056234133,2018,7,7,2017,142.0000000000,136.1384386268,4.2148517135,0.0421547585,False
official_only_nested,tourism_comprehensive_income_test_2019,tourism_comprehensive_income,0.0100000000,0.0100000000,2014,4,4,2013,79.0000000000,71.3838730898,10.1289144291,0.1013758757,False
official_only_nested,tourism_comprehensive_income_test_2019,tourism_comprehensive_income,0.0100000000,0.0100000000,2015,5,5,2014,94.0000000000,86.3291358228,8.5076259499,0.0851276302,False
official_only_nested,tourism_comprehensive_income_test_2019,tourism_comprehensive_income,0.0100000000,0.0100000000,2017,6,6,2015,130.0000000000,113.2961420114,13.7312970526,0.1375293341,False
official_only_nested,tourism_comprehensive_income_test_2019,tourism_comprehensive_income,0.0100000000,0.0100000000,2018,7,7,2017,142.0000000000,136.0980131435,4.2445372333,0.0424517466,False
official_only_nested,tourism_comprehensive_income_test_2019,tourism_comprehensive_income,0.0177827941,0.0177827941,2014,4,4,2013,79.0000000000,71.3408628584,10.1890291116,0.1019785776,False
official_only_nested,tourism_comprehensive_income_test_2019,tourism_comprehensive_income,0.0177827941,0.0177827941,2015,5,5,2014,94.0000000000,86.2807667368,8.5635682640,0.0856880742,False
official_only_nested,tourism_comprehensive_income_test_2019,tourism_comprehensive_income,0.0177827941,0.0177827941,2017,6,6,2015,130.0000000000,113.2293095610,13.7900242937,0.1381193998,False
official_only_nested,tourism_comprehensive_income_test_2019,tourism_comprehensive_income,0.0177827941,0.0177827941,2018,7,7,2017,142.0000000000,136.0262498955,4.2972561812,0.0429791766,False
official_only_nested,tourism_comprehensive_income_test_2019,tourism_comprehensive_income,0.0316227766,0.0316227766,2014,4,4,2013,79.0000000000,71.2647888568,10.2954407377,0.1030454920,False
official_only_nested,tourism_comprehensive_income_test_2019,tourism_comprehensive_income,0.0316227766,0.0316227766,2015,5,5,2014,94.0000000000,86.1951226207,8.6626954890,0.0866811883,False
official_only_nested,tourism_comprehensive_income_test_2019,tourism_comprehensive_income,0.0316227766,0.0316227766,2017,6,6,2015,130.0000000000,113.1108888447,13.8941626478,0.1391657957,False
official_only_nested,tourism_comprehensive_income_test_2019,tourism_comprehensive_income,0.0316227766,0.0316227766,2018,7,7,2017,142.0000000000,135.8990272154,4.3907838367,0.0439148946,False
official_only_nested,tourism_comprehensive_income_test_2019,tourism_comprehensive_income,0.0562341325,0.0562341325,2014,4,4,2013,79.0000000000,71.1307904296,10.4831387990,0.1049275513,False
official_only_nested,tourism_comprehensive_income_test_2019,tourism_comprehensive_income,0.0562341325,0.0562341325,2015,5,5,2014,94.0000000000,86.0439816477,8.8378609266,0.0884362022,False
official_only_nested,tourism_comprehensive_income_test_2019,tourism_comprehensive_income,0.0562341325,0.0562341325,2017,6,6,2015,130.0000000000,112.9016407386,14.0784222036,0.1410174467,False
official_only_nested,tourism_comprehensive_income_test_2019,tourism_comprehensive_income,0.0562341325,0.0562341325,2018,7,7,2017,142.0000000000,135.6740225723,4.5564056508,0.0455719419,False
official_only_nested,tourism_comprehensive_income_test_2019,tourism_comprehensive_income,0.1000000000,0.1000000000,2014,4,4,2013,79.0000000000,70.8964777805,10.8121582835,0.1082270989,False
official_only_nested,tourism_comprehensive_income_test_2019,tourism_comprehensive_income,0.1000000000,0.1000000000,2015,5,5,2014,94.0000000000,85.7788142588,9.1458893809,0.0915227263,False
official_only_nested,tourism_comprehensive_income_test_2019,tourism_comprehensive_income,0.1000000000,0.1000000000,2017,6,6,2015,130.0000000000,112.5337101686,14.4031852885,0.1442816278,False
official_only_nested,tourism_comprehensive_income_test_2019,tourism_comprehensive_income,0.1000000000,0.1000000000,2018,7,7,2017,142.0000000000,135.2777548529,4.8487446464,0.0484969494,False
official_only_nested,tourism_comprehensive_income_test_2019,tourism_comprehensive_income,0.1778279410,0.1778279410,2014,4,4,2013,79.0000000000,70.4919315123,11.3826457410,0.1139495958,False
official_only_nested,tourism_comprehensive_income_test_2019,tourism_comprehensive_income,0.1778279410,0.1778279410,2015,5,5,2014,94.0000000000,85.3183460268,9.6829512045,0.0969052744,False
official_only_nested,tourism_comprehensive_income_test_2019,tourism_comprehensive_income,0.1778279410,0.1778279410,2017,6,6,2015,130.0000000000,111.8923046072,14.9717002549,0.1499976078,False
official_only_nested,tourism_comprehensive_income_test_2019,tourism_comprehensive_income,0.1778279410,0.1778279410,2018,7,7,2017,142.0000000000,134.5850174542,5.3618107112,0.0536309582,False
official_only_nested,tourism_comprehensive_income_test_2019,tourism_comprehensive_income,0.3162277660,0.3162277660,2014,4,4,2013,79.0000000000,69.8085744268,12.3533547829,0.1236910075,False
official_only_nested,tourism_comprehensive_income_test_2019,tourism_comprehensive_income,0.3162277660,0.3162277660,2015,5,5,2014,94.0000000000,84.5328097064,10.6055467442,0.1061550427,False
official_only_nested,tourism_comprehensive_income_test_2019,tourism_comprehensive_income,0.3162277660,0.3162277660,2017,6,6,2015,130.0000000000,110.7907531895,15.9551366122,0.1598911346,False
official_only_nested,tourism_comprehensive_income_test_2019,tourism_comprehensive_income,0.3162277660,0.3162277660,2018,7,7,2017,142.0000000000,133.3895444709,6.2532915297,0.0625533045,False
official_only_nested,tourism_comprehensive_income_test_2019,tourism_comprehensive_income,0.5623413252,0.5623413252,2014,4,4,2013,79.0000000000,68.6957914363,13.9532866354,0.1397599151,False
official_only_nested,tourism_comprehensive_income_test_2019,tourism_comprehensive_income,0.5623413252,0.5623413252,2015,5,5,2014,94.0000000000,83.2324717202,12.1507398450,0.1216572255,False
official_only_nested,tourism_comprehensive_income_test_2019,tourism_comprehensive_income,0.5623413252,0.5623413252,2017,6,6,2015,130.0000000000,108.9466646583,17.6217863277,0.1766760030,False
official_only_nested,tourism_comprehensive_income_test_2019,tourism_comprehensive_income,0.5623413252,0.5623413252,2018,7,7,2017,142.0000000000,131.3717518278,7.7756740418,0.0777959531,False
official_only_nested,tourism_comprehensive_income_test_2019,tourism_comprehensive_income,1.0000000000,1.0000000000,2014,4,4,2013,79.0000000000,66.9875674000,16.4567884977,0.1649408115,False
official_only_nested,tourism_comprehensive_income_test_2019,tourism_comprehensive_income,1.0000000000,1.0000000000,2015,5,5,2014,94.0000000000,81.1836292000,14.6319274906,0.1465811663,False
official_only_nested,tourism_comprehensive_income_test_2019,tourism_comprehensive_income,1.0000000000,1.0000000000,2017,6,6,2015,130.0000000000,105.9876882041,20.3504784327,0.2042115121,False
official_only_nested,tourism_comprehensive_income_test_2019,tourism_comprehensive_income,1.0000000000,1.0000000000,2018,7,7,2017,142.0000000000,128.0902415820,10.3000821774,0.1030920297,False
official_only_nested,tourism_comprehensive_income_test_2019,tourism_comprehensive_income,1.7782794100,1.7782794100,2014,4,4,2013,79.0000000000,64.5890986555,20.0724170281,0.2014022074,False
official_only_nested,tourism_comprehensive_income_test_2019,tourism_comprehensive_income,1.7782794100,1.7782794100,2015,5,5,2014,94.0000000000,78.1937974691,18.3586200701,0.1841044541,False
official_only_nested,tourism_comprehensive_income_test_2019,tourism_comprehensive_income,1.7782794100,1.7782794100,2017,6,6,2015,130.0000000000,101.5483647941,24.5751121855,0.2469992650,False
official_only_nested,tourism_comprehensive_income_test_2019,tourism_comprehensive_income,1.7782794100,1.7782794100,2018,7,7,2017,142.0000000000,123.0631055212,14.2885932326,0.1431297808,False
official_only_nested,tourism_comprehensive_income_test_2019,tourism_comprehensive_income,3.1622776602,3.1622776602,2014,4,4,2013,79.0000000000,61.6115908107,24.7325403106,0.2485978371,False
official_only_nested,tourism_comprehensive_income_test_2019,tourism_comprehensive_income,3.1622776602,3.1622776602,2015,5,5,2014,94.0000000000,74.2855088067,23.4298144066,0.2353788858,False
official_only_nested,tourism_comprehensive_income_test_2019,tourism_comprehensive_income,3.1622776602,3.1622776602,2017,6,6,2015,130.0000000000,95.5170586111,30.5812266276,0.3082295947,False
official_only_nested,tourism_comprehensive_income_test_2019,tourism_comprehensive_income,3.1622776602,3.1622776602,2018,7,7,2017,142.0000000000,116.0255866916,20.1332074400,0.2020163159,False
official_only_nested,tourism_comprehensive_income_test_2019,tourism_comprehensive_income,5.6234132519,5.6234132519,2014,4,4,2013,79.0000000000,58.4323581087,29.9312944554,0.3015780389,False
official_only_nested,tourism_comprehensive_income_test_2019,tourism_comprehensive_income,5.6234132519,5.6234132519,2015,5,5,2014,94.0000000000,69.8510357147,29.4767307145,0.2969298690,False
official_only_nested,tourism_comprehensive_income_test_2019,tourism_comprehensive_income,5.6234132519,5.6234132519,2017,6,6,2015,130.0000000000,88.3397563333,38.1609326367,0.3863442026,False
official_only_nested,tourism_comprehensive_income_test_2019,tourism_comprehensive_income,5.6234132519,5.6234132519,2018,7,7,2017,142.0000000000,107.3229236151,27.8169980378,0.2799847904,False
official_only_nested,tourism_comprehensive_income_test_2019,tourism_comprehensive_income,10.0000000000,10.0000000000,2014,4,4,2013,79.0000000000,55.5400441429,34.8743097367,0.3523435758,False
official_only_nested,tourism_comprehensive_income_test_2019,tourism_comprehensive_income,10.0000000000,10.0000000000,2015,5,5,2014,94.0000000000,65.5600000000,35.6480320882,0.3603290284,False
official_only_nested,tourism_comprehensive_income_test_2019,tourism_comprehensive_income,10.0000000000,10.0000000000,2017,6,6,2015,130.0000000000,81.0309794643,46.4093192952,0.4727029064,False
official_only_nested,tourism_comprehensive_income_test_2019,tourism_comprehensive_income,10.0000000000,10.0000000000,2018,7,7,2017,142.0000000000,98.0718038033,36.5958813162,0.3701271553,False
official_only_nested,tourism_comprehensive_income_test_2019,tourism_comprehensive_income,17.7827941004,17.7827941004,2014,4,4,2013,79.0000000000,53.2677686523,38.9092998391,0.3941164199,False
official_only_nested,tourism_comprehensive_income_test_2019,tourism_comprehensive_income,17.7827941004,17.7827941004,2015,5,5,2014,94.0000000000,62.0018912322,41.0227190389,0.4161298939,False
official_only_nested,tourism_comprehensive_income_test_2019,tourism_comprehensive_income,17.7827941004,17.7827941004,2017,6,6,2015,130.0000000000,74.6789060887,54.0564682198,0.5543367799,False
official_only_nested,tourism_comprehensive_income_test_2019,tourism_comprehensive_income,17.7827941004,17.7827941004,2018,7,7,2017,142.0000000000,89.6922511005,45.1527823231,0.4594426791,False
official_only_nested,tourism_comprehensive_income_test_2019,tourism_comprehensive_income,31.6227766017,31.6227766017,2014,4,4,2013,79.0000000000,51.6797293286,41.8125608489,0.4243822305,False
official_only_nested,tourism_comprehensive_income_test_2019,tourism_comprehensive_income,31.6227766017,31.6227766017,2015,5,5,2014,94.0000000000,59.4103435067,45.0942950817,0.4588264380,False
official_only_nested,tourism_comprehensive_income_test_2019,tourism_comprehensive_income,31.6227766017,31.6227766017,2017,6,6,2015,130.0000000000,69.8751091061,60.1624596107,0.6208249575,False
official_only_nested,tourism_comprehensive_income_test_2019,tourism_comprehensive_income,31.6227766017,31.6227766017,2018,7,7,2017,142.0000000000,83.1334227378,52.2948361433,0.5353802376,False
official_only_nested,tourism_comprehensive_income_test_2019,tourism_comprehensive_income,56.2341325190,56.2341325190,2014,4,4,2013,79.0000000000,50.6584790720,43.7171886187,0.4443412306,False
official_only_nested,tourism_comprehensive_income_test_2019,tourism_comprehensive_income,56.2341325190,56.2341325190,2015,5,5,2014,94.0000000000,57.6957047870,47.8646317164,0.4881120520,False
official_only_nested,tourism_comprehensive_income_test_2019,tourism_comprehensive_income,56.2341325190,56.2341325190,2017,6,6,2015,130.0000000000,66.6105925107,64.4821895706,0.6686708388,False
official_only_nested,tourism_comprehensive_income_test_2019,tourism_comprehensive_income,56.2341325190,56.2341325190,2018,7,7,2017,142.0000000000,78.5622780317,57.5236368924,0.5919353966,False
official_only_nested,tourism_comprehensive_income_test_2019,tourism_comprehensive_income,100.0000000000,100.0000000000,2014,4,4,2013,79.0000000000,50.0364271923,44.8920873553,0.4566965685,False
official_only_nested,tourism_comprehensive_income_test_2019,tourism_comprehensive_income,100.0000000000,100.0000000000,2015,5,5,2014,94.0000000000,56.6322118857,49.6146045344,0.5067168444,False
official_only_nested,tourism_comprehensive_income_test_2019,tourism_comprehensive_income,100.0000000000,100.0000000000,2017,6,6,2015,130.0000000000,64.5501340701,67.2832904925,0.7000922562,False
official_only_nested,tourism_comprehensive_income_test_2019,tourism_comprehensive_income,100.0000000000,100.0000000000,2018,7,7,2017,142.0000000000,75.6281120061,60.9956934167,0.6299989916,False
official_only_nested,tourism_comprehensive_income_test_2019,tourism_comprehensive_income,177.8279410039,177.8279410039,2014,4,4,2013,79.0000000000,49.6699823225,45.5895262408,0.4640470792,False
official_only_nested,tourism_comprehensive_income_test_2019,tourism_comprehensive_income,177.8279410039,177.8279410039,2015,5,5,2014,94.0000000000,55.9988008921,50.6686705253,0.5179645044,False
official_only_nested,tourism_comprehensive_income_test_2019,tourism_comprehensive_income,177.8279410039,177.8279410039,2017,6,6,2015,130.0000000000,63.3096791766,68.9984289535,0.7194962234,False
official_only_nested,tourism_comprehensive_income_test_2019,tourism_comprehensive_income,177.8279410039,177.8279410039,2018,7,7,2017,142.0000000000,73.8429870409,63.1542529072,0.6538860153,False
official_only_nested,tourism_comprehensive_income_test_2019,tourism_comprehensive_income,316.2277660168,316.2277660168,2014,4,4,2013,79.0000000000,49.4583495119,45.9941305494,0.4683169611,False
official_only_nested,tourism_comprehensive_income_test_2019,tourism_comprehensive_income,316.2277660168,316.2277660168,2015,5,5,2014,94.0000000000,55.6306195144,51.2854663172,0.5245610219,False
official_only_nested,tourism_comprehensive_income_test_2019,tourism_comprehensive_income,316.2277660168,316.2277660168,2017,6,6,2015,130.0000000000,62.5840347205,70.0119980115,0.7310242413,False
official_only_nested,tourism_comprehensive_income_test_2019,tourism_comprehensive_income,316.2277660168,316.2277660168,2018,7,7,2017,142.0000000000,72.7921297523,64.4417189099,0.6682192160,False
official_only_nested,tourism_comprehensive_income_test_2019,tourism_comprehensive_income,562.3413251903,562.3413251903,2014,4,4,2013,79.0000000000,49.3375221293,46.2257294336,0.4707629629,False
official_only_nested,tourism_comprehensive_income_test_2019,tourism_comprehensive_income,562.3413251903,562.3413251903,2015,5,5,2014,94.0000000000,55.4196304394,51.6402957859,0.5283609112,False
official_only_nested,tourism_comprehensive_income_test_2019,tourism_comprehensive_income,562.3413251903,562.3413251903,2017,6,6,2015,130.0000000000,62.1666599735,70.5984482802,0.7377156077,False
official_only_nested,tourism_comprehensive_income_test_2019,tourism_comprehensive_income,562.3413251903,562.3413251903,2018,7,7,2017,142.0000000000,72.1854791147,65.1907133704,0.6765881522,False
official_only_nested,tourism_comprehensive_income_test_2019,tourism_comprehensive_income,1000.0000000000,1000.0000000000,2014,4,4,2013,79.0000000000,49.2689905657,46.3572829304,0.4721529639,False
official_only_nested,tourism_comprehensive_income_test_2019,tourism_comprehensive_income,1000.0000000000,1000.0000000000,2015,5,5,2014,94.0000000000,55.2997061970,51.8424245952,0.5305271866,False
official_only_nested,tourism_comprehensive_income_test_2019,tourism_comprehensive_income,1000.0000000000,1000.0000000000,2017,6,6,2015,130.0000000000,61.9289260551,70.9336266753,0.7415470769,False
official_only_nested,tourism_comprehensive_income_test_2019,tourism_comprehensive_income,1000.0000000000,1000.0000000000,2018,7,7,2017,142.0000000000,71.8392067375,65.6201398546,0.6813966757,False
official_only_nested,tourism_comprehensive_income_test_2021,tourism_comprehensive_income,0.0001000000,0.0001000000,2014,4,4,2013,79.0000000000,71.4388255371,10.0521583254,0.1006063559,False
official_only_nested,tourism_comprehensive_income_test_2021,tourism_comprehensive_income,0.0001000000,0.0001000000,2015,5,5,2014,94.0000000000,86.3908806673,8.4362572038,0.0844126599,False
official_only_nested,tourism_comprehensive_income_test_2021,tourism_comprehensive_income,0.0001000000,0.0001000000,2017,6,6,2015,130.0000000000,113.3814058848,13.6564205099,0.1367770419,False
official_only_nested,tourism_comprehensive_income_test_2021,tourism_comprehensive_income,0.0001000000,0.0001000000,2018,7,7,2017,142.0000000000,136.1895292254,4.1773468547,0.0417795448,False
official_only_nested,tourism_comprehensive_income_test_2021,tourism_comprehensive_income,0.0001000000,0.0001000000,2019,8,8,2018,165.0000000000,152.5928653867,7.8132325789,0.0781721098,False
official_only_nested,tourism_comprehensive_income_test_2021,tourism_comprehensive_income,0.0001778279,0.0001778279,2014,4,4,2013,79.0000000000,71.4383924727,10.0527629989,0.1006124179,False
official_only_nested,tourism_comprehensive_income_test_2021,tourism_comprehensive_income,0.0001778279,0.0001778279,2015,5,5,2014,94.0000000000,86.3903943124,8.4368191739,0.0844182896,False
official_only_nested,tourism_comprehensive_income_test_2021,tourism_comprehensive_income,0.0001778279,0.0001778279,2017,6,6,2015,130.0000000000,113.3807344934,13.6570099036,0.1367829634,False
official_only_nested,tourism_comprehensive_income_test_2021,tourism_comprehensive_income,0.0001778279,0.0001778279,2018,7,7,2017,142.0000000000,136.1888087706,4.1778756342,0.0417848349,False
official_only_nested,tourism_comprehensive_income_test_2021,tourism_comprehensive_income,0.0001778279,0.0001778279,2019,8,8,2018,165.0000000000,152.5921612763,7.8136933064,0.0781767242,False
official_only_nested,tourism_comprehensive_income_test_2021,tourism_comprehensive_income,0.0003162278,0.0003162278,2014,4,4,2013,79.0000000000,71.4376224049,10.0538382277,0.1006231975,False
official_only_nested,tourism_comprehensive_income_test_2021,tourism_comprehensive_income,0.0003162278,0.0003162278,2015,5,5,2014,94.0000000000,86.3895294748,8.4378184780,0.0844283004,False
official_only_nested,tourism_comprehensive_income_test_2021,tourism_comprehensive_income,0.0003162278,0.0003162278,2017,6,6,2015,130.0000000000,113.3795406150,13.6580579806,0.1367934933,False
official_only_nested,tourism_comprehensive_income_test_2021,tourism_comprehensive_income,0.0003162278,0.0003162278,2018,7,7,2017,142.0000000000,136.1875276403,4.1788159296,0.0417942419,False
official_only_nested,tourism_comprehensive_income_test_2021,tourism_comprehensive_income,0.0003162278,0.0003162278,2019,8,8,2018,165.0000000000,152.5909092052,7.8145125916,0.0781849295,False
official_only_nested,tourism_comprehensive_income_test_2021,tourism_comprehensive_income,0.0005623413,0.0005623413,2014,4,4,2013,79.0000000000,71.4362531407,10.0557501285,0.1006423649,False
official_only_nested,tourism_comprehensive_income_test_2021,tourism_comprehensive_income,0.0005623413,0.0005623413,2015,5,5,2014,94.0000000000,86.3879916703,8.4395954068,0.0844461014,False
official_only_nested,tourism_comprehensive_income_test_2021,tourism_comprehensive_income,0.0005623413,0.0005623413,2017,6,6,2015,130.0000000000,113.3774177016,13.6599216603,0.1368122174,False
official_only_nested,tourism_comprehensive_income_test_2021,tourism_comprehensive_income,0.0005623413,0.0005623413,2018,7,7,2017,142.0000000000,136.1852495579,4.1804879672,0.0418109696,False
official_only_nested,tourism_comprehensive_income_test_2021,tourism_comprehensive_income,0.0005623413,0.0005623413,2019,8,8,2018,165.0000000000,152.5886827799,7.8159694555,0.0781995204,False
official_only_nested,tourism_comprehensive_income_test_2021,tourism_comprehensive_income,0.0010000000,0.0010000000,2014,4,4,2013,79.0000000000,71.4338186226,10.0591495273,0.1006764451,False
official_only_nested,tourism_comprehensive_income_test_2021,tourism_comprehensive_income,0.0010000000,0.0010000000,2015,5,5,2014,94.0000000000,86.3852573980,8.4427549256,0.0844777530,False
official_only_nested,tourism_comprehensive_income_test_2021,tourism_comprehensive_income,0.0010000000,0.0010000000,2017,6,6,2015,130.0000000000,113.3736429986,13.6632355062,0.1368455112,False
official_only_nested,tourism_comprehensive_income_test_2021,tourism_comprehensive_income,0.0010000000,0.0010000000,2018,7,7,2017,142.0000000000,136.1811988864,4.1834610943,0.0418407139,False
official_only_nested,tourism_comprehensive_income_test_2021,tourism_comprehensive_income,0.0010000000,0.0010000000,2019,8,8,2018,165.0000000000,152.5847239119,7.8185599957,0.0782254655,False
official_only_nested,tourism_comprehensive_income_test_2021,tourism_comprehensive_income,0.0017782794,0.0017782794,2014,4,4,2013,79.0000000000,71.4294906846,10.0651930429,0.1007370336,False
official_only_nested,tourism_comprehensive_income_test_2021,tourism_comprehensive_income,0.0017782794,0.0017782794,2015,5,5,2014,94.0000000000,86.3803962798,8.4483723035,0.0845340271,False
official_only_nested,tourism_comprehensive_income_test_2021,tourism_comprehensive_income,0.0017782794,0.0017782794,2017,6,6,2015,130.0000000000,113.3669318819,13.6691275100,0.1369047077,False
official_only_nested,tourism_comprehensive_income_test_2021,tourism_comprehensive_income,0.0017782794,0.0017782794,2018,7,7,2017,142.0000000000,136.1739969116,4.1887474408,0.0418936005,False
official_only_nested,tourism_comprehensive_income_test_2021,tourism_comprehensive_income,0.0017782794,0.0017782794,2019,8,8,2018,165.0000000000,152.5776850084,7.8231661594,0.0782715977,False
official_only_nested,tourism_comprehensive_income_test_2021,tourism_comprehensive_income,0.0031622777,0.0031622777,2014,4,4,2013,79.0000000000,71.4217985586,10.0759351557,0.1008447278,False
official_only_nested,tourism_comprehensive_income_test_2021,tourism_comprehensive_income,0.0031622777,0.0031622777,2015,5,5,2014,94.0000000000,86.3717555896,8.4583580012,0.0846340628,False
official_only_nested,tourism_comprehensive_income_test_2021,tourism_comprehensive_income,0.0031622777,0.0031622777,2017,6,6,2015,130.0000000000,113.3550019399,13.6796021676,0.1370099462,False
official_only_nested,tourism_comprehensive_income_test_2021,tourism_comprehensive_income,0.0031622777,0.0031622777,2018,7,7,2017,142.0000000000,136.1611937425,4.1981458153,0.0419876256,False
official_only_nested,tourism_comprehensive_income_test_2021,tourism_comprehensive_income,0.0031622777,0.0031622777,2019,8,8,2018,165.0000000000,152.5651712529,7.8313554966,0.0783536167,False
official_only_nested,tourism_comprehensive_income_test_2021,tourism_comprehensive_income,0.0056234133,0.0056234133,2014,4,4,2013,79.0000000000,71.4081329401,10.0950220065,0.1010360829,False
official_only_nested,tourism_comprehensive_income_test_2021,tourism_comprehensive_income,0.0056234133,0.0056234133,2015,5,5,2014,94.0000000000,86.3564018312,8.4761040819,0.0848118423,False
official_only_nested,tourism_comprehensive_income_test_2021,tourism_comprehensive_income,0.0056234133,0.0056234133,2017,6,6,2015,130.0000000000,113.3338007524,13.6982196440,0.1371969972,False
official_only_nested,tourism_comprehensive_income_test_2021,tourism_comprehensive_income,0.0056234133,0.0056234133,2018,7,7,2017,142.0000000000,136.1384386268,4.2148517135,0.0421547585,False
official_only_nested,tourism_comprehensive_income_test_2021,tourism_comprehensive_income,0.0056234133,0.0056234133,2019,8,8,2018,165.0000000000,152.5429289874,7.8459130249,0.0784994159,False
official_only_nested,tourism_comprehensive_income_test_2021,tourism_comprehensive_income,0.0100000000,0.0100000000,2014,4,4,2013,79.0000000000,71.3838730898,10.1289144291,0.1013758757,False
official_only_nested,tourism_comprehensive_income_test_2021,tourism_comprehensive_income,0.0100000000,0.0100000000,2015,5,5,2014,94.0000000000,86.3291358228,8.5076259499,0.0851276302,False
official_only_nested,tourism_comprehensive_income_test_2021,tourism_comprehensive_income,0.0100000000,0.0100000000,2017,6,6,2015,130.0000000000,113.2961420114,13.7312970526,0.1375293341,False
official_only_nested,tourism_comprehensive_income_test_2021,tourism_comprehensive_income,0.0100000000,0.0100000000,2018,7,7,2017,142.0000000000,136.0980131435,4.2445372333,0.0424517466,False
official_only_nested,tourism_comprehensive_income_test_2021,tourism_comprehensive_income,0.0100000000,0.0100000000,2019,8,8,2018,165.0000000000,152.5034097890,7.8717833105,0.0787585188,False
official_only_nested,tourism_comprehensive_income_test_2021,tourism_comprehensive_income,0.0177827941,0.0177827941,2014,4,4,2013,79.0000000000,71.3408628584,10.1890291116,0.1019785776,False
official_only_nested,tourism_comprehensive_income_test_2021,tourism_comprehensive_income,0.0177827941,0.0177827941,2015,5,5,2014,94.0000000000,86.2807667368,8.5635682640,0.0856880742,False
official_only_nested,tourism_comprehensive_income_test_2021,tourism_comprehensive_income,0.0177827941,0.0177827941,2017,6,6,2015,130.0000000000,113.2293095610,13.7900242937,0.1381193998,False
official_only_nested,tourism_comprehensive_income_test_2021,tourism_comprehensive_income,0.0177827941,0.0177827941,2018,7,7,2017,142.0000000000,136.0262498955,4.2972561812,0.0429791766,False
official_only_nested,tourism_comprehensive_income_test_2021,tourism_comprehensive_income,0.0177827941,0.0177827941,2019,8,8,2018,165.0000000000,152.4332401896,7.9177340110,0.0792187430,False
official_only_nested,tourism_comprehensive_income_test_2021,tourism_comprehensive_income,0.0316227766,0.0316227766,2014,4,4,2013,79.0000000000,71.2647888568,10.2954407377,0.1030454920,False
official_only_nested,tourism_comprehensive_income_test_2021,tourism_comprehensive_income,0.0316227766,0.0316227766,2015,5,5,2014,94.0000000000,86.1951226207,8.6626954890,0.0866811883,False
official_only_nested,tourism_comprehensive_income_test_2021,tourism_comprehensive_income,0.0316227766,0.0316227766,2017,6,6,2015,130.0000000000,113.1108888447,13.8941626478,0.1391657957,False
official_only_nested,tourism_comprehensive_income_test_2021,tourism_comprehensive_income,0.0316227766,0.0316227766,2018,7,7,2017,142.0000000000,135.8990272154,4.3907838367,0.0439148946,False
official_only_nested,tourism_comprehensive_income_test_2021,tourism_comprehensive_income,0.0316227766,0.0316227766,2019,8,8,2018,165.0000000000,152.3087949722,7.9992771892,0.0800354680,False
official_only_nested,tourism_comprehensive_income_test_2021,tourism_comprehensive_income,0.0562341325,0.0562341325,2014,4,4,2013,79.0000000000,71.1307904296,10.4831387990,0.1049275513,False
official_only_nested,tourism_comprehensive_income_test_2021,tourism_comprehensive_income,0.0562341325,0.0562341325,2015,5,5,2014,94.0000000000,86.0439816477,8.8378609266,0.0884362022,False
official_only_nested,tourism_comprehensive_income_test_2021,tourism_comprehensive_income,0.0562341325,0.0562341325,2017,6,6,2015,130.0000000000,112.9016407386,14.0784222036,0.1410174467,False
official_only_nested,tourism_comprehensive_income_test_2021,tourism_comprehensive_income,0.0562341325,0.0562341325,2018,7,7,2017,142.0000000000,135.6740225723,4.5564056508,0.0455719419,False
official_only_nested,tourism_comprehensive_income_test_2021,tourism_comprehensive_income,0.0562341325,0.0562341325,2019,8,8,2018,165.0000000000,152.0885528323,8.1437485222,0.0814825383,False
official_only_nested,tourism_comprehensive_income_test_2021,tourism_comprehensive_income,0.1000000000,0.1000000000,2014,4,4,2013,79.0000000000,70.8964777805,10.8121582835,0.1082270989,False
official_only_nested,tourism_comprehensive_income_test_2021,tourism_comprehensive_income,0.1000000000,0.1000000000,2015,5,5,2014,94.0000000000,85.7788142588,9.1458893809,0.0915227263,False
official_only_nested,tourism_comprehensive_income_test_2021,tourism_comprehensive_income,0.1000000000,0.1000000000,2017,6,6,2015,130.0000000000,112.5337101686,14.4031852885,0.1442816278,False
official_only_nested,tourism_comprehensive_income_test_2021,tourism_comprehensive_income,0.1000000000,0.1000000000,2018,7,7,2017,142.0000000000,135.2777548529,4.8487446464,0.0484969494,False
official_only_nested,tourism_comprehensive_income_test_2021,tourism_comprehensive_income,0.1000000000,0.1000000000,2019,8,8,2018,165.0000000000,151.7002069525,8.3989797010,0.0840392233,False
official_only_nested,tourism_comprehensive_income_test_2021,tourism_comprehensive_income,0.1778279410,0.1778279410,2014,4,4,2013,79.0000000000,70.4919315123,11.3826457410,0.1139495958,False
official_only_nested,tourism_comprehensive_income_test_2021,tourism_comprehensive_income,0.1778279410,0.1778279410,2015,5,5,2014,94.0000000000,85.3183460268,9.6829512045,0.0969052744,False
official_only_nested,tourism_comprehensive_income_test_2021,tourism_comprehensive_income,0.1778279410,0.1778279410,2017,6,6,2015,130.0000000000,111.8923046072,14.9717002549,0.1499976078,False
official_only_nested,tourism_comprehensive_income_test_2021,tourism_comprehensive_income,0.1778279410,0.1778279410,2018,7,7,2017,142.0000000000,134.5850174542,5.3618107112,0.0536309582,False
official_only_nested,tourism_comprehensive_income_test_2021,tourism_comprehensive_income,0.1778279410,0.1778279410,2019,8,8,2018,165.0000000000,151.0198876201,8.8476155632,0.0885339397,False
official_only_nested,tourism_comprehensive_income_test_2021,tourism_comprehensive_income,0.3162277660,0.3162277660,2014,4,4,2013,79.0000000000,69.8085744268,12.3533547829,0.1236910075,False
official_only_nested,tourism_comprehensive_income_test_2021,tourism_comprehensive_income,0.3162277660,0.3162277660,2015,5,5,2014,94.0000000000,84.5328097064,10.6055467442,0.1061550427,False
official_only_nested,tourism_comprehensive_income_test_2021,tourism_comprehensive_income,0.3162277660,0.3162277660,2017,6,6,2015,130.0000000000,110.7907531895,15.9551366122,0.1598911346,False
official_only_nested,tourism_comprehensive_income_test_2021,tourism_comprehensive_income,0.3162277660,0.3162277660,2018,7,7,2017,142.0000000000,133.3895444709,6.2532915297,0.0625533045,False
official_only_nested,tourism_comprehensive_income_test_2021,tourism_comprehensive_income,0.3162277660,0.3162277660,2019,8,8,2018,165.0000000000,149.8415453537,9.6292594608,0.0963671025,False
official_only_nested,tourism_comprehensive_income_test_2021,tourism_comprehensive_income,0.5623413252,0.5623413252,2014,4,4,2013,79.0000000000,68.6957914363,13.9532866354,0.1397599151,False
official_only_nested,tourism_comprehensive_income_test_2021,tourism_comprehensive_income,0.5623413252,0.5623413252,2015,5,5,2014,94.0000000000,83.2324717202,12.1507398450,0.1216572255,False
official_only_nested,tourism_comprehensive_income_test_2021,tourism_comprehensive_income,0.5623413252,0.5623413252,2017,6,6,2015,130.0000000000,108.9466646583,17.6217863277,0.1766760030,False
official_only_nested,tourism_comprehensive_income_test_2021,tourism_comprehensive_income,0.5623413252,0.5623413252,2018,7,7,2017,142.0000000000,131.3717518278,7.7756740418,0.0777959531,False
official_only_nested,tourism_comprehensive_income_test_2021,tourism_comprehensive_income,0.5623413252,0.5623413252,2019,8,8,2018,165.0000000000,147.8402237274,10.9703132597,0.1098133527,False
official_only_nested,tourism_comprehensive_income_test_2021,tourism_comprehensive_income,1.0000000000,1.0000000000,2014,4,4,2013,79.0000000000,66.9875674000,16.4567884977,0.1649408115,False
official_only_nested,tourism_comprehensive_income_test_2021,tourism_comprehensive_income,1.0000000000,1.0000000000,2015,5,5,2014,94.0000000000,81.1836292000,14.6319274906,0.1465811663,False
official_only_nested,tourism_comprehensive_income_test_2021,tourism_comprehensive_income,1.0000000000,1.0000000000,2017,6,6,2015,130.0000000000,105.9876882041,20.3504784327,0.2042115121,False
official_only_nested,tourism_comprehensive_income_test_2021,tourism_comprehensive_income,1.0000000000,1.0000000000,2018,7,7,2017,142.0000000000,128.0902415820,10.3000821774,0.1030920297,False
official_only_nested,tourism_comprehensive_income_test_2021,tourism_comprehensive_income,1.0000000000,1.0000000000,2019,8,8,2018,165.0000000000,144.5517017072,13.2115560535,0.1323082331,False
official_only_nested,tourism_comprehensive_income_test_2021,tourism_comprehensive_income,1.7782794100,1.7782794100,2014,4,4,2013,79.0000000000,64.5890986555,20.0724170281,0.2014022074,False
official_only_nested,tourism_comprehensive_income_test_2021,tourism_comprehensive_income,1.7782794100,1.7782794100,2015,5,5,2014,94.0000000000,78.1937974691,18.3586200701,0.1841044541,False
official_only_nested,tourism_comprehensive_income_test_2021,tourism_comprehensive_income,1.7782794100,1.7782794100,2017,6,6,2015,130.0000000000,101.5483647941,24.5751121855,0.2469992650,False
official_only_nested,tourism_comprehensive_income_test_2021,tourism_comprehensive_income,1.7782794100,1.7782794100,2018,7,7,2017,142.0000000000,123.0631055212,14.2885932326,0.1431297808,False
official_only_nested,tourism_comprehensive_income_test_2021,tourism_comprehensive_income,1.7782794100,1.7782794100,2019,8,8,2018,165.0000000000,139.4309838483,16.7979065918,0.1683757345,False
official_only_nested,tourism_comprehensive_income_test_2021,tourism_comprehensive_income,3.1622776602,3.1622776602,2014,4,4,2013,79.0000000000,61.6115908107,24.7325403106,0.2485978371,False
official_only_nested,tourism_comprehensive_income_test_2021,tourism_comprehensive_income,3.1622776602,3.1622776602,2015,5,5,2014,94.0000000000,74.2855088067,23.4298144066,0.2353788858,False
official_only_nested,tourism_comprehensive_income_test_2021,tourism_comprehensive_income,3.1622776602,3.1622776602,2017,6,6,2015,130.0000000000,95.5170586111,30.5812266276,0.3082295947,False
official_only_nested,tourism_comprehensive_income_test_2021,tourism_comprehensive_income,3.1622776602,3.1622776602,2018,7,7,2017,142.0000000000,116.0255866916,20.1332074400,0.2020163159,False
official_only_nested,tourism_comprehensive_income_test_2021,tourism_comprehensive_income,3.1622776602,3.1622776602,2019,8,8,2018,165.0000000000,132.0888797820,22.1557402230,0.2224704462,False
official_only_nested,tourism_comprehensive_income_test_2021,tourism_comprehensive_income,5.6234132519,5.6234132519,2014,4,4,2013,79.0000000000,58.4323581087,29.9312944554,0.3015780389,False
official_only_nested,tourism_comprehensive_income_test_2021,tourism_comprehensive_income,5.6234132519,5.6234132519,2015,5,5,2014,94.0000000000,69.8510357147,29.4767307145,0.2969298690,False
official_only_nested,tourism_comprehensive_income_test_2021,tourism_comprehensive_income,5.6234132519,5.6234132519,2017,6,6,2015,130.0000000000,88.3397563333,38.1609326367,0.3863442026,False
official_only_nested,tourism_comprehensive_income_test_2021,tourism_comprehensive_income,5.6234132519,5.6234132519,2018,7,7,2017,142.0000000000,107.3229236151,27.8169980378,0.2799847904,False
official_only_nested,tourism_comprehensive_income_test_2021,tourism_comprehensive_income,5.6234132519,5.6234132519,2019,8,8,2018,165.0000000000,122.7176400488,29.3915659422,0.2960593668,False
official_only_nested,tourism_comprehensive_income_test_2021,tourism_comprehensive_income,10.0000000000,10.0000000000,2014,4,4,2013,79.0000000000,55.5400441429,34.8743097367,0.3523435758,False
official_only_nested,tourism_comprehensive_income_test_2021,tourism_comprehensive_income,10.0000000000,10.0000000000,2015,5,5,2014,94.0000000000,65.5600000000,35.6480320882,0.3603290284,False
official_only_nested,tourism_comprehensive_income_test_2021,tourism_comprehensive_income,10.0000000000,10.0000000000,2017,6,6,2015,130.0000000000,81.0309794643,46.4093192952,0.4727029064,False
official_only_nested,tourism_comprehensive_income_test_2021,tourism_comprehensive_income,10.0000000000,10.0000000000,2018,7,7,2017,142.0000000000,98.0718038033,36.5958813162,0.3701271553,False
official_only_nested,tourism_comprehensive_income_test_2021,tourism_comprehensive_income,10.0000000000,10.0000000000,2019,8,8,2018,165.0000000000,112.3834281036,37.9377904845,0.3840289841,False
official_only_nested,tourism_comprehensive_income_test_2021,tourism_comprehensive_income,17.7827941004,17.7827941004,2014,4,4,2013,79.0000000000,53.2677686523,38.9092998391,0.3941164199,False
official_only_nested,tourism_comprehensive_income_test_2021,tourism_comprehensive_income,17.7827941004,17.7827941004,2015,5,5,2014,94.0000000000,62.0018912322,41.0227190389,0.4161298939,False
official_only_nested,tourism_comprehensive_income_test_2021,tourism_comprehensive_income,17.7827941004,17.7827941004,2017,6,6,2015,130.0000000000,74.6789060887,54.0564682198,0.5543367799,False
official_only_nested,tourism_comprehensive_income_test_2021,tourism_comprehensive_income,17.7827941004,17.7827941004,2018,7,7,2017,142.0000000000,89.6922511005,45.1527823231,0.4594426791,False
official_only_nested,tourism_comprehensive_income_test_2021,tourism_comprehensive_income,17.7827941004,17.7827941004,2019,8,8,2018,165.0000000000,102.6731131918,46.5694040504,0.4743951907,False
official_only_nested,tourism_comprehensive_income_test_2021,tourism_comprehensive_income,31.6227766017,31.6227766017,2014,4,4,2013,79.0000000000,51.6797293286,41.8125608489,0.4243822305,False
official_only_nested,tourism_comprehensive_income_test_2021,tourism_comprehensive_income,31.6227766017,31.6227766017,2015,5,5,2014,94.0000000000,59.4103435067,45.0942950817,0.4588264380,False
official_only_nested,tourism_comprehensive_income_test_2021,tourism_comprehensive_income,31.6227766017,31.6227766017,2017,6,6,2015,130.0000000000,69.8751091061,60.1624596107,0.6208249575,False
official_only_nested,tourism_comprehensive_income_test_2021,tourism_comprehensive_income,31.6227766017,31.6227766017,2018,7,7,2017,142.0000000000,83.1334227378,52.2948361433,0.5353802376,False
official_only_nested,tourism_comprehensive_income_test_2021,tourism_comprehensive_income,31.6227766017,31.6227766017,2019,8,8,2018,165.0000000000,94.8286918269,54.0135176602,0.5538734540,False
official_only_nested,tourism_comprehensive_income_test_2021,tourism_comprehensive_income,56.2341325190,56.2341325190,2014,4,4,2013,79.0000000000,50.6584790720,43.7171886187,0.4443412306,False
official_only_nested,tourism_comprehensive_income_test_2021,tourism_comprehensive_income,56.2341325190,56.2341325190,2015,5,5,2014,94.0000000000,57.6957047870,47.8646317164,0.4881120520,False
official_only_nested,tourism_comprehensive_income_test_2021,tourism_comprehensive_income,56.2341325190,56.2341325190,2017,6,6,2015,130.0000000000,66.6105925107,64.4821895706,0.6686708388,False
official_only_nested,tourism_comprehensive_income_test_2021,tourism_comprehensive_income,56.2341325190,56.2341325190,2018,7,7,2017,142.0000000000,78.5622780317,57.5236368924,0.5919353966,False
official_only_nested,tourism_comprehensive_income_test_2021,tourism_comprehensive_income,56.2341325190,56.2341325190,2019,8,8,2018,165.0000000000,89.2295040702,59.6079485006,0.6147337259,False
official_only_nested,tourism_comprehensive_income_test_2021,tourism_comprehensive_income,100.0000000000,100.0000000000,2014,4,4,2013,79.0000000000,50.0364271923,44.8920873553,0.4566965685,False
official_only_nested,tourism_comprehensive_income_test_2021,tourism_comprehensive_income,100.0000000000,100.0000000000,2015,5,5,2014,94.0000000000,56.6322118857,49.6146045344,0.5067168444,False
official_only_nested,tourism_comprehensive_income_test_2021,tourism_comprehensive_income,100.0000000000,100.0000000000,2017,6,6,2015,130.0000000000,64.5501340701,67.2832904925,0.7000922562,False
official_only_nested,tourism_comprehensive_income_test_2021,tourism_comprehensive_income,100.0000000000,100.0000000000,2018,7,7,2017,142.0000000000,75.6281120061,60.9956934167,0.6299989916,False
official_only_nested,tourism_comprehensive_income_test_2021,tourism_comprehensive_income,100.0000000000,100.0000000000,2019,8,8,2018,165.0000000000,85.5765334339,63.3925814821,0.6565343705,False
official_only_nested,tourism_comprehensive_income_test_2021,tourism_comprehensive_income,177.8279410039,177.8279410039,2014,4,4,2013,79.0000000000,49.6699823225,45.5895262408,0.4640470792,False
official_only_nested,tourism_comprehensive_income_test_2021,tourism_comprehensive_income,177.8279410039,177.8279410039,2015,5,5,2014,94.0000000000,55.9988008921,50.6686705253,0.5179645044,False
official_only_nested,tourism_comprehensive_income_test_2021,tourism_comprehensive_income,177.8279410039,177.8279410039,2017,6,6,2015,130.0000000000,63.3096791766,68.9984289535,0.7194962234,False
official_only_nested,tourism_comprehensive_income_test_2021,tourism_comprehensive_income,177.8279410039,177.8279410039,2018,7,7,2017,142.0000000000,73.8429870409,63.1542529072,0.6538860153,False
official_only_nested,tourism_comprehensive_income_test_2021,tourism_comprehensive_income,177.8279410039,177.8279410039,2019,8,8,2018,165.0000000000,83.3310956321,65.7742069394,0.6831236975,False
official_only_nested,tourism_comprehensive_income_test_2021,tourism_comprehensive_income,316.2277660168,316.2277660168,2014,4,4,2013,79.0000000000,49.4583495119,45.9941305494,0.4683169611,False
official_only_nested,tourism_comprehensive_income_test_2021,tourism_comprehensive_income,316.2277660168,316.2277660168,2015,5,5,2014,94.0000000000,55.6306195144,51.2854663172,0.5245610219,False
official_only_nested,tourism_comprehensive_income_test_2021,tourism_comprehensive_income,316.2277660168,316.2277660168,2017,6,6,2015,130.0000000000,62.5840347205,70.0119980115,0.7310242413,False
official_only_nested,tourism_comprehensive_income_test_2021,tourism_comprehensive_income,316.2277660168,316.2277660168,2018,7,7,2017,142.0000000000,72.7921297523,64.4417189099,0.6682192160,False
official_only_nested,tourism_comprehensive_income_test_2021,tourism_comprehensive_income,316.2277660168,316.2277660168,2019,8,8,2018,165.0000000000,82.0010253771,67.2053684767,0.6992137221,False
official_only_nested,tourism_comprehensive_income_test_2021,tourism_comprehensive_income,562.3413251903,562.3413251903,2014,4,4,2013,79.0000000000,49.3375221293,46.2257294336,0.4707629629,False
official_only_nested,tourism_comprehensive_income_test_2021,tourism_comprehensive_income,562.3413251903,562.3413251903,2015,5,5,2014,94.0000000000,55.4196304394,51.6402957859,0.5283609112,False
official_only_nested,tourism_comprehensive_income_test_2021,tourism_comprehensive_income,562.3413251903,562.3413251903,2017,6,6,2015,130.0000000000,62.1666599735,70.5984482802,0.7377156077,False
official_only_nested,tourism_comprehensive_income_test_2021,tourism_comprehensive_income,562.3413251903,562.3413251903,2018,7,7,2017,142.0000000000,72.1854791147,65.1907133704,0.6765881522,False
official_only_nested,tourism_comprehensive_income_test_2021,tourism_comprehensive_income,562.3413251903,562.3413251903,2019,8,8,2018,165.0000000000,81.2303867816,68.0416534395,0.7086560753,False
official_only_nested,tourism_comprehensive_income_test_2021,tourism_comprehensive_income,1000.0000000000,1000.0000000000,2014,4,4,2013,79.0000000000,49.2689905657,46.3572829304,0.4721529639,False
official_only_nested,tourism_comprehensive_income_test_2021,tourism_comprehensive_income,1000.0000000000,1000.0000000000,2015,5,5,2014,94.0000000000,55.2997061970,51.8424245952,0.5305271866,False
official_only_nested,tourism_comprehensive_income_test_2021,tourism_comprehensive_income,1000.0000000000,1000.0000000000,2017,6,6,2015,130.0000000000,61.9289260551,70.9336266753,0.7415470769,False
official_only_nested,tourism_comprehensive_income_test_2021,tourism_comprehensive_income,1000.0000000000,1000.0000000000,2018,7,7,2017,142.0000000000,71.8392067375,65.6201398546,0.6813966757,False
official_only_nested,tourism_comprehensive_income_test_2021,tourism_comprehensive_income,1000.0000000000,1000.0000000000,2019,8,8,2018,165.0000000000,80.7895879572,68.5223590980,0.7140973786,False
official_only_nested,tourism_comprehensive_income_test_2023,tourism_comprehensive_income,0.0001000000,0.0001000000,2014,4,4,2013,79.0000000000,71.4388255371,10.0521583254,0.1006063559,False
official_only_nested,tourism_comprehensive_income_test_2023,tourism_comprehensive_income,0.0001000000,0.0001000000,2015,5,5,2014,94.0000000000,86.3908806673,8.4362572038,0.0844126599,False
official_only_nested,tourism_comprehensive_income_test_2023,tourism_comprehensive_income,0.0001000000,0.0001000000,2017,6,6,2015,130.0000000000,113.3814058848,13.6564205099,0.1367770419,False
official_only_nested,tourism_comprehensive_income_test_2023,tourism_comprehensive_income,0.0001000000,0.0001000000,2018,7,7,2017,142.0000000000,136.1895292254,4.1773468547,0.0417795448,False
official_only_nested,tourism_comprehensive_income_test_2023,tourism_comprehensive_income,0.0001000000,0.0001000000,2019,8,8,2018,165.0000000000,152.5928653867,7.8132325789,0.0781721098,False
official_only_nested,tourism_comprehensive_income_test_2023,tourism_comprehensive_income,0.0001000000,0.0001000000,2021,9,9,2019,110.0000000000,186.3686161897,51.5362369819,0.5272461542,False
official_only_nested,tourism_comprehensive_income_test_2023,tourism_comprehensive_income,0.0001778279,0.0001778279,2014,4,4,2013,79.0000000000,71.4383924727,10.0527629989,0.1006124179,False
official_only_nested,tourism_comprehensive_income_test_2023,tourism_comprehensive_income,0.0001778279,0.0001778279,2015,5,5,2014,94.0000000000,86.3903943124,8.4368191739,0.0844182896,False
official_only_nested,tourism_comprehensive_income_test_2023,tourism_comprehensive_income,0.0001778279,0.0001778279,2017,6,6,2015,130.0000000000,113.3807344934,13.6570099036,0.1367829634,False
official_only_nested,tourism_comprehensive_income_test_2023,tourism_comprehensive_income,0.0001778279,0.0001778279,2018,7,7,2017,142.0000000000,136.1888087706,4.1778756342,0.0417848349,False
official_only_nested,tourism_comprehensive_income_test_2023,tourism_comprehensive_income,0.0001778279,0.0001778279,2019,8,8,2018,165.0000000000,152.5921612763,7.8136933064,0.0781767242,False
official_only_nested,tourism_comprehensive_income_test_2023,tourism_comprehensive_income,0.0001778279,0.0001778279,2021,9,9,2019,110.0000000000,186.3677797036,51.5358179489,0.5272416659,False
official_only_nested,tourism_comprehensive_income_test_2023,tourism_comprehensive_income,0.0003162278,0.0003162278,2014,4,4,2013,79.0000000000,71.4376224049,10.0538382277,0.1006231975,False
official_only_nested,tourism_comprehensive_income_test_2023,tourism_comprehensive_income,0.0003162278,0.0003162278,2015,5,5,2014,94.0000000000,86.3895294748,8.4378184780,0.0844283004,False
official_only_nested,tourism_comprehensive_income_test_2023,tourism_comprehensive_income,0.0003162278,0.0003162278,2017,6,6,2015,130.0000000000,113.3795406150,13.6580579806,0.1367934933,False
official_only_nested,tourism_comprehensive_income_test_2023,tourism_comprehensive_income,0.0003162278,0.0003162278,2018,7,7,2017,142.0000000000,136.1875276403,4.1788159296,0.0417942419,False
official_only_nested,tourism_comprehensive_income_test_2023,tourism_comprehensive_income,0.0003162278,0.0003162278,2019,8,8,2018,165.0000000000,152.5909092052,7.8145125916,0.0781849295,False
official_only_nested,tourism_comprehensive_income_test_2023,tourism_comprehensive_income,0.0003162278,0.0003162278,2021,9,9,2019,110.0000000000,186.3662922332,51.5350728032,0.5272336844,False
official_only_nested,tourism_comprehensive_income_test_2023,tourism_comprehensive_income,0.0005623413,0.0005623413,2014,4,4,2013,79.0000000000,71.4362531407,10.0557501285,0.1006423649,False
official_only_nested,tourism_comprehensive_income_test_2023,tourism_comprehensive_income,0.0005623413,0.0005623413,2015,5,5,2014,94.0000000000,86.3879916703,8.4395954068,0.0844461014,False
official_only_nested,tourism_comprehensive_income_test_2023,tourism_comprehensive_income,0.0005623413,0.0005623413,2017,6,6,2015,130.0000000000,113.3774177016,13.6599216603,0.1368122174,False
official_only_nested,tourism_comprehensive_income_test_2023,tourism_comprehensive_income,0.0005623413,0.0005623413,2018,7,7,2017,142.0000000000,136.1852495579,4.1804879672,0.0418109696,False
official_only_nested,tourism_comprehensive_income_test_2023,tourism_comprehensive_income,0.0005623413,0.0005623413,2019,8,8,2018,165.0000000000,152.5886827799,7.8159694555,0.0781995204,False
official_only_nested,tourism_comprehensive_income_test_2023,tourism_comprehensive_income,0.0005623413,0.0005623413,2021,9,9,2019,110.0000000000,186.3636472082,51.5337477640,0.5272194917,False
official_only_nested,tourism_comprehensive_income_test_2023,tourism_comprehensive_income,0.0010000000,0.0010000000,2014,4,4,2013,79.0000000000,71.4338186226,10.0591495273,0.1006764451,False
official_only_nested,tourism_comprehensive_income_test_2023,tourism_comprehensive_income,0.0010000000,0.0010000000,2015,5,5,2014,94.0000000000,86.3852573980,8.4427549256,0.0844777530,False
official_only_nested,tourism_comprehensive_income_test_2023,tourism_comprehensive_income,0.0010000000,0.0010000000,2017,6,6,2015,130.0000000000,113.3736429986,13.6632355062,0.1368455112,False
official_only_nested,tourism_comprehensive_income_test_2023,tourism_comprehensive_income,0.0010000000,0.0010000000,2018,7,7,2017,142.0000000000,136.1811988864,4.1834610943,0.0418407139,False
official_only_nested,tourism_comprehensive_income_test_2023,tourism_comprehensive_income,0.0010000000,0.0010000000,2019,8,8,2018,165.0000000000,152.5847239119,7.8185599957,0.0782254655,False
official_only_nested,tourism_comprehensive_income_test_2023,tourism_comprehensive_income,0.0010000000,0.0010000000,2021,9,9,2019,110.0000000000,186.3589439721,51.5313915947,0.5271942545,False
official_only_nested,tourism_comprehensive_income_test_2023,tourism_comprehensive_income,0.0017782794,0.0017782794,2014,4,4,2013,79.0000000000,71.4294906846,10.0651930429,0.1007370336,False
official_only_nested,tourism_comprehensive_income_test_2023,tourism_comprehensive_income,0.0017782794,0.0017782794,2015,5,5,2014,94.0000000000,86.3803962798,8.4483723035,0.0845340271,False
official_only_nested,tourism_comprehensive_income_test_2023,tourism_comprehensive_income,0.0017782794,0.0017782794,2017,6,6,2015,130.0000000000,113.3669318819,13.6691275100,0.1369047077,False
official_only_nested,tourism_comprehensive_income_test_2023,tourism_comprehensive_income,0.0017782794,0.0017782794,2018,7,7,2017,142.0000000000,136.1739969116,4.1887474408,0.0418936005,False
official_only_nested,tourism_comprehensive_income_test_2023,tourism_comprehensive_income,0.0017782794,0.0017782794,2019,8,8,2018,165.0000000000,152.5776850084,7.8231661594,0.0782715977,False
official_only_nested,tourism_comprehensive_income_test_2023,tourism_comprehensive_income,0.0017782794,0.0017782794,2021,9,9,2019,110.0000000000,186.3505814339,51.5272020486,0.5271493802,False
official_only_nested,tourism_comprehensive_income_test_2023,tourism_comprehensive_income,0.0031622777,0.0031622777,2014,4,4,2013,79.0000000000,71.4217985586,10.0759351557,0.1008447278,False
official_only_nested,tourism_comprehensive_income_test_2023,tourism_comprehensive_income,0.0031622777,0.0031622777,2015,5,5,2014,94.0000000000,86.3717555896,8.4583580012,0.0846340628,False
official_only_nested,tourism_comprehensive_income_test_2023,tourism_comprehensive_income,0.0031622777,0.0031622777,2017,6,6,2015,130.0000000000,113.3550019399,13.6796021676,0.1370099462,False
official_only_nested,tourism_comprehensive_income_test_2023,tourism_comprehensive_income,0.0031622777,0.0031622777,2018,7,7,2017,142.0000000000,136.1611937425,4.1981458153,0.0419876256,False
official_only_nested,tourism_comprehensive_income_test_2023,tourism_comprehensive_income,0.0031622777,0.0031622777,2019,8,8,2018,165.0000000000,152.5651712529,7.8313554966,0.0783536167,False
official_only_nested,tourism_comprehensive_income_test_2023,tourism_comprehensive_income,0.0031622777,0.0031622777,2021,9,9,2019,110.0000000000,186.3357140759,51.5197530706,0.5270695954,False
official_only_nested,tourism_comprehensive_income_test_2023,tourism_comprehensive_income,0.0056234133,0.0056234133,2014,4,4,2013,79.0000000000,71.4081329401,10.0950220065,0.1010360829,False
official_only_nested,tourism_comprehensive_income_test_2023,tourism_comprehensive_income,0.0056234133,0.0056234133,2015,5,5,2014,94.0000000000,86.3564018312,8.4761040819,0.0848118423,False
official_only_nested,tourism_comprehensive_income_test_2023,tourism_comprehensive_income,0.0056234133,0.0056234133,2017,6,6,2015,130.0000000000,113.3338007524,13.6982196440,0.1371969972,False
official_only_nested,tourism_comprehensive_income_test_2023,tourism_comprehensive_income,0.0056234133,0.0056234133,2018,7,7,2017,142.0000000000,136.1384386268,4.2148517135,0.0421547585,False
official_only_nested,tourism_comprehensive_income_test_2023,tourism_comprehensive_income,0.0056234133,0.0056234133,2019,8,8,2018,165.0000000000,152.5429289874,7.8459130249,0.0784994159,False
official_only_nested,tourism_comprehensive_income_test_2023,tourism_comprehensive_income,0.0056234133,0.0056234133,2021,9,9,2019,110.0000000000,186.3092870477,51.5065105168,0.5269277605,False
official_only_nested,tourism_comprehensive_income_test_2023,tourism_comprehensive_income,0.0100000000,0.0100000000,2014,4,4,2013,79.0000000000,71.3838730898,10.1289144291,0.1013758757,False
official_only_nested,tourism_comprehensive_income_test_2023,tourism_comprehensive_income,0.0100000000,0.0100000000,2015,5,5,2014,94.0000000000,86.3291358228,8.5076259499,0.0851276302,False
official_only_nested,tourism_comprehensive_income_test_2023,tourism_comprehensive_income,0.0100000000,0.0100000000,2017,6,6,2015,130.0000000000,113.2961420114,13.7312970526,0.1375293341,False
official_only_nested,tourism_comprehensive_income_test_2023,tourism_comprehensive_income,0.0100000000,0.0100000000,2018,7,7,2017,142.0000000000,136.0980131435,4.2445372333,0.0424517466,False
official_only_nested,tourism_comprehensive_income_test_2023,tourism_comprehensive_income,0.0100000000,0.0100000000,2019,8,8,2018,165.0000000000,152.5034097890,7.8717833105,0.0787585188,False
official_only_nested,tourism_comprehensive_income_test_2023,tourism_comprehensive_income,0.0100000000,0.0100000000,2021,9,9,2019,110.0000000000,186.2623280720,51.4829735986,0.5266756803,False
official_only_nested,tourism_comprehensive_income_test_2023,tourism_comprehensive_income,0.0177827941,0.0177827941,2014,4,4,2013,79.0000000000,71.3408628584,10.1890291116,0.1019785776,False
official_only_nested,tourism_comprehensive_income_test_2023,tourism_comprehensive_income,0.0177827941,0.0177827941,2015,5,5,2014,94.0000000000,86.2807667368,8.5635682640,0.0856880742,False
official_only_nested,tourism_comprehensive_income_test_2023,tourism_comprehensive_income,0.0177827941,0.0177827941,2017,6,6,2015,130.0000000000,113.2293095610,13.7900242937,0.1381193998,False
official_only_nested,tourism_comprehensive_income_test_2023,tourism_comprehensive_income,0.0177827941,0.0177827941,2018,7,7,2017,142.0000000000,136.0262498955,4.2972561812,0.0429791766,False
official_only_nested,tourism_comprehensive_income_test_2023,tourism_comprehensive_income,0.0177827941,0.0177827941,2019,8,8,2018,165.0000000000,152.4332401896,7.9177340110,0.0792187430,False
official_only_nested,tourism_comprehensive_income_test_2023,tourism_comprehensive_income,0.0177827941,0.0177827941,2021,9,9,2019,110.0000000000,186.1789344903,51.4411564222,0.5262278589,False
official_only_nested,tourism_comprehensive_income_test_2023,tourism_comprehensive_income,0.0316227766,0.0316227766,2014,4,4,2013,79.0000000000,71.2647888568,10.2954407377,0.1030454920,False
official_only_nested,tourism_comprehensive_income_test_2023,tourism_comprehensive_income,0.0316227766,0.0316227766,2015,5,5,2014,94.0000000000,86.1951226207,8.6626954890,0.0866811883,False
official_only_nested,tourism_comprehensive_income_test_2023,tourism_comprehensive_income,0.0316227766,0.0316227766,2017,6,6,2015,130.0000000000,113.1108888447,13.8941626478,0.1391657957,False
official_only_nested,tourism_comprehensive_income_test_2023,tourism_comprehensive_income,0.0316227766,0.0316227766,2018,7,7,2017,142.0000000000,135.8990272154,4.3907838367,0.0439148946,False
official_only_nested,tourism_comprehensive_income_test_2023,tourism_comprehensive_income,0.0316227766,0.0316227766,2019,8,8,2018,165.0000000000,152.3087949722,7.9992771892,0.0800354680,False
official_only_nested,tourism_comprehensive_income_test_2023,tourism_comprehensive_income,0.0316227766,0.0316227766,2021,9,9,2019,110.0000000000,186.0309924419,51.3669138591,0.5254329201,False
official_only_nested,tourism_comprehensive_income_test_2023,tourism_comprehensive_income,0.0562341325,0.0562341325,2014,4,4,2013,79.0000000000,71.1307904296,10.4831387990,0.1049275513,False
official_only_nested,tourism_comprehensive_income_test_2023,tourism_comprehensive_income,0.0562341325,0.0562341325,2015,5,5,2014,94.0000000000,86.0439816477,8.8378609266,0.0884362022,False
official_only_nested,tourism_comprehensive_income_test_2023,tourism_comprehensive_income,0.0562341325,0.0562341325,2017,6,6,2015,130.0000000000,112.9016407386,14.0784222036,0.1410174467,False
official_only_nested,tourism_comprehensive_income_test_2023,tourism_comprehensive_income,0.0562341325,0.0562341325,2018,7,7,2017,142.0000000000,135.6740225723,4.5564056508,0.0455719419,False
official_only_nested,tourism_comprehensive_income_test_2023,tourism_comprehensive_income,0.0562341325,0.0562341325,2019,8,8,2018,165.0000000000,152.0885528323,8.1437485222,0.0814825383,False
official_only_nested,tourism_comprehensive_income_test_2023,tourism_comprehensive_income,0.0562341325,0.0562341325,2021,9,9,2019,110.0000000000,185.7690271491,51.2352681952,0.5240237467,False
official_only_nested,tourism_comprehensive_income_test_2023,tourism_comprehensive_income,0.1000000000,0.1000000000,2014,4,4,2013,79.0000000000,70.8964777805,10.8121582835,0.1082270989,False
official_only_nested,tourism_comprehensive_income_test_2023,tourism_comprehensive_income,0.1000000000,0.1000000000,2015,5,5,2014,94.0000000000,85.7788142588,9.1458893809,0.0915227263,False
official_only_nested,tourism_comprehensive_income_test_2023,tourism_comprehensive_income,0.1000000000,0.1000000000,2017,6,6,2015,130.0000000000,112.5337101686,14.4031852885,0.1442816278,False
official_only_nested,tourism_comprehensive_income_test_2023,tourism_comprehensive_income,0.1000000000,0.1000000000,2018,7,7,2017,142.0000000000,135.2777548529,4.8487446464,0.0484969494,False
official_only_nested,tourism_comprehensive_income_test_2023,tourism_comprehensive_income,0.1000000000,0.1000000000,2019,8,8,2018,165.0000000000,151.7002069525,8.3989797010,0.0840392233,False
official_only_nested,tourism_comprehensive_income_test_2023,tourism_comprehensive_income,0.1000000000,0.1000000000,2021,9,9,2019,110.0000000000,185.3066800317,51.0023545852,0.5215318167,False
official_only_nested,tourism_comprehensive_income_test_2023,tourism_comprehensive_income,0.1778279410,0.1778279410,2014,4,4,2013,79.0000000000,70.4919315123,11.3826457410,0.1139495958,False
official_only_nested,tourism_comprehensive_income_test_2023,tourism_comprehensive_income,0.1778279410,0.1778279410,2015,5,5,2014,94.0000000000,85.3183460268,9.6829512045,0.0969052744,False
official_only_nested,tourism_comprehensive_income_test_2023,tourism_comprehensive_income,0.1778279410,0.1778279410,2017,6,6,2015,130.0000000000,111.8923046072,14.9717002549,0.1499976078,False
official_only_nested,tourism_comprehensive_income_test_2023,tourism_comprehensive_income,0.1778279410,0.1778279410,2018,7,7,2017,142.0000000000,134.5850174542,5.3618107112,0.0536309582,False
official_only_nested,tourism_comprehensive_income_test_2023,tourism_comprehensive_income,0.1778279410,0.1778279410,2019,8,8,2018,165.0000000000,151.0198876201,8.8476155632,0.0885339397,False
official_only_nested,tourism_comprehensive_income_test_2023,tourism_comprehensive_income,0.1778279410,0.1778279410,2021,9,9,2019,110.0000000000,184.4953904771,50.5918889640,0.5171441135,False
official_only_nested,tourism_comprehensive_income_test_2023,tourism_comprehensive_income,0.3162277660,0.3162277660,2014,4,4,2013,79.0000000000,69.8085744268,12.3533547829,0.1236910075,False
official_only_nested,tourism_comprehensive_income_test_2023,tourism_comprehensive_income,0.3162277660,0.3162277660,2015,5,5,2014,94.0000000000,84.5328097064,10.6055467442,0.1061550427,False
official_only_nested,tourism_comprehensive_income_test_2023,tourism_comprehensive_income,0.3162277660,0.3162277660,2017,6,6,2015,130.0000000000,110.7907531895,15.9551366122,0.1598911346,False
official_only_nested,tourism_comprehensive_income_test_2023,tourism_comprehensive_income,0.3162277660,0.3162277660,2018,7,7,2017,142.0000000000,133.3895444709,6.2532915297,0.0625533045,False
official_only_nested,tourism_comprehensive_income_test_2023,tourism_comprehensive_income,0.3162277660,0.3162277660,2019,8,8,2018,165.0000000000,149.8415453537,9.6292594608,0.0963671025,False
official_only_nested,tourism_comprehensive_income_test_2023,tourism_comprehensive_income,0.3162277660,0.3162277660,2021,9,9,2019,110.0000000000,183.0861757309,49.8735060080,0.5094765818,False
official_only_nested,tourism_comprehensive_income_test_2023,tourism_comprehensive_income,0.5623413252,0.5623413252,2014,4,4,2013,79.0000000000,68.6957914363,13.9532866354,0.1397599151,False
official_only_nested,tourism_comprehensive_income_test_2023,tourism_comprehensive_income,0.5623413252,0.5623413252,2015,5,5,2014,94.0000000000,83.2324717202,12.1507398450,0.1216572255,False
official_only_nested,tourism_comprehensive_income_test_2023,tourism_comprehensive_income,0.5623413252,0.5623413252,2017,6,6,2015,130.0000000000,108.9466646583,17.6217863277,0.1766760030,False
official_only_nested,tourism_comprehensive_income_test_2023,tourism_comprehensive_income,0.5623413252,0.5623413252,2018,7,7,2017,142.0000000000,131.3717518278,7.7756740418,0.0777959531,False
official_only_nested,tourism_comprehensive_income_test_2023,tourism_comprehensive_income,0.5623413252,0.5623413252,2019,8,8,2018,165.0000000000,147.8402237274,10.9703132597,0.1098133527,False
official_only_nested,tourism_comprehensive_income_test_2023,tourism_comprehensive_income,0.5623413252,0.5623413252,2021,9,9,2019,110.0000000000,180.6809665717,48.6313000850,0.4962524946,False
official_only_nested,tourism_comprehensive_income_test_2023,tourism_comprehensive_income,1.0000000000,1.0000000000,2014,4,4,2013,79.0000000000,66.9875674000,16.4567884977,0.1649408115,False
official_only_nested,tourism_comprehensive_income_test_2023,tourism_comprehensive_income,1.0000000000,1.0000000000,2015,5,5,2014,94.0000000000,81.1836292000,14.6319274906,0.1465811663,False
official_only_nested,tourism_comprehensive_income_test_2023,tourism_comprehensive_income,1.0000000000,1.0000000000,2017,6,6,2015,130.0000000000,105.9876882041,20.3504784327,0.2042115121,False
official_only_nested,tourism_comprehensive_income_test_2023,tourism_comprehensive_income,1.0000000000,1.0000000000,2018,7,7,2017,142.0000000000,128.0902415820,10.3000821774,0.1030920297,False
official_only_nested,tourism_comprehensive_income_test_2023,tourism_comprehensive_income,1.0000000000,1.0000000000,2019,8,8,2018,165.0000000000,144.5517017072,13.2115560535,0.1323082331,False
official_only_nested,tourism_comprehensive_income_test_2023,tourism_comprehensive_income,1.0000000000,1.0000000000,2021,9,9,2019,110.0000000000,176.6962911889,46.5274879646,0.4739520240,False
official_only_nested,tourism_comprehensive_income_test_2023,tourism_comprehensive_income,1.7782794100,1.7782794100,2014,4,4,2013,79.0000000000,64.5890986555,20.0724170281,0.2014022074,False
official_only_nested,tourism_comprehensive_income_test_2023,tourism_comprehensive_income,1.7782794100,1.7782794100,2015,5,5,2014,94.0000000000,78.1937974691,18.3586200701,0.1841044541,False
official_only_nested,tourism_comprehensive_income_test_2023,tourism_comprehensive_income,1.7782794100,1.7782794100,2017,6,6,2015,130.0000000000,101.5483647941,24.5751121855,0.2469992650,False
official_only_nested,tourism_comprehensive_income_test_2023,tourism_comprehensive_income,1.7782794100,1.7782794100,2018,7,7,2017,142.0000000000,123.0631055212,14.2885932326,0.1431297808,False
official_only_nested,tourism_comprehensive_income_test_2023,tourism_comprehensive_income,1.7782794100,1.7782794100,2019,8,8,2018,165.0000000000,139.4309838483,16.7979065918,0.1683757345,False
official_only_nested,tourism_comprehensive_income_test_2023,tourism_comprehensive_income,1.7782794100,1.7782794100,2021,9,9,2019,110.0000000000,170.4098081145,43.0868010792,0.4377258063,False
official_only_nested,tourism_comprehensive_income_test_2023,tourism_comprehensive_income,3.1622776602,3.1622776602,2014,4,4,2013,79.0000000000,61.6115908107,24.7325403106,0.2485978371,False
official_only_nested,tourism_comprehensive_income_test_2023,tourism_comprehensive_income,3.1622776602,3.1622776602,2015,5,5,2014,94.0000000000,74.2855088067,23.4298144066,0.2353788858,False
official_only_nested,tourism_comprehensive_income_test_2023,tourism_comprehensive_income,3.1622776602,3.1622776602,2017,6,6,2015,130.0000000000,95.5170586111,30.5812266276,0.3082295947,False
official_only_nested,tourism_comprehensive_income_test_2023,tourism_comprehensive_income,3.1622776602,3.1622776602,2018,7,7,2017,142.0000000000,116.0255866916,20.1332074400,0.2020163159,False
official_only_nested,tourism_comprehensive_income_test_2023,tourism_comprehensive_income,3.1622776602,3.1622776602,2019,8,8,2018,165.0000000000,132.0888797820,22.1557402230,0.2224704462,False
official_only_nested,tourism_comprehensive_income_test_2023,tourism_comprehensive_income,3.1622776602,3.1622776602,2021,9,9,2019,110.0000000000,161.2181717079,37.7689823550,0.3822781856,False
official_only_nested,tourism_comprehensive_income_test_2023,tourism_comprehensive_income,5.6234132519,5.6234132519,2014,4,4,2013,79.0000000000,58.4323581087,29.9312944554,0.3015780389,False
official_only_nested,tourism_comprehensive_income_test_2023,tourism_comprehensive_income,5.6234132519,5.6234132519,2015,5,5,2014,94.0000000000,69.8510357147,29.4767307145,0.2969298690,False
official_only_nested,tourism_comprehensive_income_test_2023,tourism_comprehensive_income,5.6234132519,5.6234132519,2017,6,6,2015,130.0000000000,88.3397563333,38.1609326367,0.3863442026,False
official_only_nested,tourism_comprehensive_income_test_2023,tourism_comprehensive_income,5.6234132519,5.6234132519,2018,7,7,2017,142.0000000000,107.3229236151,27.8169980378,0.2799847904,False
official_only_nested,tourism_comprehensive_income_test_2023,tourism_comprehensive_income,5.6234132519,5.6234132519,2019,8,8,2018,165.0000000000,122.7176400488,29.3915659422,0.2960593668,False
official_only_nested,tourism_comprehensive_income_test_2023,tourism_comprehensive_income,5.6234132519,5.6234132519,2021,9,9,2019,110.0000000000,149.1707664044,30.2277659999,0.3046113672,False
official_only_nested,tourism_comprehensive_income_test_2023,tourism_comprehensive_income,10.0000000000,10.0000000000,2014,4,4,2013,79.0000000000,55.5400441429,34.8743097367,0.3523435758,False
official_only_nested,tourism_comprehensive_income_test_2023,tourism_comprehensive_income,10.0000000000,10.0000000000,2015,5,5,2014,94.0000000000,65.5600000000,35.6480320882,0.3603290284,False
official_only_nested,tourism_comprehensive_income_test_2023,tourism_comprehensive_income,10.0000000000,10.0000000000,2017,6,6,2015,130.0000000000,81.0309794643,46.4093192952,0.4727029064,False
official_only_nested,tourism_comprehensive_income_test_2023,tourism_comprehensive_income,10.0000000000,10.0000000000,2018,7,7,2017,142.0000000000,98.0718038033,36.5958813162,0.3701271553,False
official_only_nested,tourism_comprehensive_income_test_2023,tourism_comprehensive_income,10.0000000000,10.0000000000,2019,8,8,2018,165.0000000000,112.3834281036,37.9377904845,0.3840289841,False
official_only_nested,tourism_comprehensive_income_test_2023,tourism_comprehensive_income,10.0000000000,10.0000000000,2021,9,9,2019,110.0000000000,135.4570604152,20.7425774367,0.2081743270,False
official_only_nested,tourism_comprehensive_income_test_2023,tourism_comprehensive_income,17.7827941004,17.7827941004,2014,4,4,2013,79.0000000000,53.2677686523,38.9092998391,0.3941164199,False
official_only_nested,tourism_comprehensive_income_test_2023,tourism_comprehensive_income,17.7827941004,17.7827941004,2015,5,5,2014,94.0000000000,62.0018912322,41.0227190389,0.4161298939,False
official_only_nested,tourism_comprehensive_income_test_2023,tourism_comprehensive_income,17.7827941004,17.7827941004,2017,6,6,2015,130.0000000000,74.6789060887,54.0564682198,0.5543367799,False
official_only_nested,tourism_comprehensive_income_test_2023,tourism_comprehensive_income,17.7827941004,17.7827941004,2018,7,7,2017,142.0000000000,89.6922511005,45.1527823231,0.4594426791,False
official_only_nested,tourism_comprehensive_income_test_2023,tourism_comprehensive_income,17.7827941004,17.7827941004,2019,8,8,2018,165.0000000000,102.6731131918,46.5694040504,0.4743951907,False
official_only_nested,tourism_comprehensive_income_test_2023,tourism_comprehensive_income,17.7827941004,17.7827941004,2021,9,9,2019,110.0000000000,122.1418600848,10.4607243867,0.1047027910,False
official_only_nested,tourism_comprehensive_income_test_2023,tourism_comprehensive_income,31.6227766017,31.6227766017,2014,4,4,2013,79.0000000000,51.6797293286,41.8125608489,0.4243822305,False
official_only_nested,tourism_comprehensive_income_test_2023,tourism_comprehensive_income,31.6227766017,31.6227766017,2015,5,5,2014,94.0000000000,59.4103435067,45.0942950817,0.4588264380,False
official_only_nested,tourism_comprehensive_income_test_2023,tourism_comprehensive_income,31.6227766017,31.6227766017,2017,6,6,2015,130.0000000000,69.8751091061,60.1624596107,0.6208249575,False
official_only_nested,tourism_comprehensive_income_test_2023,tourism_comprehensive_income,31.6227766017,31.6227766017,2018,7,7,2017,142.0000000000,83.1334227378,52.2948361433,0.5353802376,False
official_only_nested,tourism_comprehensive_income_test_2023,tourism_comprehensive_income,31.6227766017,31.6227766017,2019,8,8,2018,165.0000000000,94.8286918269,54.0135176602,0.5538734540,False
official_only_nested,tourism_comprehensive_income_test_2023,tourism_comprehensive_income,31.6227766017,31.6227766017,2021,9,9,2019,110.0000000000,111.0671669493,0.9654685171,0.0096547602,False
official_only_nested,tourism_comprehensive_income_test_2023,tourism_comprehensive_income,56.2341325190,56.2341325190,2014,4,4,2013,79.0000000000,50.6584790720,43.7171886187,0.4443412306,False
official_only_nested,tourism_comprehensive_income_test_2023,tourism_comprehensive_income,56.2341325190,56.2341325190,2015,5,5,2014,94.0000000000,57.6957047870,47.8646317164,0.4881120520,False
official_only_nested,tourism_comprehensive_income_test_2023,tourism_comprehensive_income,56.2341325190,56.2341325190,2017,6,6,2015,130.0000000000,66.6105925107,64.4821895706,0.6686708388,False
official_only_nested,tourism_comprehensive_income_test_2023,tourism_comprehensive_income,56.2341325190,56.2341325190,2018,7,7,2017,142.0000000000,78.5622780317,57.5236368924,0.5919353966,False
official_only_nested,tourism_comprehensive_income_test_2023,tourism_comprehensive_income,56.2341325190,56.2341325190,2019,8,8,2018,165.0000000000,89.2295040702,59.6079485006,0.6147337259,False
official_only_nested,tourism_comprehensive_income_test_2023,tourism_comprehensive_income,56.2341325190,56.2341325190,2021,9,9,2019,110.0000000000,102.9815587628,6.5906562784,0.0659304347,False
official_only_nested,tourism_comprehensive_income_test_2023,tourism_comprehensive_income,100.0000000000,100.0000000000,2014,4,4,2013,79.0000000000,50.0364271923,44.8920873553,0.4566965685,False
official_only_nested,tourism_comprehensive_income_test_2023,tourism_comprehensive_income,100.0000000000,100.0000000000,2015,5,5,2014,94.0000000000,56.6322118857,49.6146045344,0.5067168444,False
official_only_nested,tourism_comprehensive_income_test_2023,tourism_comprehensive_income,100.0000000000,100.0000000000,2017,6,6,2015,130.0000000000,64.5501340701,67.2832904925,0.7000922562,False
official_only_nested,tourism_comprehensive_income_test_2023,tourism_comprehensive_income,100.0000000000,100.0000000000,2018,7,7,2017,142.0000000000,75.6281120061,60.9956934167,0.6299989916,False
official_only_nested,tourism_comprehensive_income_test_2023,tourism_comprehensive_income,100.0000000000,100.0000000000,2019,8,8,2018,165.0000000000,85.5765334339,63.3925814821,0.6565343705,False
official_only_nested,tourism_comprehensive_income_test_2023,tourism_comprehensive_income,100.0000000000,100.0000000000,2021,9,9,2019,110.0000000000,97.6229037421,11.9226694501,0.1193682304,False
official_only_nested,tourism_comprehensive_income_test_2023,tourism_comprehensive_income,177.8279410039,177.8279410039,2014,4,4,2013,79.0000000000,49.6699823225,45.5895262408,0.4640470792,False
official_only_nested,tourism_comprehensive_income_test_2023,tourism_comprehensive_income,177.8279410039,177.8279410039,2015,5,5,2014,94.0000000000,55.9988008921,50.6686705253,0.5179645044,False
official_only_nested,tourism_comprehensive_income_test_2023,tourism_comprehensive_income,177.8279410039,177.8279410039,2017,6,6,2015,130.0000000000,63.3096791766,68.9984289535,0.7194962234,False
official_only_nested,tourism_comprehensive_income_test_2023,tourism_comprehensive_income,177.8279410039,177.8279410039,2018,7,7,2017,142.0000000000,73.8429870409,63.1542529072,0.6538860153,False
official_only_nested,tourism_comprehensive_income_test_2023,tourism_comprehensive_income,177.8279410039,177.8279410039,2019,8,8,2018,165.0000000000,83.3310956321,65.7742069394,0.6831236975,False
official_only_nested,tourism_comprehensive_income_test_2023,tourism_comprehensive_income,177.8279410039,177.8279410039,2021,9,9,2019,110.0000000000,94.2956274700,15.3741641214,0.1540455455,False
official_only_nested,tourism_comprehensive_income_test_2023,tourism_comprehensive_income,316.2277660168,316.2277660168,2014,4,4,2013,79.0000000000,49.4583495119,45.9941305494,0.4683169611,False
official_only_nested,tourism_comprehensive_income_test_2023,tourism_comprehensive_income,316.2277660168,316.2277660168,2015,5,5,2014,94.0000000000,55.6306195144,51.2854663172,0.5245610219,False
official_only_nested,tourism_comprehensive_income_test_2023,tourism_comprehensive_income,316.2277660168,316.2277660168,2017,6,6,2015,130.0000000000,62.5840347205,70.0119980115,0.7310242413,False
official_only_nested,tourism_comprehensive_income_test_2023,tourism_comprehensive_income,316.2277660168,316.2277660168,2018,7,7,2017,142.0000000000,72.7921297523,64.4417189099,0.6682192160,False
official_only_nested,tourism_comprehensive_income_test_2023,tourism_comprehensive_income,316.2277660168,316.2277660168,2019,8,8,2018,165.0000000000,82.0010253771,67.2053684767,0.6992137221,False
official_only_nested,tourism_comprehensive_income_test_2023,tourism_comprehensive_income,316.2277660168,316.2277660168,2021,9,9,2019,110.0000000000,92.3126044997,17.4852135823,0.1752996735,False
official_only_nested,tourism_comprehensive_income_test_2023,tourism_comprehensive_income,562.3413251903,562.3413251903,2014,4,4,2013,79.0000000000,49.3375221293,46.2257294336,0.4707629629,False
official_only_nested,tourism_comprehensive_income_test_2023,tourism_comprehensive_income,562.3413251903,562.3413251903,2015,5,5,2014,94.0000000000,55.4196304394,51.6402957859,0.5283609112,False
official_only_nested,tourism_comprehensive_income_test_2023,tourism_comprehensive_income,562.3413251903,562.3413251903,2017,6,6,2015,130.0000000000,62.1666599735,70.5984482802,0.7377156077,False
official_only_nested,tourism_comprehensive_income_test_2023,tourism_comprehensive_income,562.3413251903,562.3413251903,2018,7,7,2017,142.0000000000,72.1854791147,65.1907133704,0.6765881522,False
official_only_nested,tourism_comprehensive_income_test_2023,tourism_comprehensive_income,562.3413251903,562.3413251903,2019,8,8,2018,165.0000000000,81.2303867816,68.0416534395,0.7086560753,False
official_only_nested,tourism_comprehensive_income_test_2023,tourism_comprehensive_income,562.3413251903,562.3413251903,2021,9,9,2019,110.0000000000,91.1594860133,18.7319170079,0.1878697997,False
official_only_nested,tourism_comprehensive_income_test_2023,tourism_comprehensive_income,1000.0000000000,1000.0000000000,2014,4,4,2013,79.0000000000,49.2689905657,46.3572829304,0.4721529639,False
official_only_nested,tourism_comprehensive_income_test_2023,tourism_comprehensive_income,1000.0000000000,1000.0000000000,2015,5,5,2014,94.0000000000,55.2997061970,51.8424245952,0.5305271866,False
official_only_nested,tourism_comprehensive_income_test_2023,tourism_comprehensive_income,1000.0000000000,1000.0000000000,2017,6,6,2015,130.0000000000,61.9289260551,70.9336266753,0.7415470769,False
official_only_nested,tourism_comprehensive_income_test_2023,tourism_comprehensive_income,1000.0000000000,1000.0000000000,2018,7,7,2017,142.0000000000,71.8392067375,65.6201398546,0.6813966757,False
official_only_nested,tourism_comprehensive_income_test_2023,tourism_comprehensive_income,1000.0000000000,1000.0000000000,2019,8,8,2018,165.0000000000,80.7895879572,68.5223590980,0.7140973786,False
official_only_nested,tourism_comprehensive_income_test_2023,tourism_comprehensive_income,1000.0000000000,1000.0000000000,2021,9,9,2019,110.0000000000,90.4985333081,19.4529769072,0.1951467218,False
official_only_nested,tourist_visits_test_2015,tourist_visits,0.0001000000,0.0001000000,2014,4,4,2013,1553.4000000000,1446.9912852179,7.0929891915,0.0709596520,False
official_only_nested,tourist_visits_test_2015,tourist_visits,0.0001778279,0.0001778279,2014,4,4,2013,1553.4000000000,1446.9845029839,7.0934573159,0.0709643392,False
official_only_nested,tourist_visits_test_2015,tourist_visits,0.0003162278,0.0003162278,2014,4,4,2013,1553.4000000000,1446.9724429288,7.0942897321,0.0709726738,False
official_only_nested,tourist_visits_test_2015,tourist_visits,0.0005623413,0.0005623413,2014,4,4,2013,1553.4000000000,1446.9509988424,7.0957698748,0.0709874939,False
official_only_nested,tourist_visits_test_2015,tourist_visits,0.0010000000,0.0010000000,2014,4,4,2013,1553.4000000000,1446.9128717821,7.0984015847,0.0710138442,False
official_only_nested,tourist_visits_test_2015,tourist_visits,0.0017782794,0.0017782794,2014,4,4,2013,1553.4000000000,1446.8450918169,7.1030802433,0.0710606898,False
official_only_nested,tourist_visits_test_2015,tourist_visits,0.0031622777,0.0031622777,2014,4,4,2013,1553.4000000000,1446.7246252048,7.1113962333,0.0711439549,False
official_only_nested,tourist_visits_test_2015,tourist_visits,0.0056234133,0.0056234133,2014,4,4,2013,1553.4000000000,1446.5106075491,7.1261718387,0.0712918983,False
official_only_nested,tourist_visits_test_2015,tourist_visits,0.0100000000,0.0100000000,2014,4,4,2013,1553.4000000000,1446.1306733167,7.1524073841,0.0715545885,False
official_only_nested,tourist_visits_test_2015,tourist_visits,0.0177827941,0.0177827941,2014,4,4,2013,1553.4000000000,1445.4570888121,7.1989366609,0.0720204810,False
official_only_nested,tourist_visits_test_2015,tourist_visits,0.0316227766,0.0316227766,2014,4,4,2013,1553.4000000000,1444.2656916249,7.2812861474,0.0728450565,False
official_only_nested,tourist_visits_test_2015,tourist_visits,0.0562341325,0.0562341325,2014,4,4,2013,1553.4000000000,1442.1671382973,7.4264976592,0.0742991376,False
official_only_nested,tourist_visits_test_2015,tourist_visits,0.1000000000,0.1000000000,2014,4,4,2013,1553.4000000000,1438.4975609756,7.6809072960,0.0768468685,False
official_only_nested,tourist_visits_test_2015,tourist_visits,0.1778279410,0.1778279410,2014,4,4,2013,1553.4000000000,1432.1619499153,8.1216234745,0.0812609213,False
official_only_nested,tourist_visits_test_2015,tourist_visits,0.3162277660,0.3162277660,2014,4,4,2013,1553.4000000000,1421.4598744067,8.8703422120,0.0887616529,False
official_only_nested,tourist_visits_test_2015,tourist_visits,0.5623413252,0.5623413252,2014,4,4,2013,1553.4000000000,1404.0325471093,10.1011570348,0.1010975900,False
official_only_nested,tourist_visits_test_2015,tourist_visits,1.0000000000,1.0000000000,2014,4,4,2013,1553.4000000000,1377.2800000000,12.0190535985,0.1203355373,False
official_only_nested,tourist_visits_test_2015,tourist_visits,1.7782794100,1.7782794100,2014,4,4,2013,1553.4000000000,1339.7175101186,14.7717808996,0.1479872986,False
official_only_nested,tourist_visits_test_2015,tourist_visits,3.1622776602,3.1622776602,2014,4,4,2013,1553.4000000000,1293.0866717769,18.2901491023,0.1834139479,False
official_only_nested,tourist_visits_test_2015,tourist_visits,5.6234132519,5.6234132519,2014,4,4,2013,1553.4000000000,1243.2966144859,22.1764051136,0.2226796650,False
official_only_nested,tourist_visits_test_2015,tourist_visits,10.0000000000,10.0000000000,2014,4,4,2013,1553.4000000000,1198.0000000000,25.8341208112,0.2597925773,False
official_only_nested,tourist_visits_test_2015,tourist_visits,17.7827941004,17.7827941004,2014,4,4,2013,1553.4000000000,1162.4138263977,28.7932972284,0.2899473491,False
official_only_nested,tourist_visits_test_2015,tourist_visits,31.6227766017,31.6227766017,2014,4,4,2013,1553.4000000000,1137.5434956234,30.9078585301,0.3115749680,False
official_only_nested,tourist_visits_test_2015,tourist_visits,56.2341325190,56.2341325190,2014,4,4,2013,1553.4000000000,1121.5496651763,32.2884830654,0.3257347184,False
official_only_nested,tourist_visits_test_2015,tourist_visits,100.0000000000,100.0000000000,2014,4,4,2013,1553.4000000000,1111.8076923077,33.1375531421,0.3344588347,False
official_only_nested,tourist_visits_test_2015,tourist_visits,177.8279410039,177.8279410039,2014,4,4,2013,1553.4000000000,1106.0687883738,33.6406438445,0.3396339802,False
official_only_nested,tourist_visits_test_2015,tourist_visits,316.2277660168,316.2277660168,2014,4,4,2013,1553.4000000000,1102.7544006734,33.9321840035,0.3426350264,False
official_only_nested,tourist_visits_test_2015,tourist_visits,562.3413251903,562.3413251903,2014,4,4,2013,1553.4000000000,1100.8621194640,34.0989593467,0.3443524592,False
official_only_nested,tourist_visits_test_2015,tourist_visits,1000.0000000000,1000.0000000000,2014,4,4,2013,1553.4000000000,1099.7888446215,34.1936576658,0.3453278751,False
official_only_nested,tourist_visits_test_2016,tourist_visits,0.0001000000,0.0001000000,2014,4,4,2013,1553.4000000000,1446.9912852179,7.0929891915,0.0709596520,False
official_only_nested,tourist_visits_test_2016,tourist_visits,0.0001000000,0.0001000000,2015,5,5,2014,1818.7200000000,1671.5503569929,8.4331371472,0.0843814037,False
official_only_nested,tourist_visits_test_2016,tourist_visits,0.0001778279,0.0001778279,2014,4,4,2013,1553.4000000000,1446.9845029839,7.0934573159,0.0709643392,False
official_only_nested,tourist_visits_test_2016,tourist_visits,0.0001778279,0.0001778279,2015,5,5,2014,1818.7200000000,1671.5428523059,8.4335853156,0.0843858934,False
official_only_nested,tourist_visits_test_2016,tourist_visits,0.0003162278,0.0003162278,2014,4,4,2013,1553.4000000000,1446.9724429288,7.0942897321,0.0709726738,False
official_only_nested,tourist_visits_test_2016,tourist_visits,0.0003162278,0.0003162278,2015,5,5,2014,1818.7200000000,1671.5295074526,8.4343822545,0.0843938770,False
official_only_nested,tourist_visits_test_2016,tourist_visits,0.0005623413,0.0005623413,2014,4,4,2013,1553.4000000000,1446.9509988424,7.0957698748,0.0709874939,False
official_only_nested,tourist_visits_test_2016,tourist_visits,0.0005623413,0.0005623413,2015,5,5,2014,1818.7200000000,1671.5057783995,8.4357993406,0.0844080731,False
official_only_nested,tourist_visits_test_2016,tourist_visits,0.0010000000,0.0010000000,2014,4,4,2013,1553.4000000000,1446.9128717821,7.0984015847,0.0710138442,False
official_only_nested,tourist_visits_test_2016,tourist_visits,0.0010000000,0.0010000000,2015,5,5,2014,1818.7200000000,1671.4635872825,8.4383190187,0.0844333148,False
official_only_nested,tourist_visits_test_2016,tourist_visits,0.0017782794,0.0017782794,2014,4,4,2013,1553.4000000000,1446.8450918169,7.1030802433,0.0710606898,False
official_only_nested,tourist_visits_test_2016,tourist_visits,0.0017782794,0.0017782794,2015,5,5,2014,1818.7200000000,1671.3885779272,8.4427987716,0.0844781922,False
official_only_nested,tourist_visits_test_2016,tourist_visits,0.0031622777,0.0031622777,2014,4,4,2013,1553.4000000000,1446.7246252048,7.1113962333,0.0711439549,False
official_only_nested,tourist_visits_test_2016,tourist_visits,0.0031622777,0.0031622777,2015,5,5,2014,1818.7200000000,1671.2552479828,8.4507620564,0.0845579674,False
official_only_nested,tourist_visits_test_2016,tourist_visits,0.0056234133,0.0056234133,2014,4,4,2013,1553.4000000000,1446.5106075491,7.1261718387,0.0712918983,False
official_only_nested,tourist_visits_test_2016,tourist_visits,0.0056234133,0.0056234133,2015,5,5,2014,1818.7200000000,1671.0183322176,8.4649136251,0.0846997366,False
official_only_nested,tourist_visits_test_2016,tourist_visits,0.0100000000,0.0100000000,2014,4,4,2013,1553.4000000000,1446.1306733167,7.1524073841,0.0715545885,False
official_only_nested,tourist_visits_test_2016,tourist_visits,0.0100000000,0.0100000000,2015,5,5,2014,1818.7200000000,1670.5976047904,8.4900494587,0.0849515474,False
official_only_nested,tourist_visits_test_2016,tourist_visits,0.0177827941,0.0177827941,2014,4,4,2013,1553.4000000000,1445.4570888121,7.1989366609,0.0720204810,False
official_only_nested,tourist_visits_test_2016,tourist_visits,0.0177827941,0.0177827941,2015,5,5,2014,1818.7200000000,1669.8512468803,8.5346545955,0.0853984082,False
official_only_nested,tourist_visits_test_2016,tourist_visits,0.0316227766,0.0316227766,2014,4,4,2013,1553.4000000000,1444.2656916249,7.2812861474,0.0728450565,False
official_only_nested,tourist_visits_test_2016,tourist_visits,0.0316227766,0.0316227766,2015,5,5,2014,1818.7200000000,1668.5297175955,8.6136809559,0.0861901269,False
official_only_nested,tourist_visits_test_2016,tourist_visits,0.0562341325,0.0562341325,2014,4,4,2013,1553.4000000000,1442.1671382973,7.4264976592,0.0742991376,False
official_only_nested,tourist_visits_test_2016,tourist_visits,0.0562341325,0.0562341325,2015,5,5,2014,1818.7200000000,1666.1975407814,8.7532894213,0.0875888483,False
official_only_nested,tourist_visits_test_2016,tourist_visits,0.1000000000,0.1000000000,2014,4,4,2013,1553.4000000000,1438.4975609756,7.6809072960,0.0768468685,False
official_only_nested,tourist_visits_test_2016,tourist_visits,0.1000000000,0.1000000000,2015,5,5,2014,1818.7200000000,1662.1058823529,8.9986757707,0.0900475548,False
official_only_nested,tourist_visits_test_2016,tourist_visits,0.1778279410,0.1778279410,2014,4,4,2013,1553.4000000000,1432.1619499153,8.1216234745,0.0812609213,False
official_only_nested,tourist_visits_test_2016,tourist_visits,0.1778279410,0.1778279410,2015,5,5,2014,1818.7200000000,1655.0006393933,9.4261673636,0.0943315618,False
official_only_nested,tourist_visits_test_2016,tourist_visits,0.3162277660,0.3162277660,2014,4,4,2013,1553.4000000000,1421.4598744067,8.8703422120,0.0887616529,False
official_only_nested,tourist_visits_test_2016,tourist_visits,0.3162277660,0.3162277660,2015,5,5,2014,1818.7200000000,1642.8794418348,10.1594977189,0.1016824974,False
official_only_nested,tourist_visits_test_2016,tourist_visits,0.5623413252,0.5623413252,2014,4,4,2013,1553.4000000000,1404.0325471093,10.1011570348,0.1010975900,False
official_only_nested,tourist_visits_test_2016,tourist_visits,0.5623413252,0.5623413252,2015,5,5,2014,1818.7200000000,1622.8146106932,11.3847693815,0.1139709013,False
official_only_nested,tourist_visits_test_2016,tourist_visits,1.0000000000,1.0000000000,2014,4,4,2013,1553.4000000000,1377.2800000000,12.0190535985,0.1203355373,False
official_only_nested,tourist_visits_test_2016,tourist_visits,1.0000000000,1.0000000000,2015,5,5,2014,1818.7200000000,1591.2000000000,13.3445945946,0.1336445084,False
official_only_nested,tourist_visits_test_2016,tourist_visits,1.7782794100,1.7782794100,2014,4,4,2013,1553.4000000000,1339.7175101186,14.7717808996,0.1479872986,False
official_only_nested,tourist_visits_test_2016,tourist_visits,1.7782794100,1.7782794100,2015,5,5,2014,1818.7200000000,1545.0654800080,16.2706285296,0.1630666656,False
official_only_nested,tourist_visits_test_2016,tourist_visits,3.1622776602,3.1622776602,2014,4,4,2013,1553.4000000000,1293.0866717769,18.2901491023,0.1834139479,False
official_only_nested,tourist_visits_test_2016,tourist_visits,3.1622776602,3.1622776602,2015,5,5,2014,1818.7200000000,1484.7587344577,20.2187628489,0.2028806663,False
official_only_nested,tourist_visits_test_2016,tourist_visits,5.6234132519,5.6234132519,2014,4,4,2013,1553.4000000000,1243.2966144859,22.1764051136,0.2226796650,False
official_only_nested,tourist_visits_test_2016,tourist_visits,5.6234132519,5.6234132519,2015,5,5,2014,1818.7200000000,1416.3327138872,24.8767066073,0.2500620219,False
official_only_nested,tourist_visits_test_2016,tourist_visits,10.0000000000,10.0000000000,2014,4,4,2013,1553.4000000000,1198.0000000000,25.8341208112,0.2597925773,False
official_only_nested,tourist_visits_test_2016,tourist_visits,10.0000000000,10.0000000000,2015,5,5,2014,1818.7200000000,1350.1200000000,29.5754913470,0.2979394796,False
official_only_nested,tourist_visits_test_2016,tourist_visits,17.7827941004,17.7827941004,2014,4,4,2013,1553.4000000000,1162.4138263977,28.7932972284,0.2899473491,False
official_only_nested,tourist_visits_test_2016,tourist_visits,17.7827941004,17.7827941004,2015,5,5,2014,1818.7200000000,1295.2166961163,33.6232463901,0.3394549429,False
official_only_nested,tourist_visits_test_2016,tourist_visits,31.6227766017,31.6227766017,2014,4,4,2013,1553.4000000000,1137.5434956234,30.9078585301,0.3115749680,False
official_only_nested,tourist_visits_test_2016,tourist_visits,31.6227766017,31.6227766017,2015,5,5,2014,1818.7200000000,1255.2278870065,36.6624376018,0.3708158176,False
official_only_nested,tourist_visits_test_2016,tourist_visits,56.2341325190,56.2341325190,2014,4,4,2013,1553.4000000000,1121.5496651763,32.2884830654,0.3257347184,False
official_only_nested,tourist_visits_test_2016,tourist_visits,56.2341325190,56.2341325190,2015,5,5,2014,1818.7200000000,1228.7701992798,38.7170925675,0.3921191257,False
official_only_nested,tourist_visits_test_2016,tourist_visits,100.0000000000,100.0000000000,2014,4,4,2013,1553.4000000000,1111.8076923077,33.1375531421,0.3344588347,False
official_only_nested,tourist_visits_test_2016,tourist_visits,100.0000000000,100.0000000000,2015,5,5,2014,1818.7200000000,1212.3600000000,40.0095015638,0.4055640837,False
official_only_nested,tourist_visits_test_2016,tourist_visits,177.8279410039,177.8279410039,2014,4,4,2013,1553.4000000000,1106.0687883738,33.6406438445,0.3396339802,False
official_only_nested,tourist_visits_test_2016,tourist_visits,177.8279410039,177.8279410039,2015,5,5,2014,1818.7200000000,1202.5861682999,40.7859248536,0.4136585789,False
official_only_nested,tourist_visits_test_2016,tourist_visits,316.2277660168,316.2277660168,2014,4,4,2013,1553.4000000000,1102.7544006734,33.9321840035,0.3426350264,False
official_only_nested,tourist_visits_test_2016,tourist_visits,316.2277660168,316.2277660168,2015,5,5,2014,1818.7200000000,1196.9049552219,41.2395476235,0.4183939360,False
official_only_nested,tourist_visits_test_2016,tourist_visits,562.3413251903,562.3413251903,2014,4,4,2013,1553.4000000000,1100.8621194640,34.0989593467,0.3443524592,False
official_only_nested,tourist_visits_test_2016,tourist_visits,562.3413251903,562.3413251903,2015,5,5,2014,1818.7200000000,1193.6492938430,41.5002707294,0.4211177089,False
official_only_nested,tourist_visits_test_2016,tourist_visits,1000.0000000000,1000.0000000000,2014,4,4,2013,1553.4000000000,1099.7888446215,34.1936576658,0.3453278751,False
official_only_nested,tourist_visits_test_2016,tourist_visits,1000.0000000000,1000.0000000000,2015,5,5,2014,1818.7200000000,1191.7988059701,41.6487146858,0.4226691895,False
official_only_nested,tourist_visits_test_2017,tourist_visits,0.0001000000,0.0001000000,2014,4,4,2013,1553.4000000000,1446.9912852179,7.0929891915,0.0709596520,False
official_only_nested,tourist_visits_test_2017,tourist_visits,0.0001000000,0.0001000000,2015,5,5,2014,1818.7200000000,1671.5503569929,8.4331371472,0.0843814037,False
official_only_nested,tourist_visits_test_2017,tourist_visits,0.0001000000,0.0001000000,2016,6,6,2015,2086.0000000000,1930.3760651767,7.7494702836,0.0775335202,False
official_only_nested,tourist_visits_test_2017,tourist_visits,0.0001778279,0.0001778279,2014,4,4,2013,1553.4000000000,1446.9845029839,7.0934573159,0.0709643392,False
official_only_nested,tourist_visits_test_2017,tourist_visits,0.0001778279,0.0001778279,2015,5,5,2014,1818.7200000000,1671.5428523059,8.4335853156,0.0843858934,False
official_only_nested,tourist_visits_test_2017,tourist_visits,0.0001778279,0.0001778279,2016,6,6,2015,2086.0000000000,1930.3678144999,7.7498970557,0.0775377944,False
official_only_nested,tourist_visits_test_2017,tourist_visits,0.0003162278,0.0003162278,2014,4,4,2013,1553.4000000000,1446.9724429288,7.0942897321,0.0709726738,False
official_only_nested,tourist_visits_test_2017,tourist_visits,0.0003162278,0.0003162278,2015,5,5,2014,1818.7200000000,1671.5295074526,8.4343822545,0.0843938770,False
official_only_nested,tourist_visits_test_2017,tourist_visits,0.0003162278,0.0003162278,2016,6,6,2015,2086.0000000000,1930.3531430199,7.7506559527,0.0775453947,False
official_only_nested,tourist_visits_test_2017,tourist_visits,0.0005623413,0.0005623413,2014,4,4,2013,1553.4000000000,1446.9509988424,7.0957698748,0.0709874939,False
official_only_nested,tourist_visits_test_2017,tourist_visits,0.0005623413,0.0005623413,2015,5,5,2014,1818.7200000000,1671.5057783995,8.4357993406,0.0844080731,False
official_only_nested,tourist_visits_test_2017,tourist_visits,0.0005623413,0.0005623413,2016,6,6,2015,2086.0000000000,1930.3270547009,7.7520054109,0.0775589096,False
official_only_nested,tourist_visits_test_2017,tourist_visits,0.0010000000,0.0010000000,2014,4,4,2013,1553.4000000000,1446.9128717821,7.0984015847,0.0710138442,False
official_only_nested,tourist_visits_test_2017,tourist_visits,0.0010000000,0.0010000000,2015,5,5,2014,1818.7200000000,1671.4635872825,8.4383190187,0.0844333148,False
official_only_nested,tourist_visits_test_2017,tourist_visits,0.0010000000,0.0010000000,2016,6,6,2015,2086.0000000000,1930.2806676665,7.7544048944,0.0775829406,False
official_only_nested,tourist_visits_test_2017,tourist_visits,0.0017782794,0.0017782794,2014,4,4,2013,1553.4000000000,1446.8450918169,7.1030802433,0.0710606898,False
official_only_nested,tourist_visits_test_2017,tourist_visits,0.0017782794,0.0017782794,2015,5,5,2014,1818.7200000000,1671.3885779272,8.4427987716,0.0844781922,False
official_only_nested,tourist_visits_test_2017,tourist_visits,0.0017782794,0.0017782794,2016,6,6,2015,2086.0000000000,1930.1981952703,7.7586711190,0.0776256671,False
official_only_nested,tourist_visits_test_2017,tourist_visits,0.0031622777,0.0031622777,2014,4,4,2013,1553.4000000000,1446.7246252048,7.1113962333,0.0711439549,False
official_only_nested,tourist_visits_test_2017,tourist_visits,0.0031622777,0.0031622777,2015,5,5,2014,1818.7200000000,1671.2552479828,8.4507620564,0.0845579674,False
official_only_nested,tourist_visits_test_2017,tourist_visits,0.0031622777,0.0031622777,2016,6,6,2015,2086.0000000000,1930.0515891314,7.7662553584,0.0777016239,False
official_only_nested,tourist_visits_test_2017,tourist_visits,0.0056234133,0.0056234133,2014,4,4,2013,1553.4000000000,1446.5106075491,7.1261718387,0.0712918983,False
official_only_nested,tourist_visits_test_2017,tourist_visits,0.0056234133,0.0056234133,2015,5,5,2014,1818.7200000000,1671.0183322176,8.4649136251,0.0846997366,False
official_only_nested,tourist_visits_test_2017,tourist_visits,0.0056234133,0.0056234133,2016,6,6,2015,2086.0000000000,1929.7910493721,7.7797349866,0.0778366241,False
official_only_nested,tourist_visits_test_2017,tourist_visits,0.0100000000,0.0100000000,2014,4,4,2013,1553.4000000000,1446.1306733167,7.1524073841,0.0715545885,False
official_only_nested,tourist_visits_test_2017,tourist_visits,0.0100000000,0.0100000000,2015,5,5,2014,1818.7200000000,1670.5976047904,8.4900494587,0.0849515474,False
official_only_nested,tourist_visits_test_2017,tourist_visits,0.0100000000,0.0100000000,2016,6,6,2015,2086.0000000000,1929.3282640044,7.8036825731,0.0780764640,False
official_only_nested,tourist_visits_test_2017,tourist_visits,0.0177827941,0.0177827941,2014,4,4,2013,1553.4000000000,1445.4570888121,7.1989366609,0.0720204810,False
official_only_nested,tourist_visits_test_2017,tourist_visits,0.0177827941,0.0177827941,2015,5,5,2014,1818.7200000000,1669.8512468803,8.5346545955,0.0853984082,False
official_only_nested,tourist_visits_test_2017,tourist_visits,0.0177827941,0.0177827941,2016,6,6,2015,2086.0000000000,1928.5069651696,7.8461956199,0.0785022462,False
official_only_nested,tourist_visits_test_2017,tourist_visits,0.0316227766,0.0316227766,2014,4,4,2013,1553.4000000000,1444.2656916249,7.2812861474,0.0728450565,False
official_only_nested,tourist_visits_test_2017,tourist_visits,0.0316227766,0.0316227766,2015,5,5,2014,1818.7200000000,1668.5297175955,8.6136809559,0.0861901269,False
official_only_nested,tourist_visits_test_2017,tourist_visits,0.0316227766,0.0316227766,2016,6,6,2015,2086.0000000000,1927.0517021072,7.9215674101,0.0792571371,False
official_only_nested,tourist_visits_test_2017,tourist_visits,0.0562341325,0.0562341325,2014,4,4,2013,1553.4000000000,1442.1671382973,7.4264976592,0.0742991376,False
official_only_nested,tourist_visits_test_2017,tourist_visits,0.0562341325,0.0562341325,2015,5,5,2014,1818.7200000000,1666.1975407814,8.7532894213,0.0875888483,False
official_only_nested,tourist_visits_test_2017,tourist_visits,0.0562341325,0.0562341325,2016,6,6,2015,2086.0000000000,1924.4802682493,8.0548822558,0.0805924158,False
official_only_nested,tourist_visits_test_2017,tourist_visits,0.1000000000,0.1000000000,2014,4,4,2013,1553.4000000000,1438.4975609756,7.6809072960,0.0768468685,False
official_only_nested,tourist_visits_test_2017,tourist_visits,0.1000000000,0.1000000000,2015,5,5,2014,1818.7200000000,1662.1058823529,8.9986757707,0.0900475548,False
official_only_nested,tourist_visits_test_2017,tourist_visits,0.1000000000,0.1000000000,2016,6,6,2015,2086.0000000000,1919.9587978142,8.2897109314,0.0829446302,False
official_only_nested,tourist_visits_test_2017,tourist_visits,0.1778279410,0.1778279410,2014,4,4,2013,1553.4000000000,1432.1619499153,8.1216234745,0.0812609213,False
official_only_nested,tourist_visits_test_2017,tourist_visits,0.1778279410,0.1778279410,2015,5,5,2014,1818.7200000000,1655.0006393933,9.4261673636,0.0943315618,False
official_only_nested,tourist_visits_test_2017,tourist_visits,0.1778279410,0.1778279410,2016,6,6,2015,2086.0000000000,1912.0766142740,8.7003528199,0.0870584725,False
official_only_nested,tourist_visits_test_2017,tourist_visits,0.3162277660,0.3162277660,2014,4,4,2013,1553.4000000000,1421.4598744067,8.8703422120,0.0887616529,False
official_only_nested,tourist_visits_test_2017,tourist_visits,0.3162277660,0.3162277660,2015,5,5,2014,1818.7200000000,1642.8794418348,10.1594977189,0.1016824974,False
official_only_nested,tourist_visits_test_2017,tourist_visits,0.3162277660,0.3162277660,2016,6,6,2015,2086.0000000000,1898.5397337480,9.4093811972,0.0941633271,False
official_only_nested,tourist_visits_test_2017,tourist_visits,0.5623413252,0.5623413252,2014,4,4,2013,1553.4000000000,1404.0325471093,10.1011570348,0.1010975900,False
official_only_nested,tourist_visits_test_2017,tourist_visits,0.5623413252,0.5623413252,2015,5,5,2014,1818.7200000000,1622.8146106932,11.3847693815,0.1139709013,False
official_only_nested,tourist_visits_test_2017,tourist_visits,0.5623413252,0.5623413252,2016,6,6,2015,2086.0000000000,1875.8778718284,10.6071986553,0.1061716084,False
official_only_nested,tourist_visits_test_2017,tourist_visits,1.0000000000,1.0000000000,2014,4,4,2013,1553.4000000000,1377.2800000000,12.0190535985,0.1203355373,False
official_only_nested,tourist_visits_test_2017,tourist_visits,1.0000000000,1.0000000000,2015,5,5,2014,1818.7200000000,1591.2000000000,13.3445945946,0.1336445084,False
official_only_nested,tourist_visits_test_2017,tourist_visits,1.0000000000,1.0000000000,2016,6,6,2015,2086.0000000000,1839.5152380952,12.5580845802,0.1257462772,False
official_only_nested,tourist_visits_test_2017,tourist_visits,1.7782794100,1.7782794100,2014,4,4,2013,1553.4000000000,1339.7175101186,14.7717808996,0.1479872986,False
official_only_nested,tourist_visits_test_2017,tourist_visits,1.7782794100,1.7782794100,2015,5,5,2014,1818.7200000000,1545.0654800080,16.2706285296,0.1630666656,False
official_only_nested,tourist_visits_test_2017,tourist_visits,1.7782794100,1.7782794100,2016,6,6,2015,2086.0000000000,1784.9607346455,15.5537235323,0.1558519390,False
official_only_nested,tourist_visits_test_2017,tourist_visits,3.1622776602,3.1622776602,2014,4,4,2013,1553.4000000000,1293.0866717769,18.2901491023,0.1834139479,False
official_only_nested,tourist_visits_test_2017,tourist_visits,3.1622776602,3.1622776602,2015,5,5,2014,1818.7200000000,1484.7587344577,20.2187628489,0.2028806663,False
official_only_nested,tourist_visits_test_2017,tourist_visits,3.1622776602,3.1622776602,2016,6,6,2015,2086.0000000000,1710.8424775206,19.7615531695,0.1982624305,False
official_only_nested,tourist_visits_test_2017,tourist_visits,5.6234132519,5.6234132519,2014,4,4,2013,1553.4000000000,1243.2966144859,22.1764051136,0.2226796650,False
official_only_nested,tourist_visits_test_2017,tourist_visits,5.6234132519,5.6234132519,2015,5,5,2014,1818.7200000000,1416.3327138872,24.8767066073,0.2500620219,False
official_only_nested,tourist_visits_test_2017,tourist_visits,5.6234132519,5.6234132519,2016,6,6,2015,2086.0000000000,1622.6411626556,24.9880652790,0.2511931876,False
official_only_nested,tourist_visits_test_2017,tourist_visits,10.0000000000,10.0000000000,2014,4,4,2013,1553.4000000000,1198.0000000000,25.8341208112,0.2597925773,False
official_only_nested,tourist_visits_test_2017,tourist_visits,10.0000000000,10.0000000000,2015,5,5,2014,1818.7200000000,1350.1200000000,29.5754913470,0.2979394796,False
official_only_nested,tourist_visits_test_2017,tourist_visits,10.0000000000,10.0000000000,2016,6,6,2015,2086.0000000000,1532.8241666667,30.5721310490,0.3081364621,False
official_only_nested,tourist_visits_test_2017,tourist_visits,17.7827941004,17.7827941004,2014,4,4,2013,1553.4000000000,1162.4138263977,28.7932972284,0.2899473491,False
official_only_nested,tourist_visits_test_2017,tourist_visits,17.7827941004,17.7827941004,2015,5,5,2014,1818.7200000000,1295.2166961163,33.6232463901,0.3394549429,False
official_only_nested,tourist_visits_test_2017,tourist_visits,17.7827941004,17.7827941004,2016,6,6,2015,2086.0000000000,1454.7640262187,35.6553539918,0.3604046504,False
official_only_nested,tourist_visits_test_2017,tourist_visits,31.6227766017,31.6227766017,2014,4,4,2013,1553.4000000000,1137.5434956234,30.9078585301,0.3115749680,False
official_only_nested,tourist_visits_test_2017,tourist_visits,31.6227766017,31.6227766017,2015,5,5,2014,1818.7200000000,1255.2278870065,36.6624376018,0.3708158176,False
official_only_nested,tourist_visits_test_2017,tourist_visits,31.6227766017,31.6227766017,2016,6,6,2015,2086.0000000000,1395.7305351086,39.6509412737,0.4018303973,False
official_only_nested,tourist_visits_test_2017,tourist_visits,56.2341325190,56.2341325190,2014,4,4,2013,1553.4000000000,1121.5496651763,32.2884830654,0.3257347184,False
official_only_nested,tourist_visits_test_2017,tourist_visits,56.2341325190,56.2341325190,2015,5,5,2014,1818.7200000000,1228.7701992798,38.7170925675,0.3921191257,False
official_only_nested,tourist_visits_test_2017,tourist_visits,56.2341325190,56.2341325190,2016,6,6,2015,2086.0000000000,1355.6131421154,42.4444484446,0.4309945012,False
official_only_nested,tourist_visits_test_2017,tourist_visits,100.0000000000,100.0000000000,2014,4,4,2013,1553.4000000000,1111.8076923077,33.1375531421,0.3344588347,False
official_only_nested,tourist_visits_test_2017,tourist_visits,100.0000000000,100.0000000000,2015,5,5,2014,1818.7200000000,1212.3600000000,40.0095015638,0.4055640837,False
official_only_nested,tourist_visits_test_2017,tourist_visits,100.0000000000,100.0000000000,2016,6,6,2015,2086.0000000000,1330.2923270440,44.2413939213,0.4498496437,False
official_only_nested,tourist_visits_test_2017,tourist_visits,177.8279410039,177.8279410039,2014,4,4,2013,1553.4000000000,1106.0687883738,33.6406438445,0.3396339802,False
official_only_nested,tourist_visits_test_2017,tourist_visits,177.8279410039,177.8279410039,2015,5,5,2014,1818.7200000000,1202.5861682999,40.7859248536,0.4136585789,False
official_only_nested,tourist_visits_test_2017,tourist_visits,177.8279410039,177.8279410039,2016,6,6,2015,2086.0000000000,1315.0484724028,45.3361093706,0.4613748305,False
official_only_nested,tourist_visits_test_2017,tourist_visits,316.2277660168,316.2277660168,2014,4,4,2013,1553.4000000000,1102.7544006734,33.9321840035,0.3426350264,False
official_only_nested,tourist_visits_test_2017,tourist_visits,316.2277660168,316.2277660168,2015,5,5,2014,1818.7200000000,1196.9049552219,41.2395476235,0.4183939360,False
official_only_nested,tourist_visits_test_2017,tourist_visits,316.2277660168,316.2277660168,2016,6,6,2015,2086.0000000000,1306.1310835746,45.9810601189,0.4681789605,False
official_only_nested,tourist_visits_test_2017,tourist_visits,562.3413251903,562.3413251903,2014,4,4,2013,1553.4000000000,1100.8621194640,34.0989593467,0.3443524592,False
official_only_nested,tourist_visits_test_2017,tourist_visits,562.3413251903,562.3413251903,2015,5,5,2014,1818.7200000000,1193.6492938430,41.5002707294,0.4211177089,False
official_only_nested,tourist_visits_test_2017,tourist_visits,562.3413251903,562.3413251903,2016,6,6,2015,2086.0000000000,1301.0019974562,46.3535600589,0.4721136217,False
official_only_nested,tourist_visits_test_2017,tourist_visits,1000.0000000000,1000.0000000000,2014,4,4,2013,1553.4000000000,1099.7888446215,34.1936576658,0.3453278751,False
official_only_nested,tourist_visits_test_2017,tourist_visits,1000.0000000000,1000.0000000000,2015,5,5,2014,1818.7200000000,1191.7988059701,41.6487146858,0.4226691895,False
official_only_nested,tourist_visits_test_2017,tourist_visits,1000.0000000000,1000.0000000000,2016,6,6,2015,2086.0000000000,1298.0805036448,46.5662383331,0.4743617189,False
official_only_nested,tourist_visits_test_2018,tourist_visits,0.0001000000,0.0001000000,2014,4,4,2013,1553.4000000000,1446.9912852179,7.0929891915,0.0709596520,False
official_only_nested,tourist_visits_test_2018,tourist_visits,0.0001000000,0.0001000000,2015,5,5,2014,1818.7200000000,1671.5503569929,8.4331371472,0.0843814037,False
official_only_nested,tourist_visits_test_2018,tourist_visits,0.0001000000,0.0001000000,2016,6,6,2015,2086.0000000000,1930.3760651767,7.7494702836,0.0775335202,False
official_only_nested,tourist_visits_test_2018,tourist_visits,0.0001000000,0.0001000000,2017,7,7,2016,2392.0000000000,2201.0400906926,8.3151858262,0.0831998189,False
official_only_nested,tourist_visits_test_2018,tourist_visits,0.0001778279,0.0001778279,2014,4,4,2013,1553.4000000000,1446.9845029839,7.0934573159,0.0709643392,False
official_only_nested,tourist_visits_test_2018,tourist_visits,0.0001778279,0.0001778279,2015,5,5,2014,1818.7200000000,1671.5428523059,8.4335853156,0.0843858934,False
official_only_nested,tourist_visits_test_2018,tourist_visits,0.0001778279,0.0001778279,2016,6,6,2015,2086.0000000000,1930.3678144999,7.7498970557,0.0775377944,False
official_only_nested,tourist_visits_test_2018,tourist_visits,0.0001778279,0.0001778279,2017,7,7,2016,2392.0000000000,2201.0312668791,8.3155860269,0.0832038279,False
official_only_nested,tourist_visits_test_2018,tourist_visits,0.0003162278,0.0003162278,2014,4,4,2013,1553.4000000000,1446.9724429288,7.0942897321,0.0709726738,False
official_only_nested,tourist_visits_test_2018,tourist_visits,0.0003162278,0.0003162278,2015,5,5,2014,1818.7200000000,1671.5295074526,8.4343822545,0.0843938770,False
official_only_nested,tourist_visits_test_2018,tourist_visits,0.0003162278,0.0003162278,2016,6,6,2015,2086.0000000000,1930.3531430199,7.7506559527,0.0775453947,False
official_only_nested,tourist_visits_test_2018,tourist_visits,0.0003162278,0.0003162278,2017,7,7,2016,2392.0000000000,2201.0155761579,8.3162976774,0.0832109567,False
official_only_nested,tourist_visits_test_2018,tourist_visits,0.0005623413,0.0005623413,2014,4,4,2013,1553.4000000000,1446.9509988424,7.0957698748,0.0709874939,False
official_only_nested,tourist_visits_test_2018,tourist_visits,0.0005623413,0.0005623413,2015,5,5,2014,1818.7200000000,1671.5057783995,8.4357993406,0.0844080731,False
official_only_nested,tourist_visits_test_2018,tourist_visits,0.0005623413,0.0005623413,2016,6,6,2015,2086.0000000000,1930.3270547009,7.7520054109,0.0775589096,False
official_only_nested,tourist_visits_test_2018,tourist_visits,0.0005623413,0.0005623413,2017,7,7,2016,2392.0000000000,2200.9876752040,8.3175631333,0.0832236332,False
official_only_nested,tourist_visits_test_2018,tourist_visits,0.0010000000,0.0010000000,2014,4,4,2013,1553.4000000000,1446.9128717821,7.0984015847,0.0710138442,False
official_only_nested,tourist_visits_test_2018,tourist_visits,0.0010000000,0.0010000000,2015,5,5,2014,1818.7200000000,1671.4635872825,8.4383190187,0.0844333148,False
official_only_nested,tourist_visits_test_2018,tourist_visits,0.0010000000,0.0010000000,2016,6,6,2015,2086.0000000000,1930.2806676665,7.7544048944,0.0775829406,False
official_only_nested,tourist_visits_test_2018,tourist_visits,0.0010000000,0.0010000000,2017,7,7,2016,2392.0000000000,2200.9380643582,8.3198132857,0.0832461737,False
official_only_nested,tourist_visits_test_2018,tourist_visits,0.0017782794,0.0017782794,2014,4,4,2013,1553.4000000000,1446.8450918169,7.1030802433,0.0710606898,False
official_only_nested,tourist_visits_test_2018,tourist_visits,0.0017782794,0.0017782794,2015,5,5,2014,1818.7200000000,1671.3885779272,8.4427987716,0.0844781922,False
official_only_nested,tourist_visits_test_2018,tourist_visits,0.0017782794,0.0017782794,2016,6,6,2015,2086.0000000000,1930.1981952703,7.7586711190,0.0776256671,False
official_only_nested,tourist_visits_test_2018,tourist_visits,0.0017782794,0.0017782794,2017,7,7,2016,2392.0000000000,2200.8498577331,8.3238141105,0.0832862513,False
official_only_nested,tourist_visits_test_2018,tourist_visits,0.0031622777,0.0031622777,2014,4,4,2013,1553.4000000000,1446.7246252048,7.1113962333,0.0711439549,False
official_only_nested,tourist_visits_test_2018,tourist_visits,0.0031622777,0.0031622777,2015,5,5,2014,1818.7200000000,1671.2552479828,8.4507620564,0.0845579674,False
official_only_nested,tourist_visits_test_2018,tourist_visits,0.0031622777,0.0031622777,2016,6,6,2015,2086.0000000000,1930.0515891314,7.7662553584,0.0777016239,False
official_only_nested,tourist_visits_test_2018,tourist_visits,0.0031622777,0.0031622777,2017,7,7,2016,2392.0000000000,2200.6930501385,8.3309268777,0.0833575025,False
official_only_nested,tourist_visits_test_2018,tourist_visits,0.0056234133,0.0056234133,2014,4,4,2013,1553.4000000000,1446.5106075491,7.1261718387,0.0712918983,False
official_only_nested,tourist_visits_test_2018,tourist_visits,0.0056234133,0.0056234133,2015,5,5,2014,1818.7200000000,1671.0183322176,8.4649136251,0.0846997366,False
official_only_nested,tourist_visits_test_2018,tourist_visits,0.0056234133,0.0056234133,2016,6,6,2015,2086.0000000000,1929.7910493721,7.7797349866,0.0778366241,False
official_only_nested,tourist_visits_test_2018,tourist_visits,0.0056234133,0.0056234133,2017,7,7,2016,2392.0000000000,2200.4143554710,8.3435696215,0.0834841501,False
official_only_nested,tourist_visits_test_2018,tourist_visits,0.0100000000,0.0100000000,2014,4,4,2013,1553.4000000000,1446.1306733167,7.1524073841,0.0715545885,False
official_only_nested,tourist_visits_test_2018,tourist_visits,0.0100000000,0.0100000000,2015,5,5,2014,1818.7200000000,1670.5976047904,8.4900494587,0.0849515474,False
official_only_nested,tourist_visits_test_2018,tourist_visits,0.0100000000,0.0100000000,2016,6,6,2015,2086.0000000000,1929.3282640044,7.8036825731,0.0780764640,False
official_only_nested,tourist_visits_test_2018,tourist_visits,0.0100000000,0.0100000000,2017,7,7,2016,2392.0000000000,2199.9192418993,8.3660338077,0.0837091846,False
official_only_nested,tourist_visits_test_2018,tourist_visits,0.0177827941,0.0177827941,2014,4,4,2013,1553.4000000000,1445.4570888121,7.1989366609,0.0720204810,False
official_only_nested,tourist_visits_test_2018,tourist_visits,0.0177827941,0.0177827941,2015,5,5,2014,1818.7200000000,1669.8512468803,8.5346545955,0.0853984082,False
official_only_nested,tourist_visits_test_2018,tourist_visits,0.0177827941,0.0177827941,2016,6,6,2015,2086.0000000000,1928.5069651696,7.8461956199,0.0785022462,False
official_only_nested,tourist_visits_test_2018,tourist_visits,0.0177827941,0.0177827941,2017,7,7,2016,2392.0000000000,2199.0403171438,8.4059241273,0.0841087904,False
official_only_nested,tourist_visits_test_2018,tourist_visits,0.0316227766,0.0316227766,2014,4,4,2013,1553.4000000000,1444.2656916249,7.2812861474,0.0728450565,False
official_only_nested,tourist_visits_test_2018,tourist_visits,0.0316227766,0.0316227766,2015,5,5,2014,1818.7200000000,1668.5297175955,8.6136809559,0.0861901269,False
official_only_nested,tourist_visits_test_2018,tourist_visits,0.0316227766,0.0316227766,2016,6,6,2015,2086.0000000000,1927.0517021072,7.9215674101,0.0792571371,False
official_only_nested,tourist_visits_test_2018,tourist_visits,0.0316227766,0.0316227766,2017,7,7,2016,2392.0000000000,2197.4821496118,8.4766796796,0.0848176086,False
official_only_nested,tourist_visits_test_2018,tourist_visits,0.0562341325,0.0562341325,2014,4,4,2013,1553.4000000000,1442.1671382973,7.4264976592,0.0742991376,False
official_only_nested,tourist_visits_test_2018,tourist_visits,0.0562341325,0.0562341325,2015,5,5,2014,1818.7200000000,1666.1975407814,8.7532894213,0.0875888483,False
official_only_nested,tourist_visits_test_2018,tourist_visits,0.0562341325,0.0562341325,2016,6,6,2015,2086.0000000000,1924.4802682493,8.0548822558,0.0805924158,False
official_only_nested,tourist_visits_test_2018,tourist_visits,0.0562341325,0.0562341325,2017,7,7,2016,2392.0000000000,2194.7263915268,8.6019348718,0.0860724481,False
official_only_nested,tourist_visits_test_2018,tourist_visits,0.1000000000,0.1000000000,2014,4,4,2013,1553.4000000000,1438.4975609756,7.6809072960,0.0768468685,False
official_only_nested,tourist_visits_test_2018,tourist_visits,0.1000000000,0.1000000000,2015,5,5,2014,1818.7200000000,1662.1058823529,8.9986757707,0.0900475548,False
official_only_nested,tourist_visits_test_2018,tourist_visits,0.1000000000,0.1000000000,2016,6,6,2015,2086.0000000000,1919.9587978142,8.2897109314,0.0829446302,False
official_only_nested,tourist_visits_test_2018,tourist_visits,0.1000000000,0.1000000000,2017,7,7,2016,2392.0000000000,2189.8730784708,8.8228948322,0.0882862490,False
official_only_nested,tourist_visits_test_2018,tourist_visits,0.1778279410,0.1778279410,2014,4,4,2013,1553.4000000000,1432.1619499153,8.1216234745,0.0812609213,False
official_only_nested,tourist_visits_test_2018,tourist_visits,0.1778279410,0.1778279410,2015,5,5,2014,1818.7200000000,1655.0006393933,9.4261673636,0.0943315618,False
official_only_nested,tourist_visits_test_2018,tourist_visits,0.1778279410,0.1778279410,2016,6,6,2015,2086.0000000000,1912.0766142740,8.7003528199,0.0870584725,False
official_only_nested,tourist_visits_test_2018,tourist_visits,0.1778279410,0.1778279410,2017,7,7,2016,2392.0000000000,2181.3887349408,9.2102936035,0.0921681277,False
official_only_nested,tourist_visits_test_2018,tourist_visits,0.3162277660,0.3162277660,2014,4,4,2013,1553.4000000000,1421.4598744067,8.8703422120,0.0887616529,False
official_only_nested,tourist_visits_test_2018,tourist_visits,0.3162277660,0.3162277660,2015,5,5,2014,1818.7200000000,1642.8794418348,10.1594977189,0.1016824974,False
official_only_nested,tourist_visits_test_2018,tourist_visits,0.3162277660,0.3162277660,2016,6,6,2015,2086.0000000000,1898.5397337480,9.4093811972,0.0941633271,False
official_only_nested,tourist_visits_test_2018,tourist_visits,0.3162277660,0.3162277660,2017,7,7,2016,2392.0000000000,2166.7471066843,9.8822280791,0.0989028224,False
official_only_nested,tourist_visits_test_2018,tourist_visits,0.5623413252,0.5623413252,2014,4,4,2013,1553.4000000000,1404.0325471093,10.1011570348,0.1010975900,False
official_only_nested,tourist_visits_test_2018,tourist_visits,0.5623413252,0.5623413252,2015,5,5,2014,1818.7200000000,1622.8146106932,11.3847693815,0.1139709013,False
official_only_nested,tourist_visits_test_2018,tourist_visits,0.5623413252,0.5623413252,2016,6,6,2015,2086.0000000000,1875.8778718284,10.6071986553,0.1061716084,False
official_only_nested,tourist_visits_test_2018,tourist_visits,0.5623413252,0.5623413252,2017,7,7,2016,2392.0000000000,2142.0340682530,11.0262043904,0.1103739593,False
official_only_nested,tourist_visits_test_2018,tourist_visits,1.0000000000,1.0000000000,2014,4,4,2013,1553.4000000000,1377.2800000000,12.0190535985,0.1203355373,False
official_only_nested,tourist_visits_test_2018,tourist_visits,1.0000000000,1.0000000000,2015,5,5,2014,1818.7200000000,1591.2000000000,13.3445945946,0.1336445084,False
official_only_nested,tourist_visits_test_2018,tourist_visits,1.0000000000,1.0000000000,2016,6,6,2015,2086.0000000000,1839.5152380952,12.5580845802,0.1257462772,False
official_only_nested,tourist_visits_test_2018,tourist_visits,1.0000000000,1.0000000000,2017,7,7,2016,2392.0000000000,2101.8435714286,12.9135081789,0.1293149853,False
official_only_nested,tourist_visits_test_2018,tourist_visits,1.7782794100,1.7782794100,2014,4,4,2013,1553.4000000000,1339.7175101186,14.7717808996,0.1479872986,False
official_only_nested,tourist_visits_test_2018,tourist_visits,1.7782794100,1.7782794100,2015,5,5,2014,1818.7200000000,1545.0654800080,16.2706285296,0.1630666656,False
official_only_nested,tourist_visits_test_2018,tourist_visits,1.7782794100,1.7782794100,2016,6,6,2015,2086.0000000000,1784.9607346455,15.5537235323,0.1558519390,False
official_only_nested,tourist_visits_test_2018,tourist_visits,1.7782794100,1.7782794100,2017,7,7,2016,2392.0000000000,2040.2734159969,15.8711591543,0.1590460098,False
official_only_nested,tourist_visits_test_2018,tourist_visits,3.1622776602,3.1622776602,2014,4,4,2013,1553.4000000000,1293.0866717769,18.2901491023,0.1834139479,False
official_only_nested,tourist_visits_test_2018,tourist_visits,3.1622776602,3.1622776602,2015,5,5,2014,1818.7200000000,1484.7587344577,20.2187628489,0.2028806663,False
official_only_nested,tourist_visits_test_2018,tourist_visits,3.1622776602,3.1622776602,2016,6,6,2015,2086.0000000000,1710.8424775206,19.7615531695,0.1982624305,False
official_only_nested,tourist_visits_test_2018,tourist_visits,3.1622776602,3.1622776602,2017,7,7,2016,2392.0000000000,1954.0809750199,20.1523638191,0.2022098427,False
official_only_nested,tourist_visits_test_2018,tourist_visits,5.6234132519,5.6234132519,2014,4,4,2013,1553.4000000000,1243.2966144859,22.1764051136,0.2226796650,False
official_only_nested,tourist_visits_test_2018,tourist_visits,5.6234132519,5.6234132519,2015,5,5,2014,1818.7200000000,1416.3327138872,24.8767066073,0.2500620219,False
official_only_nested,tourist_visits_test_2018,tourist_visits,5.6234132519,5.6234132519,2016,6,6,2015,2086.0000000000,1622.6411626556,24.9880652790,0.2511931876,False
official_only_nested,tourist_visits_test_2018,tourist_visits,5.6234132519,5.6234132519,2017,7,7,2016,2392.0000000000,1847.4945783489,25.6872800089,0.2582993968,False
official_only_nested,tourist_visits_test_2018,tourist_visits,10.0000000000,10.0000000000,2014,4,4,2013,1553.4000000000,1198.0000000000,25.8341208112,0.2597925773,False
official_only_nested,tourist_visits_test_2018,tourist_visits,10.0000000000,10.0000000000,2015,5,5,2014,1818.7200000000,1350.1200000000,29.5754913470,0.2979394796,False
official_only_nested,tourist_visits_test_2018,tourist_visits,10.0000000000,10.0000000000,2016,6,6,2015,2086.0000000000,1532.8241666667,30.5721310490,0.3081364621,False
official_only_nested,tourist_visits_test_2018,tourist_visits,10.0000000000,10.0000000000,2017,7,7,2016,2392.0000000000,1734.1909243697,31.8845680041,0.3215888575,False
official_only_nested,tourist_visits_test_2018,tourist_visits,17.7827941004,17.7827941004,2014,4,4,2013,1553.4000000000,1162.4138263977,28.7932972284,0.2899473491,False
official_only_nested,tourist_visits_test_2018,tourist_visits,17.7827941004,17.7827941004,2015,5,5,2014,1818.7200000000,1295.2166961163,33.6232463901,0.3394549429,False
official_only_nested,tourist_visits_test_2018,tourist_visits,17.7827941004,17.7827941004,2016,6,6,2015,2086.0000000000,1454.7640262187,35.6553539918,0.3604046504,False
official_only_nested,tourist_visits_test_2018,tourist_visits,17.7827941004,17.7827941004,2017,7,7,2016,2392.0000000000,1631.5618417021,37.7992529115,0.3825920949,False
official_only_nested,tourist_visits_test_2018,tourist_visits,31.6227766017,31.6227766017,2014,4,4,2013,1553.4000000000,1137.5434956234,30.9078585301,0.3115749680,False
official_only_nested,tourist_visits_test_2018,tourist_visits,31.6227766017,31.6227766017,2015,5,5,2014,1818.7200000000,1255.2278870065,36.6624376018,0.3708158176,False
official_only_nested,tourist_visits_test_2018,tourist_visits,31.6227766017,31.6227766017,2016,6,6,2015,2086.0000000000,1395.7305351086,39.6509412737,0.4018303973,False
official_only_nested,tourist_visits_test_2018,tourist_visits,31.6227766017,31.6227766017,2017,7,7,2016,2392.0000000000,1551.2321914069,42.6435861639,0.4330802588,False
official_only_nested,tourist_visits_test_2018,tourist_visits,56.2341325190,56.2341325190,2014,4,4,2013,1553.4000000000,1121.5496651763,32.2884830654,0.3257347184,False
official_only_nested,tourist_visits_test_2018,tourist_visits,56.2341325190,56.2341325190,2015,5,5,2014,1818.7200000000,1228.7701992798,38.7170925675,0.3921191257,False
official_only_nested,tourist_visits_test_2018,tourist_visits,56.2341325190,56.2341325190,2016,6,6,2015,2086.0000000000,1355.6131421154,42.4444484446,0.4309945012,False
official_only_nested,tourist_visits_test_2018,tourist_visits,56.2341325190,56.2341325190,2017,7,7,2016,2392.0000000000,1495.2468178958,46.1382167953,0.4698385473,False
official_only_nested,tourist_visits_test_2018,tourist_visits,100.0000000000,100.0000000000,2014,4,4,2013,1553.4000000000,1111.8076923077,33.1375531421,0.3344588347,False
official_only_nested,tourist_visits_test_2018,tourist_visits,100.0000000000,100.0000000000,2015,5,5,2014,1818.7200000000,1212.3600000000,40.0095015638,0.4055640837,False
official_only_nested,tourist_visits_test_2018,tourist_visits,100.0000000000,100.0000000000,2016,6,6,2015,2086.0000000000,1330.2923270440,44.2413939213,0.4498496437,False
official_only_nested,tourist_visits_test_2018,tourist_visits,100.0000000000,100.0000000000,2017,7,7,2016,2392.0000000000,1459.3104405875,48.4349196878,0.4941658129,False
official_only_nested,tourist_visits_test_2018,tourist_visits,177.8279410039,177.8279410039,2014,4,4,2013,1553.4000000000,1106.0687883738,33.6406438445,0.3396339802,False
official_only_nested,tourist_visits_test_2018,tourist_visits,177.8279410039,177.8279410039,2015,5,5,2014,1818.7200000000,1202.5861682999,40.7859248536,0.4136585789,False
official_only_nested,tourist_visits_test_2018,tourist_visits,177.8279410039,177.8279410039,2016,6,6,2015,2086.0000000000,1315.0484724028,45.3361093706,0.4613748305,False
official_only_nested,tourist_visits_test_2018,tourist_visits,177.8279410039,177.8279410039,2017,7,7,2016,2392.0000000000,1437.4470137281,49.8533069057,0.5092612031,False
official_only_nested,tourist_visits_test_2018,tourist_visits,316.2277660168,316.2277660168,2014,4,4,2013,1553.4000000000,1102.7544006734,33.9321840035,0.3426350264,False
official_only_nested,tourist_visits_test_2018,tourist_visits,316.2277660168,316.2277660168,2015,5,5,2014,1818.7200000000,1196.9049552219,41.2395476235,0.4183939360,False
official_only_nested,tourist_visits_test_2018,tourist_visits,316.2277660168,316.2277660168,2016,6,6,2015,2086.0000000000,1306.1310835746,45.9810601189,0.4681789605,False
official_only_nested,tourist_visits_test_2018,tourist_visits,316.2277660168,316.2277660168,2017,7,7,2016,2392.0000000000,1424.5765750103,50.6958739580,0.5182552069,False
official_only_nested,tourist_visits_test_2018,tourist_visits,562.3413251903,562.3413251903,2014,4,4,2013,1553.4000000000,1100.8621194640,34.0989593467,0.3443524592,False
official_only_nested,tourist_visits_test_2018,tourist_visits,562.3413251903,562.3413251903,2015,5,5,2014,1818.7200000000,1193.6492938430,41.5002707294,0.4211177089,False
official_only_nested,tourist_visits_test_2018,tourist_visits,562.3413251903,562.3413251903,2016,6,6,2015,2086.0000000000,1301.0019974562,46.3535600589,0.4721136217,False
official_only_nested,tourist_visits_test_2018,tourist_visits,562.3413251903,562.3413251903,2017,7,7,2016,2392.0000000000,1417.1465843361,51.1848727310,0.5234844338,False
official_only_nested,tourist_visits_test_2018,tourist_visits,1000.0000000000,1000.0000000000,2014,4,4,2013,1553.4000000000,1099.7888446215,34.1936576658,0.3453278751,False
official_only_nested,tourist_visits_test_2018,tourist_visits,1000.0000000000,1000.0000000000,2015,5,5,2014,1818.7200000000,1191.7988059701,41.6487146858,0.4226691895,False
official_only_nested,tourist_visits_test_2018,tourist_visits,1000.0000000000,1000.0000000000,2016,6,6,2015,2086.0000000000,1298.0805036448,46.5662383331,0.4743617189,False
official_only_nested,tourist_visits_test_2018,tourist_visits,1000.0000000000,1000.0000000000,2017,7,7,2016,2392.0000000000,1412.9055922826,51.4648463133,0.5264815483,False
official_only_nested,tourist_visits_test_2019,tourist_visits,0.0001000000,0.0001000000,2014,4,4,2013,1553.4000000000,1446.9912852179,7.0929891915,0.0709596520,False
official_only_nested,tourist_visits_test_2019,tourist_visits,0.0001000000,0.0001000000,2015,5,5,2014,1818.7200000000,1671.5503569929,8.4331371472,0.0843814037,False
official_only_nested,tourist_visits_test_2019,tourist_visits,0.0001000000,0.0001000000,2016,6,6,2015,2086.0000000000,1930.3760651767,7.7494702836,0.0775335202,False
official_only_nested,tourist_visits_test_2019,tourist_visits,0.0001000000,0.0001000000,2017,7,7,2016,2392.0000000000,2201.0400906926,8.3151858262,0.0831998189,False
official_only_nested,tourist_visits_test_2019,tourist_visits,0.0001000000,0.0001000000,2018,8,8,2017,2660.0000000000,2494.9293727668,6.4043797808,0.0640657015,False
official_only_nested,tourist_visits_test_2019,tourist_visits,0.0001778279,0.0001778279,2014,4,4,2013,1553.4000000000,1446.9845029839,7.0934573159,0.0709643392,False
official_only_nested,tourist_visits_test_2019,tourist_visits,0.0001778279,0.0001778279,2015,5,5,2014,1818.7200000000,1671.5428523059,8.4335853156,0.0843858934,False
official_only_nested,tourist_visits_test_2019,tourist_visits,0.0001778279,0.0001778279,2016,6,6,2015,2086.0000000000,1930.3678144999,7.7498970557,0.0775377944,False
official_only_nested,tourist_visits_test_2019,tourist_visits,0.0001778279,0.0001778279,2017,7,7,2016,2392.0000000000,2201.0312668791,8.3155860269,0.0832038279,False
official_only_nested,tourist_visits_test_2019,tourist_visits,0.0001778279,0.0001778279,2018,8,8,2017,2660.0000000000,2494.9199901908,6.4047554617,0.0640694622,False
official_only_nested,tourist_visits_test_2019,tourist_visits,0.0003162278,0.0003162278,2014,4,4,2013,1553.4000000000,1446.9724429288,7.0942897321,0.0709726738,False
official_only_nested,tourist_visits_test_2019,tourist_visits,0.0003162278,0.0003162278,2015,5,5,2014,1818.7200000000,1671.5295074526,8.4343822545,0.0843938770,False
official_only_nested,tourist_visits_test_2019,tourist_visits,0.0003162278,0.0003162278,2016,6,6,2015,2086.0000000000,1930.3531430199,7.7506559527,0.0775453947,False
official_only_nested,tourist_visits_test_2019,tourist_visits,0.0003162278,0.0003162278,2017,7,7,2016,2392.0000000000,2201.0155761579,8.3162976774,0.0832109567,False
official_only_nested,tourist_visits_test_2019,tourist_visits,0.0003162278,0.0003162278,2018,8,8,2017,2660.0000000000,2494.9033058001,6.4054235126,0.0640761495,False
official_only_nested,tourist_visits_test_2019,tourist_visits,0.0005623413,0.0005623413,2014,4,4,2013,1553.4000000000,1446.9509988424,7.0957698748,0.0709874939,False
official_only_nested,tourist_visits_test_2019,tourist_visits,0.0005623413,0.0005623413,2015,5,5,2014,1818.7200000000,1671.5057783995,8.4357993406,0.0844080731,False
official_only_nested,tourist_visits_test_2019,tourist_visits,0.0005623413,0.0005623413,2016,6,6,2015,2086.0000000000,1930.3270547009,7.7520054109,0.0775589096,False
official_only_nested,tourist_visits_test_2019,tourist_visits,0.0005623413,0.0005623413,2017,7,7,2016,2392.0000000000,2200.9876752040,8.3175631333,0.0832236332,False
official_only_nested,tourist_visits_test_2019,tourist_visits,0.0005623413,0.0005623413,2018,8,8,2017,2660.0000000000,2494.8736377175,6.4066114472,0.0640880411,False
official_only_nested,tourist_visits_test_2019,tourist_visits,0.0010000000,0.0010000000,2014,4,4,2013,1553.4000000000,1446.9128717821,7.0984015847,0.0710138442,False
official_only_nested,tourist_visits_test_2019,tourist_visits,0.0010000000,0.0010000000,2015,5,5,2014,1818.7200000000,1671.4635872825,8.4383190187,0.0844333148,False
official_only_nested,tourist_visits_test_2019,tourist_visits,0.0010000000,0.0010000000,2016,6,6,2015,2086.0000000000,1930.2806676665,7.7544048944,0.0775829406,False
official_only_nested,tourist_visits_test_2019,tourist_visits,0.0010000000,0.0010000000,2017,7,7,2016,2392.0000000000,2200.9380643582,8.3198132857,0.0832461737,False
official_only_nested,tourist_visits_test_2019,tourist_visits,0.0010000000,0.0010000000,2018,8,8,2017,2660.0000000000,2494.8208840859,6.4087237803,0.0641091861,False
official_only_nested,tourist_visits_test_2019,tourist_visits,0.0017782794,0.0017782794,2014,4,4,2013,1553.4000000000,1446.8450918169,7.1030802433,0.0710606898,False
official_only_nested,tourist_visits_test_2019,tourist_visits,0.0017782794,0.0017782794,2015,5,5,2014,1818.7200000000,1671.3885779272,8.4427987716,0.0844781922,False
official_only_nested,tourist_visits_test_2019,tourist_visits,0.0017782794,0.0017782794,2016,6,6,2015,2086.0000000000,1930.1981952703,7.7586711190,0.0776256671,False
official_only_nested,tourist_visits_test_2019,tourist_visits,0.0017782794,0.0017782794,2017,7,7,2016,2392.0000000000,2200.8498577331,8.3238141105,0.0832862513,False
official_only_nested,tourist_visits_test_2019,tourist_visits,0.0017782794,0.0017782794,2018,8,8,2017,2660.0000000000,2494.7270876444,6.4124796345,0.0641467833,False
official_only_nested,tourist_visits_test_2019,tourist_visits,0.0031622777,0.0031622777,2014,4,4,2013,1553.4000000000,1446.7246252048,7.1113962333,0.0711439549,False
official_only_nested,tourist_visits_test_2019,tourist_visits,0.0031622777,0.0031622777,2015,5,5,2014,1818.7200000000,1671.2552479828,8.4507620564,0.0845579674,False
official_only_nested,tourist_visits_test_2019,tourist_visits,0.0031622777,0.0031622777,2016,6,6,2015,2086.0000000000,1930.0515891314,7.7662553584,0.0777016239,False
official_only_nested,tourist_visits_test_2019,tourist_visits,0.0031622777,0.0031622777,2017,7,7,2016,2392.0000000000,2200.6930501385,8.3309268777,0.0833575025,False
official_only_nested,tourist_visits_test_2019,tourist_visits,0.0031622777,0.0031622777,2018,8,8,2017,2660.0000000000,2494.5603364283,6.4191571259,0.0642136270,False
official_only_nested,tourist_visits_test_2019,tourist_visits,0.0056234133,0.0056234133,2014,4,4,2013,1553.4000000000,1446.5106075491,7.1261718387,0.0712918983,False
official_only_nested,tourist_visits_test_2019,tourist_visits,0.0056234133,0.0056234133,2015,5,5,2014,1818.7200000000,1671.0183322176,8.4649136251,0.0846997366,False
official_only_nested,tourist_visits_test_2019,tourist_visits,0.0056234133,0.0056234133,2016,6,6,2015,2086.0000000000,1929.7910493721,7.7797349866,0.0778366241,False
official_only_nested,tourist_visits_test_2019,tourist_visits,0.0056234133,0.0056234133,2017,7,7,2016,2392.0000000000,2200.4143554710,8.3435696215,0.0834841501,False
official_only_nested,tourist_visits_test_2019,tourist_visits,0.0056234133,0.0056234133,2018,8,8,2017,2660.0000000000,2494.2639485990,6.4310269344,0.0643324477,False
official_only_nested,tourist_visits_test_2019,tourist_visits,0.0100000000,0.0100000000,2014,4,4,2013,1553.4000000000,1446.1306733167,7.1524073841,0.0715545885,False
official_only_nested,tourist_visits_test_2019,tourist_visits,0.0100000000,0.0100000000,2015,5,5,2014,1818.7200000000,1670.5976047904,8.4900494587,0.0849515474,False
official_only_nested,tourist_visits_test_2019,tourist_visits,0.0100000000,0.0100000000,2016,6,6,2015,2086.0000000000,1929.3282640044,7.8036825731,0.0780764640,False
official_only_nested,tourist_visits_test_2019,tourist_visits,0.0100000000,0.0100000000,2017,7,7,2016,2392.0000000000,2199.9192418993,8.3660338077,0.0837091846,False
official_only_nested,tourist_visits_test_2019,tourist_visits,0.0100000000,0.0100000000,2018,8,8,2017,2660.0000000000,2493.7373381487,6.4521201195,0.0645435986,False
official_only_nested,tourist_visits_test_2019,tourist_visits,0.0177827941,0.0177827941,2014,4,4,2013,1553.4000000000,1445.4570888121,7.1989366609,0.0720204810,False
official_only_nested,tourist_visits_test_2019,tourist_visits,0.0177827941,0.0177827941,2015,5,5,2014,1818.7200000000,1669.8512468803,8.5346545955,0.0853984082,False
official_only_nested,tourist_visits_test_2019,tourist_visits,0.0177827941,0.0177827941,2016,6,6,2015,2086.0000000000,1928.5069651696,7.8461956199,0.0785022462,False
official_only_nested,tourist_visits_test_2019,tourist_visits,0.0177827941,0.0177827941,2017,7,7,2016,2392.0000000000,2199.0403171438,8.4059241273,0.0841087904,False
official_only_nested,tourist_visits_test_2019,tourist_visits,0.0177827941,0.0177827941,2018,8,8,2017,2660.0000000000,2492.8022978186,6.4895834351,0.0649186243,False
official_only_nested,tourist_visits_test_2019,tourist_visits,0.0316227766,0.0316227766,2014,4,4,2013,1553.4000000000,1444.2656916249,7.2812861474,0.0728450565,False
official_only_nested,tourist_visits_test_2019,tourist_visits,0.0316227766,0.0316227766,2015,5,5,2014,1818.7200000000,1668.5297175955,8.6136809559,0.0861901269,False
official_only_nested,tourist_visits_test_2019,tourist_visits,0.0316227766,0.0316227766,2016,6,6,2015,2086.0000000000,1927.0517021072,7.9215674101,0.0792571371,False
official_only_nested,tourist_visits_test_2019,tourist_visits,0.0316227766,0.0316227766,2017,7,7,2016,2392.0000000000,2197.4821496118,8.4766796796,0.0848176086,False
official_only_nested,tourist_visits_test_2019,tourist_visits,0.0316227766,0.0316227766,2018,8,8,2017,2660.0000000000,2491.1440113512,6.5560577719,0.0655840755,False
official_only_nested,tourist_visits_test_2019,tourist_visits,0.0562341325,0.0562341325,2014,4,4,2013,1553.4000000000,1442.1671382973,7.4264976592,0.0742991376,False
official_only_nested,tourist_visits_test_2019,tourist_visits,0.0562341325,0.0562341325,2015,5,5,2014,1818.7200000000,1666.1975407814,8.7532894213,0.0875888483,False
official_only_nested,tourist_visits_test_2019,tourist_visits,0.0562341325,0.0562341325,2016,6,6,2015,2086.0000000000,1924.4802682493,8.0548822558,0.0805924158,False
official_only_nested,tourist_visits_test_2019,tourist_visits,0.0562341325,0.0562341325,2017,7,7,2016,2392.0000000000,2194.7263915268,8.6019348718,0.0860724481,False
official_only_nested,tourist_visits_test_2019,tourist_visits,0.0562341325,0.0562341325,2018,8,8,2017,2660.0000000000,2488.2091893634,6.6738084766,0.0667628721,False
official_only_nested,tourist_visits_test_2019,tourist_visits,0.1000000000,0.1000000000,2014,4,4,2013,1553.4000000000,1438.4975609756,7.6809072960,0.0768468685,False
official_only_nested,tourist_visits_test_2019,tourist_visits,0.1000000000,0.1000000000,2015,5,5,2014,1818.7200000000,1662.1058823529,8.9986757707,0.0900475548,False
official_only_nested,tourist_visits_test_2019,tourist_visits,0.1000000000,0.1000000000,2016,6,6,2015,2086.0000000000,1919.9587978142,8.2897109314,0.0829446302,False
official_only_nested,tourist_visits_test_2019,tourist_visits,0.1000000000,0.1000000000,2017,7,7,2016,2392.0000000000,2189.8730784708,8.8228948322,0.0882862490,False
official_only_nested,tourist_visits_test_2019,tourist_visits,0.1000000000,0.1000000000,2018,8,8,2017,2660.0000000000,2483.0343121693,6.8817618973,0.0688447975,False
official_only_nested,tourist_visits_test_2019,tourist_visits,0.1778279410,0.1778279410,2014,4,4,2013,1553.4000000000,1432.1619499153,8.1216234745,0.0812609213,False
official_only_nested,tourist_visits_test_2019,tourist_visits,0.1778279410,0.1778279410,2015,5,5,2014,1818.7200000000,1655.0006393933,9.4261673636,0.0943315618,False
official_only_nested,tourist_visits_test_2019,tourist_visits,0.1778279410,0.1778279410,2016,6,6,2015,2086.0000000000,1912.0766142740,8.7003528199,0.0870584725,False
official_only_nested,tourist_visits_test_2019,tourist_visits,0.1778279410,0.1778279410,2017,7,7,2016,2392.0000000000,2181.3887349408,9.2102936035,0.0921681277,False
official_only_nested,tourist_visits_test_2019,tourist_visits,0.1778279410,0.1778279410,2018,8,8,2017,2660.0000000000,2473.9687621523,7.2470732280,0.0725024754,False
official_only_nested,tourist_visits_test_2019,tourist_visits,0.3162277660,0.3162277660,2014,4,4,2013,1553.4000000000,1421.4598744067,8.8703422120,0.0887616529,False
official_only_nested,tourist_visits_test_2019,tourist_visits,0.3162277660,0.3162277660,2015,5,5,2014,1818.7200000000,1642.8794418348,10.1594977189,0.1016824974,False
official_only_nested,tourist_visits_test_2019,tourist_visits,0.3162277660,0.3162277660,2016,6,6,2015,2086.0000000000,1898.5397337480,9.4093811972,0.0941633271,False
official_only_nested,tourist_visits_test_2019,tourist_visits,0.3162277660,0.3162277660,2017,7,7,2016,2392.0000000000,2166.7471066843,9.8822280791,0.0989028224,False
official_only_nested,tourist_visits_test_2019,tourist_visits,0.3162277660,0.3162277660,2018,8,8,2017,2660.0000000000,2458.2668406496,7.8828699492,0.0788695575,False
official_only_nested,tourist_visits_test_2019,tourist_visits,0.5623413252,0.5623413252,2014,4,4,2013,1553.4000000000,1404.0325471093,10.1011570348,0.1010975900,False
official_only_nested,tourist_visits_test_2019,tourist_visits,0.5623413252,0.5623413252,2015,5,5,2014,1818.7200000000,1622.8146106932,11.3847693815,0.1139709013,False
official_only_nested,tourist_visits_test_2019,tourist_visits,0.5623413252,0.5623413252,2016,6,6,2015,2086.0000000000,1875.8778718284,10.6071986553,0.1061716084,False
official_only_nested,tourist_visits_test_2019,tourist_visits,0.5623413252,0.5623413252,2017,7,7,2016,2392.0000000000,2142.0340682530,11.0262043904,0.1103739593,False
official_only_nested,tourist_visits_test_2019,tourist_visits,0.5623413252,0.5623413252,2018,8,8,2017,2660.0000000000,2431.5983624217,8.9717067734,0.0897773194,False
official_only_nested,tourist_visits_test_2019,tourist_visits,1.0000000000,1.0000000000,2014,4,4,2013,1553.4000000000,1377.2800000000,12.0190535985,0.1203355373,False
official_only_nested,tourist_visits_test_2019,tourist_visits,1.0000000000,1.0000000000,2015,5,5,2014,1818.7200000000,1591.2000000000,13.3445945946,0.1336445084,False
official_only_nested,tourist_visits_test_2019,tourist_visits,1.0000000000,1.0000000000,2016,6,6,2015,2086.0000000000,1839.5152380952,12.5580845802,0.1257462772,False
official_only_nested,tourist_visits_test_2019,tourist_visits,1.0000000000,1.0000000000,2017,7,7,2016,2392.0000000000,2101.8435714286,12.9135081789,0.1293149853,False
official_only_nested,tourist_visits_test_2019,tourist_visits,1.0000000000,1.0000000000,2018,8,8,2017,2660.0000000000,2387.7773809524,10.7858409158,0.1079631557,False
official_only_nested,tourist_visits_test_2019,tourist_visits,1.7782794100,1.7782794100,2014,4,4,2013,1553.4000000000,1339.7175101186,14.7717808996,0.1479872986,False
official_only_nested,tourist_visits_test_2019,tourist_visits,1.7782794100,1.7782794100,2015,5,5,2014,1818.7200000000,1545.0654800080,16.2706285296,0.1630666656,False
official_only_nested,tourist_visits_test_2019,tourist_visits,1.7782794100,1.7782794100,2016,6,6,2015,2086.0000000000,1784.9607346455,15.5537235323,0.1558519390,False
official_only_nested,tourist_visits_test_2019,tourist_visits,1.7782794100,1.7782794100,2017,7,7,2016,2392.0000000000,2040.2734159969,15.8711591543,0.1590460098,False
official_only_nested,tourist_visits_test_2019,tourist_visits,1.7782794100,1.7782794100,2018,8,8,2017,2660.0000000000,2319.5415956892,13.6742869908,0.1369565447,False
official_only_nested,tourist_visits_test_2019,tourist_visits,3.1622776602,3.1622776602,2014,4,4,2013,1553.4000000000,1293.0866717769,18.2901491023,0.1834139479,False
official_only_nested,tourist_visits_test_2019,tourist_visits,3.1622776602,3.1622776602,2015,5,5,2014,1818.7200000000,1484.7587344577,20.2187628489,0.2028806663,False
official_only_nested,tourist_visits_test_2019,tourist_visits,3.1622776602,3.1622776602,2016,6,6,2015,2086.0000000000,1710.8424775206,19.7615531695,0.1982624305,False
official_only_nested,tourist_visits_test_2019,tourist_visits,3.1622776602,3.1622776602,2017,7,7,2016,2392.0000000000,1954.0809750199,20.1523638191,0.2022098427,False
official_only_nested,tourist_visits_test_2019,tourist_visits,3.1622776602,3.1622776602,2018,8,8,2017,2660.0000000000,2221.7048762579,17.9566415772,0.1800512594,False
official_only_nested,tourist_visits_test_2019,tourist_visits,5.6234132519,5.6234132519,2014,4,4,2013,1553.4000000000,1243.2966144859,22.1764051136,0.2226796650,False
official_only_nested,tourist_visits_test_2019,tourist_visits,5.6234132519,5.6234132519,2015,5,5,2014,1818.7200000000,1416.3327138872,24.8767066073,0.2500620219,False
official_only_nested,tourist_visits_test_2019,tourist_visits,5.6234132519,5.6234132519,2016,6,6,2015,2086.0000000000,1622.6411626556,24.9880652790,0.2511931876,False
official_only_nested,tourist_visits_test_2019,tourist_visits,5.6234132519,5.6234132519,2017,7,7,2016,2392.0000000000,1847.4945783489,25.6872800089,0.2582993968,False
official_only_nested,tourist_visits_test_2019,tourist_visits,5.6234132519,5.6234132519,2018,8,8,2017,2660.0000000000,2096.8290444507,23.6784189756,0.2378998981,False
official_only_nested,tourist_visits_test_2019,tourist_visits,10.0000000000,10.0000000000,2014,4,4,2013,1553.4000000000,1198.0000000000,25.8341208112,0.2597925773,False
official_only_nested,tourist_visits_test_2019,tourist_visits,10.0000000000,10.0000000000,2015,5,5,2014,1818.7200000000,1350.1200000000,29.5754913470,0.2979394796,False
official_only_nested,tourist_visits_test_2019,tourist_visits,10.0000000000,10.0000000000,2016,6,6,2015,2086.0000000000,1532.8241666667,30.5721310490,0.3081364621,False
official_only_nested,tourist_visits_test_2019,tourist_visits,10.0000000000,10.0000000000,2017,7,7,2016,2392.0000000000,1734.1909243697,31.8845680041,0.3215888575,False
official_only_nested,tourist_visits_test_2019,tourist_visits,10.0000000000,10.0000000000,2018,8,8,2017,2660.0000000000,1959.1211904762,30.3468465373,0.3058301223,False
official_only_nested,tourist_visits_test_2019,tourist_visits,17.7827941004,17.7827941004,2014,4,4,2013,1553.4000000000,1162.4138263977,28.7932972284,0.2899473491,False
official_only_nested,tourist_visits_test_2019,tourist_visits,17.7827941004,17.7827941004,2015,5,5,2014,1818.7200000000,1295.2166961163,33.6232463901,0.3394549429,False
official_only_nested,tourist_visits_test_2019,tourist_visits,17.7827941004,17.7827941004,2016,6,6,2015,2086.0000000000,1454.7640262187,35.6553539918,0.3604046504,False
official_only_nested,tourist_visits_test_2019,tourist_visits,17.7827941004,17.7827941004,2017,7,7,2016,2392.0000000000,1631.5618417021,37.7992529115,0.3825920949,False
official_only_nested,tourist_visits_test_2019,tourist_visits,17.7827941004,17.7827941004,2018,8,8,2017,2660.0000000000,1829.7270349264,36.9854540650,0.3741593283,False
official_only_nested,tourist_visits_test_2019,tourist_visits,31.6227766017,31.6227766017,2014,4,4,2013,1553.4000000000,1137.5434956234,30.9078585301,0.3115749680,False
official_only_nested,tourist_visits_test_2019,tourist_visits,31.6227766017,31.6227766017,2015,5,5,2014,1818.7200000000,1255.2278870065,36.6624376018,0.3708158176,False
official_only_nested,tourist_visits_test_2019,tourist_visits,31.6227766017,31.6227766017,2016,6,6,2015,2086.0000000000,1395.7305351086,39.6509412737,0.4018303973,False
official_only_nested,tourist_visits_test_2019,tourist_visits,31.6227766017,31.6227766017,2017,7,7,2016,2392.0000000000,1551.2321914069,42.6435861639,0.4330802588,False
official_only_nested,tourist_visits_test_2019,tourist_visits,31.6227766017,31.6227766017,2018,8,8,2017,2660.0000000000,1725.1967197413,42.6344969224,0.4329850384,False
official_only_nested,tourist_visits_test_2019,tourist_visits,56.2341325190,56.2341325190,2014,4,4,2013,1553.4000000000,1121.5496651763,32.2884830654,0.3257347184,False
official_only_nested,tourist_visits_test_2019,tourist_visits,56.2341325190,56.2341325190,2015,5,5,2014,1818.7200000000,1228.7701992798,38.7170925675,0.3921191257,False
official_only_nested,tourist_visits_test_2019,tourist_visits,56.2341325190,56.2341325190,2016,6,6,2015,2086.0000000000,1355.6131421154,42.4444484446,0.4309945012,False
official_only_nested,tourist_visits_test_2019,tourist_visits,56.2341325190,56.2341325190,2017,7,7,2016,2392.0000000000,1495.2468178958,46.1382167953,0.4698385473,False
official_only_nested,tourist_visits_test_2019,tourist_visits,56.2341325190,56.2341325190,2018,8,8,2017,2660.0000000000,1650.5851156766,46.8342397719,0.4771962822,False
official_only_nested,tourist_visits_test_2019,tourist_visits,100.0000000000,100.0000000000,2014,4,4,2013,1553.4000000000,1111.8076923077,33.1375531421,0.3344588347,False
official_only_nested,tourist_visits_test_2019,tourist_visits,100.0000000000,100.0000000000,2015,5,5,2014,1818.7200000000,1212.3600000000,40.0095015638,0.4055640837,False
official_only_nested,tourist_visits_test_2019,tourist_visits,100.0000000000,100.0000000000,2016,6,6,2015,2086.0000000000,1330.2923270440,44.2413939213,0.4498496437,False
official_only_nested,tourist_visits_test_2019,tourist_visits,100.0000000000,100.0000000000,2017,7,7,2016,2392.0000000000,1459.3104405875,48.4349196878,0.4941658129,False
official_only_nested,tourist_visits_test_2019,tourist_visits,100.0000000000,100.0000000000,2018,8,8,2017,2660.0000000000,1601.9076984127,49.6534592704,0.5071308923,False
official_only_nested,tourist_visits_test_2019,tourist_visits,177.8279410039,177.8279410039,2014,4,4,2013,1553.4000000000,1106.0687883738,33.6406438445,0.3396339802,False
official_only_nested,tourist_visits_test_2019,tourist_visits,177.8279410039,177.8279410039,2015,5,5,2014,1818.7200000000,1202.5861682999,40.7859248536,0.4136585789,False
official_only_nested,tourist_visits_test_2019,tourist_visits,177.8279410039,177.8279410039,2016,6,6,2015,2086.0000000000,1315.0484724028,45.3361093706,0.4613748305,False
official_only_nested,tourist_visits_test_2019,tourist_visits,177.8279410039,177.8279410039,2017,7,7,2016,2392.0000000000,1437.4470137281,49.8533069057,0.5092612031,False
official_only_nested,tourist_visits_test_2019,tourist_visits,177.8279410039,177.8279410039,2018,8,8,2017,2660.0000000000,1571.9862663224,51.4185852792,0.5259861653,False
official_only_nested,tourist_visits_test_2019,tourist_visits,316.2277660168,316.2277660168,2014,4,4,2013,1553.4000000000,1102.7544006734,33.9321840035,0.3426350264,False
official_only_nested,tourist_visits_test_2019,tourist_visits,316.2277660168,316.2277660168,2015,5,5,2014,1818.7200000000,1196.9049552219,41.2395476235,0.4183939360,False
official_only_nested,tourist_visits_test_2019,tourist_visits,316.2277660168,316.2277660168,2016,6,6,2015,2086.0000000000,1306.1310835746,45.9810601189,0.4681789605,False
official_only_nested,tourist_visits_test_2019,tourist_visits,316.2277660168,316.2277660168,2017,7,7,2016,2392.0000000000,1424.5765750103,50.6958739580,0.5182552069,False
official_only_nested,tourist_visits_test_2019,tourist_visits,316.2277660168,316.2277660168,2018,8,8,2017,2660.0000000000,1554.2625035987,52.4759668130,0.5373249639,False
official_only_nested,tourist_visits_test_2019,tourist_visits,562.3413251903,562.3413251903,2014,4,4,2013,1553.4000000000,1100.8621194640,34.0989593467,0.3443524592,False
official_only_nested,tourist_visits_test_2019,tourist_visits,562.3413251903,562.3413251903,2015,5,5,2014,1818.7200000000,1193.6492938430,41.5002707294,0.4211177089,False
official_only_nested,tourist_visits_test_2019,tourist_visits,562.3413251903,562.3413251903,2016,6,6,2015,2086.0000000000,1301.0019974562,46.3535600589,0.4721136217,False
official_only_nested,tourist_visits_test_2019,tourist_visits,562.3413251903,562.3413251903,2017,7,7,2016,2392.0000000000,1417.1465843361,51.1848727310,0.5234844338,False
official_only_nested,tourist_visits_test_2019,tourist_visits,562.3413251903,562.3413251903,2018,8,8,2017,2660.0000000000,1543.9934102480,53.0926897759,0.5439539392,False
official_only_nested,tourist_visits_test_2019,tourist_visits,1000.0000000000,1000.0000000000,2014,4,4,2013,1553.4000000000,1099.7888446215,34.1936576658,0.3453278751,False
official_only_nested,tourist_visits_test_2019,tourist_visits,1000.0000000000,1000.0000000000,2015,5,5,2014,1818.7200000000,1191.7988059701,41.6487146858,0.4226691895,False
official_only_nested,tourist_visits_test_2019,tourist_visits,1000.0000000000,1000.0000000000,2016,6,6,2015,2086.0000000000,1298.0805036448,46.5662383331,0.4743617189,False
official_only_nested,tourist_visits_test_2019,tourist_visits,1000.0000000000,1000.0000000000,2017,7,7,2016,2392.0000000000,1412.9055922826,51.4648463133,0.5264815483,False
official_only_nested,tourist_visits_test_2019,tourist_visits,1000.0000000000,1000.0000000000,2018,8,8,2017,2660.0000000000,1538.1195748299,53.4468066082,0.5477655078,False
official_only_nested,tourist_visits_test_2023,tourist_visits,0.0001000000,0.0001000000,2014,4,4,2013,1553.4000000000,1446.9912852179,7.0929891915,0.0709596520,False
official_only_nested,tourist_visits_test_2023,tourist_visits,0.0001000000,0.0001000000,2015,5,5,2014,1818.7200000000,1671.5503569929,8.4331371472,0.0843814037,False
official_only_nested,tourist_visits_test_2023,tourist_visits,0.0001000000,0.0001000000,2016,6,6,2015,2086.0000000000,1930.3760651767,7.7494702836,0.0775335202,False
official_only_nested,tourist_visits_test_2023,tourist_visits,0.0001000000,0.0001000000,2017,7,7,2016,2392.0000000000,2201.0400906926,8.3151858262,0.0831998189,False
official_only_nested,tourist_visits_test_2023,tourist_visits,0.0001000000,0.0001000000,2018,8,8,2017,2660.0000000000,2494.9293727668,6.4043797808,0.0640657015,False
official_only_nested,tourist_visits_test_2023,tourist_visits,0.0001000000,0.0001000000,2019,9,9,2018,2800.0000000000,2782.6163705835,0.6227771447,0.0062277916,False
official_only_nested,tourist_visits_test_2023,tourist_visits,0.0001778279,0.0001778279,2014,4,4,2013,1553.4000000000,1446.9845029839,7.0934573159,0.0709643392,False
official_only_nested,tourist_visits_test_2023,tourist_visits,0.0001778279,0.0001778279,2015,5,5,2014,1818.7200000000,1671.5428523059,8.4335853156,0.0843858934,False
official_only_nested,tourist_visits_test_2023,tourist_visits,0.0001778279,0.0001778279,2016,6,6,2015,2086.0000000000,1930.3678144999,7.7498970557,0.0775377944,False
official_only_nested,tourist_visits_test_2023,tourist_visits,0.0001778279,0.0001778279,2017,7,7,2016,2392.0000000000,2201.0312668791,8.3155860269,0.0832038279,False
official_only_nested,tourist_visits_test_2023,tourist_visits,0.0001778279,0.0001778279,2018,8,8,2017,2660.0000000000,2494.9199901908,6.4047554617,0.0640694622,False
official_only_nested,tourist_visits_test_2023,tourist_visits,0.0001778279,0.0001778279,2019,9,9,2018,2800.0000000000,2782.6066280367,0.6231272637,0.0062312928,False
official_only_nested,tourist_visits_test_2023,tourist_visits,0.0003162278,0.0003162278,2014,4,4,2013,1553.4000000000,1446.9724429288,7.0942897321,0.0709726738,False
official_only_nested,tourist_visits_test_2023,tourist_visits,0.0003162278,0.0003162278,2015,5,5,2014,1818.7200000000,1671.5295074526,8.4343822545,0.0843938770,False
official_only_nested,tourist_visits_test_2023,tourist_visits,0.0003162278,0.0003162278,2016,6,6,2015,2086.0000000000,1930.3531430199,7.7506559527,0.0775453947,False
official_only_nested,tourist_visits_test_2023,tourist_visits,0.0003162278,0.0003162278,2017,7,7,2016,2392.0000000000,2201.0155761579,8.3162976774,0.0832109567,False
official_only_nested,tourist_visits_test_2023,tourist_visits,0.0003162278,0.0003162278,2018,8,8,2017,2660.0000000000,2494.9033058001,6.4054235126,0.0640761495,False
official_only_nested,tourist_visits_test_2023,tourist_visits,0.0003162278,0.0003162278,2019,9,9,2018,2800.0000000000,2782.5893034826,0.6237498613,0.0062375188,False
official_only_nested,tourist_visits_test_2023,tourist_visits,0.0005623413,0.0005623413,2014,4,4,2013,1553.4000000000,1446.9509988424,7.0957698748,0.0709874939,False
official_only_nested,tourist_visits_test_2023,tourist_visits,0.0005623413,0.0005623413,2015,5,5,2014,1818.7200000000,1671.5057783995,8.4357993406,0.0844080731,False
official_only_nested,tourist_visits_test_2023,tourist_visits,0.0005623413,0.0005623413,2016,6,6,2015,2086.0000000000,1930.3270547009,7.7520054109,0.0775589096,False
official_only_nested,tourist_visits_test_2023,tourist_visits,0.0005623413,0.0005623413,2017,7,7,2016,2392.0000000000,2200.9876752040,8.3175631333,0.0832236332,False
official_only_nested,tourist_visits_test_2023,tourist_visits,0.0005623413,0.0005623413,2018,8,8,2017,2660.0000000000,2494.8736377175,6.4066114472,0.0640880411,False
official_only_nested,tourist_visits_test_2023,tourist_visits,0.0005623413,0.0005623413,2019,9,9,2018,2800.0000000000,2782.5584969008,0.6248569758,0.0062485901,False
official_only_nested,tourist_visits_test_2023,tourist_visits,0.0010000000,0.0010000000,2014,4,4,2013,1553.4000000000,1446.9128717821,7.0984015847,0.0710138442,False
official_only_nested,tourist_visits_test_2023,tourist_visits,0.0010000000,0.0010000000,2015,5,5,2014,1818.7200000000,1671.4635872825,8.4383190187,0.0844333148,False
official_only_nested,tourist_visits_test_2023,tourist_visits,0.0010000000,0.0010000000,2016,6,6,2015,2086.0000000000,1930.2806676665,7.7544048944,0.0775829406,False
official_only_nested,tourist_visits_test_2023,tourist_visits,0.0010000000,0.0010000000,2017,7,7,2016,2392.0000000000,2200.9380643582,8.3198132857,0.0832461737,False
official_only_nested,tourist_visits_test_2023,tourist_visits,0.0010000000,0.0010000000,2018,8,8,2017,2660.0000000000,2494.8208840859,6.4087237803,0.0641091861,False
official_only_nested,tourist_visits_test_2023,tourist_visits,0.0010000000,0.0010000000,2019,9,9,2018,2800.0000000000,2782.5037183523,0.6268256155,0.0062682767,False
official_only_nested,tourist_visits_test_2023,tourist_visits,0.0017782794,0.0017782794,2014,4,4,2013,1553.4000000000,1446.8450918169,7.1030802433,0.0710606898,False
official_only_nested,tourist_visits_test_2023,tourist_visits,0.0017782794,0.0017782794,2015,5,5,2014,1818.7200000000,1671.3885779272,8.4427987716,0.0844781922,False
official_only_nested,tourist_visits_test_2023,tourist_visits,0.0017782794,0.0017782794,2016,6,6,2015,2086.0000000000,1930.1981952703,7.7586711190,0.0776256671,False
official_only_nested,tourist_visits_test_2023,tourist_visits,0.0017782794,0.0017782794,2017,7,7,2016,2392.0000000000,2200.8498577331,8.3238141105,0.0832862513,False
official_only_nested,tourist_visits_test_2023,tourist_visits,0.0017782794,0.0017782794,2018,8,8,2017,2660.0000000000,2494.7270876444,6.4124796345,0.0641467833,False
official_only_nested,tourist_visits_test_2023,tourist_visits,0.0017782794,0.0017782794,2019,9,9,2018,2800.0000000000,2782.4063199455,0.6303260295,0.0063032812,False
official_only_nested,tourist_visits_test_2023,tourist_visits,0.0031622777,0.0031622777,2014,4,4,2013,1553.4000000000,1446.7246252048,7.1113962333,0.0711439549,False
official_only_nested,tourist_visits_test_2023,tourist_visits,0.0031622777,0.0031622777,2015,5,5,2014,1818.7200000000,1671.2552479828,8.4507620564,0.0845579674,False
official_only_nested,tourist_visits_test_2023,tourist_visits,0.0031622777,0.0031622777,2016,6,6,2015,2086.0000000000,1930.0515891314,7.7662553584,0.0777016239,False
official_only_nested,tourist_visits_test_2023,tourist_visits,0.0031622777,0.0031622777,2017,7,7,2016,2392.0000000000,2200.6930501385,8.3309268777,0.0833575025,False
official_only_nested,tourist_visits_test_2023,tourist_visits,0.0031622777,0.0031622777,2018,8,8,2017,2660.0000000000,2494.5603364283,6.4191571259,0.0642136270,False
official_only_nested,tourist_visits_test_2023,tourist_visits,0.0031622777,0.0031622777,2019,9,9,2018,2800.0000000000,2782.2331599618,0.6365495503,0.0063655170,False
official_only_nested,tourist_visits_test_2023,tourist_visits,0.0056234133,0.0056234133,2014,4,4,2013,1553.4000000000,1446.5106075491,7.1261718387,0.0712918983,False
official_only_nested,tourist_visits_test_2023,tourist_visits,0.0056234133,0.0056234133,2015,5,5,2014,1818.7200000000,1671.0183322176,8.4649136251,0.0846997366,False
official_only_nested,tourist_visits_test_2023,tourist_visits,0.0056234133,0.0056234133,2016,6,6,2015,2086.0000000000,1929.7910493721,7.7797349866,0.0778366241,False
official_only_nested,tourist_visits_test_2023,tourist_visits,0.0056234133,0.0056234133,2017,7,7,2016,2392.0000000000,2200.4143554710,8.3435696215,0.0834841501,False
official_only_nested,tourist_visits_test_2023,tourist_visits,0.0056234133,0.0056234133,2018,8,8,2017,2660.0000000000,2494.2639485990,6.4310269344,0.0643324477,False
official_only_nested,tourist_visits_test_2023,tourist_visits,0.0056234133,0.0056234133,2019,9,9,2018,2800.0000000000,2781.9253646037,0.6476129370,0.0064761520,False
official_only_nested,tourist_visits_test_2023,tourist_visits,0.0100000000,0.0100000000,2014,4,4,2013,1553.4000000000,1446.1306733167,7.1524073841,0.0715545885,False
official_only_nested,tourist_visits_test_2023,tourist_visits,0.0100000000,0.0100000000,2015,5,5,2014,1818.7200000000,1670.5976047904,8.4900494587,0.0849515474,False
official_only_nested,tourist_visits_test_2023,tourist_visits,0.0100000000,0.0100000000,2016,6,6,2015,2086.0000000000,1929.3282640044,7.8036825731,0.0780764640,False
official_only_nested,tourist_visits_test_2023,tourist_visits,0.0100000000,0.0100000000,2017,7,7,2016,2392.0000000000,2199.9192418993,8.3660338077,0.0837091846,False
official_only_nested,tourist_visits_test_2023,tourist_visits,0.0100000000,0.0100000000,2018,8,8,2017,2660.0000000000,2493.7373381487,6.4521201195,0.0645435986,False
official_only_nested,tourist_visits_test_2023,tourist_visits,0.0100000000,0.0100000000,2019,9,9,2018,2800.0000000000,2781.3784338389,0.6672748097,0.0066727729,False
official_only_nested,tourist_visits_test_2023,tourist_visits,0.0177827941,0.0177827941,2014,4,4,2013,1553.4000000000,1445.4570888121,7.1989366609,0.0720204810,False
official_only_nested,tourist_visits_test_2023,tourist_visits,0.0177827941,0.0177827941,2015,5,5,2014,1818.7200000000,1669.8512468803,8.5346545955,0.0853984082,False
official_only_nested,tourist_visits_test_2023,tourist_visits,0.0177827941,0.0177827941,2016,6,6,2015,2086.0000000000,1928.5069651696,7.8461956199,0.0785022462,False
official_only_nested,tourist_visits_test_2023,tourist_visits,0.0177827941,0.0177827941,2017,7,7,2016,2392.0000000000,2199.0403171438,8.4059241273,0.0841087904,False
official_only_nested,tourist_visits_test_2023,tourist_visits,0.0177827941,0.0177827941,2018,8,8,2017,2660.0000000000,2492.8022978186,6.4895834351,0.0649186243,False
official_only_nested,tourist_visits_test_2023,tourist_visits,0.0177827941,0.0177827941,2019,9,9,2018,2800.0000000000,2780.4071495480,0.7022014676,0.0070220435,False
official_only_nested,tourist_visits_test_2023,tourist_visits,0.0316227766,0.0316227766,2014,4,4,2013,1553.4000000000,1444.2656916249,7.2812861474,0.0728450565,False
official_only_nested,tourist_visits_test_2023,tourist_visits,0.0316227766,0.0316227766,2015,5,5,2014,1818.7200000000,1668.5297175955,8.6136809559,0.0861901269,False
official_only_nested,tourist_visits_test_2023,tourist_visits,0.0316227766,0.0316227766,2016,6,6,2015,2086.0000000000,1927.0517021072,7.9215674101,0.0792571371,False
official_only_nested,tourist_visits_test_2023,tourist_visits,0.0316227766,0.0316227766,2017,7,7,2016,2392.0000000000,2197.4821496118,8.4766796796,0.0848176086,False
official_only_nested,tourist_visits_test_2023,tourist_visits,0.0316227766,0.0316227766,2018,8,8,2017,2660.0000000000,2491.1440113512,6.5560577719,0.0655840755,False
official_only_nested,tourist_visits_test_2023,tourist_visits,0.0316227766,0.0316227766,2019,9,9,2018,2800.0000000000,2778.6840698495,0.7641920526,0.0076419577,False
official_only_nested,tourist_visits_test_2023,tourist_visits,0.0562341325,0.0562341325,2014,4,4,2013,1553.4000000000,1442.1671382973,7.4264976592,0.0742991376,False
official_only_nested,tourist_visits_test_2023,tourist_visits,0.0562341325,0.0562341325,2015,5,5,2014,1818.7200000000,1666.1975407814,8.7532894213,0.0875888483,False
official_only_nested,tourist_visits_test_2023,tourist_visits,0.0562341325,0.0562341325,2016,6,6,2015,2086.0000000000,1924.4802682493,8.0548822558,0.0805924158,False
official_only_nested,tourist_visits_test_2023,tourist_visits,0.0562341325,0.0562341325,2017,7,7,2016,2392.0000000000,2194.7263915268,8.6019348718,0.0860724481,False
official_only_nested,tourist_visits_test_2023,tourist_visits,0.0562341325,0.0562341325,2018,8,8,2017,2660.0000000000,2488.2091893634,6.6738084766,0.0667628721,False
official_only_nested,tourist_visits_test_2023,tourist_visits,0.0562341325,0.0562341325,2019,9,9,2018,2800.0000000000,2775.6329624567,0.8740545767,0.0087406014,False
official_only_nested,tourist_visits_test_2023,tourist_visits,0.1000000000,0.1000000000,2014,4,4,2013,1553.4000000000,1438.4975609756,7.6809072960,0.0768468685,False
official_only_nested,tourist_visits_test_2023,tourist_visits,0.1000000000,0.1000000000,2015,5,5,2014,1818.7200000000,1662.1058823529,8.9986757707,0.0900475548,False
official_only_nested,tourist_visits_test_2023,tourist_visits,0.1000000000,0.1000000000,2016,6,6,2015,2086.0000000000,1919.9587978142,8.2897109314,0.0829446302,False
official_only_nested,tourist_visits_test_2023,tourist_visits,0.1000000000,0.1000000000,2017,7,7,2016,2392.0000000000,2189.8730784708,8.8228948322,0.0882862490,False
official_only_nested,tourist_visits_test_2023,tourist_visits,0.1000000000,0.1000000000,2018,8,8,2017,2660.0000000000,2483.0343121693,6.8817618973,0.0688447975,False
official_only_nested,tourist_visits_test_2023,tourist_visits,0.1000000000,0.1000000000,2019,9,9,2018,2800.0000000000,2770.2480097680,1.0682465190,0.0106825668,False
official_only_nested,tourist_visits_test_2023,tourist_visits,0.1778279410,0.1778279410,2014,4,4,2013,1553.4000000000,1432.1619499153,8.1216234745,0.0812609213,False
official_only_nested,tourist_visits_test_2023,tourist_visits,0.1778279410,0.1778279410,2015,5,5,2014,1818.7200000000,1655.0006393933,9.4261673636,0.0943315618,False
official_only_nested,tourist_visits_test_2023,tourist_visits,0.1778279410,0.1778279410,2016,6,6,2015,2086.0000000000,1912.0766142740,8.7003528199,0.0870584725,False
official_only_nested,tourist_visits_test_2023,tourist_visits,0.1778279410,0.1778279410,2017,7,7,2016,2392.0000000000,2181.3887349408,9.2102936035,0.0921681277,False
official_only_nested,tourist_visits_test_2023,tourist_visits,0.1778279410,0.1778279410,2018,8,8,2017,2660.0000000000,2473.9687621523,7.2470732280,0.0725024754,False
official_only_nested,tourist_visits_test_2023,tourist_visits,0.1778279410,0.1778279410,2019,9,9,2018,2800.0000000000,2760.7989276716,1.4099079229,0.0140993128,False
official_only_nested,tourist_visits_test_2023,tourist_visits,0.3162277660,0.3162277660,2014,4,4,2013,1553.4000000000,1421.4598744067,8.8703422120,0.0887616529,False
official_only_nested,tourist_visits_test_2023,tourist_visits,0.3162277660,0.3162277660,2015,5,5,2014,1818.7200000000,1642.8794418348,10.1594977189,0.1016824974,False
official_only_nested,tourist_visits_test_2023,tourist_visits,0.3162277660,0.3162277660,2016,6,6,2015,2086.0000000000,1898.5397337480,9.4093811972,0.0941633271,False
official_only_nested,tourist_visits_test_2023,tourist_visits,0.3162277660,0.3162277660,2017,7,7,2016,2392.0000000000,2166.7471066843,9.8822280791,0.0989028224,False
official_only_nested,tourist_visits_test_2023,tourist_visits,0.3162277660,0.3162277660,2018,8,8,2017,2660.0000000000,2458.2668406496,7.8828699492,0.0788695575,False
official_only_nested,tourist_visits_test_2023,tourist_visits,0.3162277660,0.3162277660,2019,9,9,2018,2800.0000000000,2744.3858162839,2.0061440729,0.0200621136,False
official_only_nested,tourist_visits_test_2023,tourist_visits,0.5623413252,0.5623413252,2014,4,4,2013,1553.4000000000,1404.0325471093,10.1011570348,0.1010975900,False
official_only_nested,tourist_visits_test_2023,tourist_visits,0.5623413252,0.5623413252,2015,5,5,2014,1818.7200000000,1622.8146106932,11.3847693815,0.1139709013,False
official_only_nested,tourist_visits_test_2023,tourist_visits,0.5623413252,0.5623413252,2016,6,6,2015,2086.0000000000,1875.8778718284,10.6071986553,0.1061716084,False
official_only_nested,tourist_visits_test_2023,tourist_visits,0.5623413252,0.5623413252,2017,7,7,2016,2392.0000000000,2142.0340682530,11.0262043904,0.1103739593,False
official_only_nested,tourist_visits_test_2023,tourist_visits,0.5623413252,0.5623413252,2018,8,8,2017,2660.0000000000,2431.5983624217,8.9717067734,0.0897773194,False
official_only_nested,tourist_visits_test_2023,tourist_visits,0.5623413252,0.5623413252,2019,9,9,2018,2800.0000000000,2716.3723669877,3.0319792592,0.0303221156,False
official_only_nested,tourist_visits_test_2023,tourist_visits,1.0000000000,1.0000000000,2014,4,4,2013,1553.4000000000,1377.2800000000,12.0190535985,0.1203355373,False
official_only_nested,tourist_visits_test_2023,tourist_visits,1.0000000000,1.0000000000,2015,5,5,2014,1818.7200000000,1591.2000000000,13.3445945946,0.1336445084,False
official_only_nested,tourist_visits_test_2023,tourist_visits,1.0000000000,1.0000000000,2016,6,6,2015,2086.0000000000,1839.5152380952,12.5580845802,0.1257462772,False
official_only_nested,tourist_visits_test_2023,tourist_visits,1.0000000000,1.0000000000,2017,7,7,2016,2392.0000000000,2101.8435714286,12.9135081789,0.1293149853,False
official_only_nested,tourist_visits_test_2023,tourist_visits,1.0000000000,1.0000000000,2018,8,8,2017,2660.0000000000,2387.7773809524,10.7858409158,0.1079631557,False
official_only_nested,tourist_visits_test_2023,tourist_visits,1.0000000000,1.0000000000,2019,9,9,2018,2800.0000000000,2669.9628888889,4.7545884224,0.0475548442,False
official_only_nested,tourist_visits_test_2023,tourist_visits,1.7782794100,1.7782794100,2014,4,4,2013,1553.4000000000,1339.7175101186,14.7717808996,0.1479872986,False
official_only_nested,tourist_visits_test_2023,tourist_visits,1.7782794100,1.7782794100,2015,5,5,2014,1818.7200000000,1545.0654800080,16.2706285296,0.1630666656,False
official_only_nested,tourist_visits_test_2023,tourist_visits,1.7782794100,1.7782794100,2016,6,6,2015,2086.0000000000,1784.9607346455,15.5537235323,0.1558519390,False
official_only_nested,tourist_visits_test_2023,tourist_visits,1.7782794100,1.7782794100,2017,7,7,2016,2392.0000000000,2040.2734159969,15.8711591543,0.1590460098,False
official_only_nested,tourist_visits_test_2023,tourist_visits,1.7782794100,1.7782794100,2018,8,8,2017,2660.0000000000,2319.5415956892,13.6742869908,0.1369565447,False
official_only_nested,tourist_visits_test_2023,tourist_visits,1.7782794100,1.7782794100,2019,9,9,2018,2800.0000000000,2596.7442774500,7.5325311744,0.0753609578,False
official_only_nested,tourist_visits_test_2023,tourist_visits,3.1622776602,3.1622776602,2014,4,4,2013,1553.4000000000,1293.0866717769,18.2901491023,0.1834139479,False
official_only_nested,tourist_visits_test_2023,tourist_visits,3.1622776602,3.1622776602,2015,5,5,2014,1818.7200000000,1484.7587344577,20.2187628489,0.2028806663,False
official_only_nested,tourist_visits_test_2023,tourist_visits,3.1622776602,3.1622776602,2016,6,6,2015,2086.0000000000,1710.8424775206,19.7615531695,0.1982624305,False
official_only_nested,tourist_visits_test_2023,tourist_visits,3.1622776602,3.1622776602,2017,7,7,2016,2392.0000000000,1954.0809750199,20.1523638191,0.2022098427,False
official_only_nested,tourist_visits_test_2023,tourist_visits,3.1622776602,3.1622776602,2018,8,8,2017,2660.0000000000,2221.7048762579,17.9566415772,0.1800512594,False
official_only_nested,tourist_visits_test_2023,tourist_visits,3.1622776602,3.1622776602,2019,9,9,2018,2800.0000000000,2489.6893714600,11.7326597745,0.1174614649,False
official_only_nested,tourist_visits_test_2023,tourist_visits,5.6234132519,5.6234132519,2014,4,4,2013,1553.4000000000,1243.2966144859,22.1764051136,0.2226796650,False
official_only_nested,tourist_visits_test_2023,tourist_visits,5.6234132519,5.6234132519,2015,5,5,2014,1818.7200000000,1416.3327138872,24.8767066073,0.2500620219,False
official_only_nested,tourist_visits_test_2023,tourist_visits,5.6234132519,5.6234132519,2016,6,6,2015,2086.0000000000,1622.6411626556,24.9880652790,0.2511931876,False
official_only_nested,tourist_visits_test_2023,tourist_visits,5.6234132519,5.6234132519,2017,7,7,2016,2392.0000000000,1847.4945783489,25.6872800089,0.2582993968,False
official_only_nested,tourist_visits_test_2023,tourist_visits,5.6234132519,5.6234132519,2018,8,8,2017,2660.0000000000,2096.8290444507,23.6784189756,0.2378998981,False
official_only_nested,tourist_visits_test_2023,tourist_visits,5.6234132519,5.6234132519,2019,9,9,2018,2800.0000000000,2349.3733509887,17.5021936960,0.1754707837,False
official_only_nested,tourist_visits_test_2023,tourist_visits,10.0000000000,10.0000000000,2014,4,4,2013,1553.4000000000,1198.0000000000,25.8341208112,0.2597925773,False
official_only_nested,tourist_visits_test_2023,tourist_visits,10.0000000000,10.0000000000,2015,5,5,2014,1818.7200000000,1350.1200000000,29.5754913470,0.2979394796,False
official_only_nested,tourist_visits_test_2023,tourist_visits,10.0000000000,10.0000000000,2016,6,6,2015,2086.0000000000,1532.8241666667,30.5721310490,0.3081364621,False
official_only_nested,tourist_visits_test_2023,tourist_visits,10.0000000000,10.0000000000,2017,7,7,2016,2392.0000000000,1734.1909243697,31.8845680041,0.3215888575,False
official_only_nested,tourist_visits_test_2023,tourist_visits,10.0000000000,10.0000000000,2018,8,8,2017,2660.0000000000,1959.1211904762,30.3468465373,0.3058301223,False
official_only_nested,tourist_visits_test_2023,tourist_visits,10.0000000000,10.0000000000,2019,9,9,2018,2800.0000000000,2189.6499415205,24.4646444393,0.2458777302,False
official_only_nested,tourist_visits_test_2023,tourist_visits,17.7827941004,17.7827941004,2014,4,4,2013,1553.4000000000,1162.4138263977,28.7932972284,0.2899473491,False
official_only_nested,tourist_visits_test_2023,tourist_visits,17.7827941004,17.7827941004,2015,5,5,2014,1818.7200000000,1295.2166961163,33.6232463901,0.3394549429,False
official_only_nested,tourist_visits_test_2023,tourist_visits,17.7827941004,17.7827941004,2016,6,6,2015,2086.0000000000,1454.7640262187,35.6553539918,0.3604046504,False
official_only_nested,tourist_visits_test_2023,tourist_visits,17.7827941004,17.7827941004,2017,7,7,2016,2392.0000000000,1631.5618417021,37.7992529115,0.3825920949,False
official_only_nested,tourist_visits_test_2023,tourist_visits,17.7827941004,17.7827941004,2018,8,8,2017,2660.0000000000,1829.7270349264,36.9854540650,0.3741593283,False
official_only_nested,tourist_visits_test_2023,tourist_visits,17.7827941004,17.7827941004,2019,9,9,2018,2800.0000000000,2034.5679238511,31.6649631655,0.3193359433,False
official_only_nested,tourist_visits_test_2023,tourist_visits,31.6227766017,31.6227766017,2014,4,4,2013,1553.4000000000,1137.5434956234,30.9078585301,0.3115749680,False
official_only_nested,tourist_visits_test_2023,tourist_visits,31.6227766017,31.6227766017,2015,5,5,2014,1818.7200000000,1255.2278870065,36.6624376018,0.3708158176,False
official_only_nested,tourist_visits_test_2023,tourist_visits,31.6227766017,31.6227766017,2016,6,6,2015,2086.0000000000,1395.7305351086,39.6509412737,0.4018303973,False
official_only_nested,tourist_visits_test_2023,tourist_visits,31.6227766017,31.6227766017,2017,7,7,2016,2392.0000000000,1551.2321914069,42.6435861639,0.4330802588,False
official_only_nested,tourist_visits_test_2023,tourist_visits,31.6227766017,31.6227766017,2018,8,8,2017,2660.0000000000,1725.1967197413,42.6344969224,0.4329850384,False
official_only_nested,tourist_visits_test_2023,tourist_visits,31.6227766017,31.6227766017,2019,9,9,2018,2800.0000000000,1905.5810731919,38.0152381989,0.3848324298,False
official_only_nested,tourist_visits_test_2023,tourist_visits,56.2341325190,56.2341325190,2014,4,4,2013,1553.4000000000,1121.5496651763,32.2884830654,0.3257347184,False
official_only_nested,tourist_visits_test_2023,tourist_visits,56.2341325190,56.2341325190,2015,5,5,2014,1818.7200000000,1228.7701992798,38.7170925675,0.3921191257,False
official_only_nested,tourist_visits_test_2023,tourist_visits,56.2341325190,56.2341325190,2016,6,6,2015,2086.0000000000,1355.6131421154,42.4444484446,0.4309945012,False
official_only_nested,tourist_visits_test_2023,tourist_visits,56.2341325190,56.2341325190,2017,7,7,2016,2392.0000000000,1495.2468178958,46.1382167953,0.4698385473,False
official_only_nested,tourist_visits_test_2023,tourist_visits,56.2341325190,56.2341325190,2018,8,8,2017,2660.0000000000,1650.5851156766,46.8342397719,0.4771962822,False
official_only_nested,tourist_visits_test_2023,tourist_visits,56.2341325190,56.2341325190,2019,9,9,2018,2800.0000000000,1811.4080678653,42.8759249924,0.4355149363,False
official_only_nested,tourist_visits_test_2023,tourist_visits,100.0000000000,100.0000000000,2014,4,4,2013,1553.4000000000,1111.8076923077,33.1375531421,0.3344588347,False
official_only_nested,tourist_visits_test_2023,tourist_visits,100.0000000000,100.0000000000,2015,5,5,2014,1818.7200000000,1212.3600000000,40.0095015638,0.4055640837,False
official_only_nested,tourist_visits_test_2023,tourist_visits,100.0000000000,100.0000000000,2016,6,6,2015,2086.0000000000,1330.2923270440,44.2413939213,0.4498496437,False
official_only_nested,tourist_visits_test_2023,tourist_visits,100.0000000000,100.0000000000,2017,7,7,2016,2392.0000000000,1459.3104405875,48.4349196878,0.4941658129,False
official_only_nested,tourist_visits_test_2023,tourist_visits,100.0000000000,100.0000000000,2018,8,8,2017,2660.0000000000,1601.9076984127,49.6534592704,0.5071308923,False
official_only_nested,tourist_visits_test_2023,tourist_visits,100.0000000000,100.0000000000,2019,9,9,2018,2800.0000000000,1748.9958613660,46.2081817906,0.4705775874,False
official_only_nested,tourist_visits_test_2023,tourist_visits,177.8279410039,177.8279410039,2014,4,4,2013,1553.4000000000,1106.0687883738,33.6406438445,0.3396339802,False
official_only_nested,tourist_visits_test_2023,tourist_visits,177.8279410039,177.8279410039,2015,5,5,2014,1818.7200000000,1202.5861682999,40.7859248536,0.4136585789,False
official_only_nested,tourist_visits_test_2023,tourist_visits,177.8279410039,177.8279410039,2016,6,6,2015,2086.0000000000,1315.0484724028,45.3361093706,0.4613748305,False
official_only_nested,tourist_visits_test_2023,tourist_visits,177.8279410039,177.8279410039,2017,7,7,2016,2392.0000000000,1437.4470137281,49.8533069057,0.5092612031,False
official_only_nested,tourist_visits_test_2023,tourist_visits,177.8279410039,177.8279410039,2018,8,8,2017,2660.0000000000,1571.9862663224,51.4185852792,0.5259861653,False
official_only_nested,tourist_visits_test_2023,tourist_visits,177.8279410039,177.8279410039,2019,9,9,2018,2800.0000000000,1710.2431047557,48.3236433129,0.4929838902,False
official_only_nested,tourist_visits_test_2023,tourist_visits,316.2277660168,316.2277660168,2014,4,4,2013,1553.4000000000,1102.7544006734,33.9321840035,0.3426350264,False
official_only_nested,tourist_visits_test_2023,tourist_visits,316.2277660168,316.2277660168,2015,5,5,2014,1818.7200000000,1196.9049552219,41.2395476235,0.4183939360,False
official_only_nested,tourist_visits_test_2023,tourist_visits,316.2277660168,316.2277660168,2016,6,6,2015,2086.0000000000,1306.1310835746,45.9810601189,0.4681789605,False
official_only_nested,tourist_visits_test_2023,tourist_visits,316.2277660168,316.2277660168,2017,7,7,2016,2392.0000000000,1424.5765750103,50.6958739580,0.5182552069,False
official_only_nested,tourist_visits_test_2023,tourist_visits,316.2277660168,316.2277660168,2018,8,8,2017,2660.0000000000,1554.2625035987,52.4759668130,0.5373249639,False
official_only_nested,tourist_visits_test_2023,tourist_visits,316.2277660168,316.2277660168,2019,9,9,2018,2800.0000000000,1687.1468541782,49.6018152286,0.5065805669,False
official_only_nested,tourist_visits_test_2023,tourist_visits,562.3413251903,562.3413251903,2014,4,4,2013,1553.4000000000,1100.8621194640,34.0989593467,0.3443524592,False
official_only_nested,tourist_visits_test_2023,tourist_visits,562.3413251903,562.3413251903,2015,5,5,2014,1818.7200000000,1193.6492938430,41.5002707294,0.4211177089,False
official_only_nested,tourist_visits_test_2023,tourist_visits,562.3413251903,562.3413251903,2016,6,6,2015,2086.0000000000,1301.0019974562,46.3535600589,0.4721136217,False
official_only_nested,tourist_visits_test_2023,tourist_visits,562.3413251903,562.3413251903,2017,7,7,2016,2392.0000000000,1417.1465843361,51.1848727310,0.5234844338,False
official_only_nested,tourist_visits_test_2023,tourist_visits,562.3413251903,562.3413251903,2018,8,8,2017,2660.0000000000,1543.9934102480,53.0926897759,0.5439539392,False
official_only_nested,tourist_visits_test_2023,tourist_visits,562.3413251903,562.3413251903,2019,9,9,2018,2800.0000000000,1673.7164936095,50.3511345880,0.5145728181,False
official_only_nested,tourist_visits_test_2023,tourist_visits,1000.0000000000,1000.0000000000,2014,4,4,2013,1553.4000000000,1099.7888446215,34.1936576658,0.3453278751,False
official_only_nested,tourist_visits_test_2023,tourist_visits,1000.0000000000,1000.0000000000,2015,5,5,2014,1818.7200000000,1191.7988059701,41.6487146858,0.4226691895,False
official_only_nested,tourist_visits_test_2023,tourist_visits,1000.0000000000,1000.0000000000,2016,6,6,2015,2086.0000000000,1298.0805036448,46.5662383331,0.4743617189,False
official_only_nested,tourist_visits_test_2023,tourist_visits,1000.0000000000,1000.0000000000,2017,7,7,2016,2392.0000000000,1412.9055922826,51.4648463133,0.5264815483,False
official_only_nested,tourist_visits_test_2023,tourist_visits,1000.0000000000,1000.0000000000,2018,8,8,2017,2660.0000000000,1538.1195748299,53.4468066082,0.5477655078,False
official_only_nested,tourist_visits_test_2023,tourist_visits,1000.0000000000,1000.0000000000,2019,9,9,2018,2800.0000000000,1666.0183834379,50.7826667605,0.5191828390,False
fold_local_augmented_nested,tourism_comprehensive_income_test_2015,tourism_comprehensive_income,0.0001000000,0.0001000000,2014,4,4,2013,79.0000000000,71.4388255371,10.0521583254,0.1006063559,True
fold_local_augmented_nested,tourism_comprehensive_income_test_2015,tourism_comprehensive_income,0.0001778279,0.0001778279,2014,4,4,2013,79.0000000000,71.4383924727,10.0527629989,0.1006124179,True
fold_local_augmented_nested,tourism_comprehensive_income_test_2015,tourism_comprehensive_income,0.0003162278,0.0003162278,2014,4,4,2013,79.0000000000,71.4376224049,10.0538382277,0.1006231975,True
fold_local_augmented_nested,tourism_comprehensive_income_test_2015,tourism_comprehensive_income,0.0005623413,0.0005623413,2014,4,4,2013,79.0000000000,71.4362531407,10.0557501285,0.1006423649,True
fold_local_augmented_nested,tourism_comprehensive_income_test_2015,tourism_comprehensive_income,0.0010000000,0.0010000000,2014,4,4,2013,79.0000000000,71.4338186226,10.0591495273,0.1006764451,True
fold_local_augmented_nested,tourism_comprehensive_income_test_2015,tourism_comprehensive_income,0.0017782794,0.0017782794,2014,4,4,2013,79.0000000000,71.4294906846,10.0651930429,0.1007370336,True
fold_local_augmented_nested,tourism_comprehensive_income_test_2015,tourism_comprehensive_income,0.0031622777,0.0031622777,2014,4,4,2013,79.0000000000,71.4217985586,10.0759351557,0.1008447278,True
fold_local_augmented_nested,tourism_comprehensive_income_test_2015,tourism_comprehensive_income,0.0056234133,0.0056234133,2014,4,4,2013,79.0000000000,71.4081329401,10.0950220065,0.1010360829,True
fold_local_augmented_nested,tourism_comprehensive_income_test_2015,tourism_comprehensive_income,0.0100000000,0.0100000000,2014,4,4,2013,79.0000000000,71.3838730898,10.1289144291,0.1013758757,True
fold_local_augmented_nested,tourism_comprehensive_income_test_2015,tourism_comprehensive_income,0.0177827941,0.0177827941,2014,4,4,2013,79.0000000000,71.3408628584,10.1890291116,0.1019785776,True
fold_local_augmented_nested,tourism_comprehensive_income_test_2015,tourism_comprehensive_income,0.0316227766,0.0316227766,2014,4,4,2013,79.0000000000,71.2647888568,10.2954407377,0.1030454920,True
fold_local_augmented_nested,tourism_comprehensive_income_test_2015,tourism_comprehensive_income,0.0562341325,0.0562341325,2014,4,4,2013,79.0000000000,71.1307904296,10.4831387990,0.1049275513,True
fold_local_augmented_nested,tourism_comprehensive_income_test_2015,tourism_comprehensive_income,0.1000000000,0.1000000000,2014,4,4,2013,79.0000000000,70.8964777805,10.8121582835,0.1082270989,True
fold_local_augmented_nested,tourism_comprehensive_income_test_2015,tourism_comprehensive_income,0.1778279410,0.1778279410,2014,4,4,2013,79.0000000000,70.4919315123,11.3826457410,0.1139495958,True
fold_local_augmented_nested,tourism_comprehensive_income_test_2015,tourism_comprehensive_income,0.3162277660,0.3162277660,2014,4,4,2013,79.0000000000,69.8085744268,12.3533547829,0.1236910075,True
fold_local_augmented_nested,tourism_comprehensive_income_test_2015,tourism_comprehensive_income,0.5623413252,0.5623413252,2014,4,4,2013,79.0000000000,68.6957914363,13.9532866354,0.1397599151,True
fold_local_augmented_nested,tourism_comprehensive_income_test_2015,tourism_comprehensive_income,1.0000000000,1.0000000000,2014,4,4,2013,79.0000000000,66.9875674000,16.4567884977,0.1649408115,True
fold_local_augmented_nested,tourism_comprehensive_income_test_2015,tourism_comprehensive_income,1.7782794100,1.7782794100,2014,4,4,2013,79.0000000000,64.5890986555,20.0724170281,0.2014022074,True
fold_local_augmented_nested,tourism_comprehensive_income_test_2015,tourism_comprehensive_income,3.1622776602,3.1622776602,2014,4,4,2013,79.0000000000,61.6115908107,24.7325403106,0.2485978371,True
fold_local_augmented_nested,tourism_comprehensive_income_test_2015,tourism_comprehensive_income,5.6234132519,5.6234132519,2014,4,4,2013,79.0000000000,58.4323581087,29.9312944554,0.3015780389,True
fold_local_augmented_nested,tourism_comprehensive_income_test_2015,tourism_comprehensive_income,10.0000000000,10.0000000000,2014,4,4,2013,79.0000000000,55.5400441429,34.8743097367,0.3523435758,True
fold_local_augmented_nested,tourism_comprehensive_income_test_2015,tourism_comprehensive_income,17.7827941004,17.7827941004,2014,4,4,2013,79.0000000000,53.2677686523,38.9092998391,0.3941164199,True
fold_local_augmented_nested,tourism_comprehensive_income_test_2015,tourism_comprehensive_income,31.6227766017,31.6227766017,2014,4,4,2013,79.0000000000,51.6797293286,41.8125608489,0.4243822305,True
fold_local_augmented_nested,tourism_comprehensive_income_test_2015,tourism_comprehensive_income,56.2341325190,56.2341325190,2014,4,4,2013,79.0000000000,50.6584790720,43.7171886187,0.4443412306,True
fold_local_augmented_nested,tourism_comprehensive_income_test_2015,tourism_comprehensive_income,100.0000000000,100.0000000000,2014,4,4,2013,79.0000000000,50.0364271923,44.8920873553,0.4566965685,True
fold_local_augmented_nested,tourism_comprehensive_income_test_2015,tourism_comprehensive_income,177.8279410039,177.8279410039,2014,4,4,2013,79.0000000000,49.6699823225,45.5895262408,0.4640470792,True
fold_local_augmented_nested,tourism_comprehensive_income_test_2015,tourism_comprehensive_income,316.2277660168,316.2277660168,2014,4,4,2013,79.0000000000,49.4583495119,45.9941305494,0.4683169611,True
fold_local_augmented_nested,tourism_comprehensive_income_test_2015,tourism_comprehensive_income,562.3413251903,562.3413251903,2014,4,4,2013,79.0000000000,49.3375221293,46.2257294336,0.4707629629,True
fold_local_augmented_nested,tourism_comprehensive_income_test_2015,tourism_comprehensive_income,1000.0000000000,1000.0000000000,2014,4,4,2013,79.0000000000,49.2689905657,46.3572829304,0.4721529639,True
fold_local_augmented_nested,tourism_comprehensive_income_test_2017,tourism_comprehensive_income,0.0001000000,0.0001000000,2014,4,4,2013,79.0000000000,71.4388255371,10.0521583254,0.1006063559,True
fold_local_augmented_nested,tourism_comprehensive_income_test_2017,tourism_comprehensive_income,0.0001000000,0.0001000000,2015,5,5,2014,94.0000000000,86.3908806673,8.4362572038,0.0844126599,True
fold_local_augmented_nested,tourism_comprehensive_income_test_2017,tourism_comprehensive_income,0.0001778279,0.0001778279,2014,4,4,2013,79.0000000000,71.4383924727,10.0527629989,0.1006124179,True
fold_local_augmented_nested,tourism_comprehensive_income_test_2017,tourism_comprehensive_income,0.0001778279,0.0001778279,2015,5,5,2014,94.0000000000,86.3903943124,8.4368191739,0.0844182896,True
fold_local_augmented_nested,tourism_comprehensive_income_test_2017,tourism_comprehensive_income,0.0003162278,0.0003162278,2014,4,4,2013,79.0000000000,71.4376224049,10.0538382277,0.1006231975,True
fold_local_augmented_nested,tourism_comprehensive_income_test_2017,tourism_comprehensive_income,0.0003162278,0.0003162278,2015,5,5,2014,94.0000000000,86.3895294748,8.4378184780,0.0844283004,True
fold_local_augmented_nested,tourism_comprehensive_income_test_2017,tourism_comprehensive_income,0.0005623413,0.0005623413,2014,4,4,2013,79.0000000000,71.4362531407,10.0557501285,0.1006423649,True
fold_local_augmented_nested,tourism_comprehensive_income_test_2017,tourism_comprehensive_income,0.0005623413,0.0005623413,2015,5,5,2014,94.0000000000,86.3879916703,8.4395954068,0.0844461014,True
fold_local_augmented_nested,tourism_comprehensive_income_test_2017,tourism_comprehensive_income,0.0010000000,0.0010000000,2014,4,4,2013,79.0000000000,71.4338186226,10.0591495273,0.1006764451,True
fold_local_augmented_nested,tourism_comprehensive_income_test_2017,tourism_comprehensive_income,0.0010000000,0.0010000000,2015,5,5,2014,94.0000000000,86.3852573980,8.4427549256,0.0844777530,True
fold_local_augmented_nested,tourism_comprehensive_income_test_2017,tourism_comprehensive_income,0.0017782794,0.0017782794,2014,4,4,2013,79.0000000000,71.4294906846,10.0651930429,0.1007370336,True
fold_local_augmented_nested,tourism_comprehensive_income_test_2017,tourism_comprehensive_income,0.0017782794,0.0017782794,2015,5,5,2014,94.0000000000,86.3803962798,8.4483723035,0.0845340271,True
fold_local_augmented_nested,tourism_comprehensive_income_test_2017,tourism_comprehensive_income,0.0031622777,0.0031622777,2014,4,4,2013,79.0000000000,71.4217985586,10.0759351557,0.1008447278,True
fold_local_augmented_nested,tourism_comprehensive_income_test_2017,tourism_comprehensive_income,0.0031622777,0.0031622777,2015,5,5,2014,94.0000000000,86.3717555896,8.4583580012,0.0846340628,True
fold_local_augmented_nested,tourism_comprehensive_income_test_2017,tourism_comprehensive_income,0.0056234133,0.0056234133,2014,4,4,2013,79.0000000000,71.4081329401,10.0950220065,0.1010360829,True
fold_local_augmented_nested,tourism_comprehensive_income_test_2017,tourism_comprehensive_income,0.0056234133,0.0056234133,2015,5,5,2014,94.0000000000,86.3564018312,8.4761040819,0.0848118423,True
fold_local_augmented_nested,tourism_comprehensive_income_test_2017,tourism_comprehensive_income,0.0100000000,0.0100000000,2014,4,4,2013,79.0000000000,71.3838730898,10.1289144291,0.1013758757,True
fold_local_augmented_nested,tourism_comprehensive_income_test_2017,tourism_comprehensive_income,0.0100000000,0.0100000000,2015,5,5,2014,94.0000000000,86.3291358228,8.5076259499,0.0851276302,True
fold_local_augmented_nested,tourism_comprehensive_income_test_2017,tourism_comprehensive_income,0.0177827941,0.0177827941,2014,4,4,2013,79.0000000000,71.3408628584,10.1890291116,0.1019785776,True
fold_local_augmented_nested,tourism_comprehensive_income_test_2017,tourism_comprehensive_income,0.0177827941,0.0177827941,2015,5,5,2014,94.0000000000,86.2807667368,8.5635682640,0.0856880742,True
fold_local_augmented_nested,tourism_comprehensive_income_test_2017,tourism_comprehensive_income,0.0316227766,0.0316227766,2014,4,4,2013,79.0000000000,71.2647888568,10.2954407377,0.1030454920,True
fold_local_augmented_nested,tourism_comprehensive_income_test_2017,tourism_comprehensive_income,0.0316227766,0.0316227766,2015,5,5,2014,94.0000000000,86.1951226207,8.6626954890,0.0866811883,True
fold_local_augmented_nested,tourism_comprehensive_income_test_2017,tourism_comprehensive_income,0.0562341325,0.0562341325,2014,4,4,2013,79.0000000000,71.1307904296,10.4831387990,0.1049275513,True
fold_local_augmented_nested,tourism_comprehensive_income_test_2017,tourism_comprehensive_income,0.0562341325,0.0562341325,2015,5,5,2014,94.0000000000,86.0439816477,8.8378609266,0.0884362022,True
fold_local_augmented_nested,tourism_comprehensive_income_test_2017,tourism_comprehensive_income,0.1000000000,0.1000000000,2014,4,4,2013,79.0000000000,70.8964777805,10.8121582835,0.1082270989,True
fold_local_augmented_nested,tourism_comprehensive_income_test_2017,tourism_comprehensive_income,0.1000000000,0.1000000000,2015,5,5,2014,94.0000000000,85.7788142588,9.1458893809,0.0915227263,True
fold_local_augmented_nested,tourism_comprehensive_income_test_2017,tourism_comprehensive_income,0.1778279410,0.1778279410,2014,4,4,2013,79.0000000000,70.4919315123,11.3826457410,0.1139495958,True
fold_local_augmented_nested,tourism_comprehensive_income_test_2017,tourism_comprehensive_income,0.1778279410,0.1778279410,2015,5,5,2014,94.0000000000,85.3183460268,9.6829512045,0.0969052744,True
fold_local_augmented_nested,tourism_comprehensive_income_test_2017,tourism_comprehensive_income,0.3162277660,0.3162277660,2014,4,4,2013,79.0000000000,69.8085744268,12.3533547829,0.1236910075,True
fold_local_augmented_nested,tourism_comprehensive_income_test_2017,tourism_comprehensive_income,0.3162277660,0.3162277660,2015,5,5,2014,94.0000000000,84.5328097064,10.6055467442,0.1061550427,True
fold_local_augmented_nested,tourism_comprehensive_income_test_2017,tourism_comprehensive_income,0.5623413252,0.5623413252,2014,4,4,2013,79.0000000000,68.6957914363,13.9532866354,0.1397599151,True
fold_local_augmented_nested,tourism_comprehensive_income_test_2017,tourism_comprehensive_income,0.5623413252,0.5623413252,2015,5,5,2014,94.0000000000,83.2324717202,12.1507398450,0.1216572255,True
fold_local_augmented_nested,tourism_comprehensive_income_test_2017,tourism_comprehensive_income,1.0000000000,1.0000000000,2014,4,4,2013,79.0000000000,66.9875674000,16.4567884977,0.1649408115,True
fold_local_augmented_nested,tourism_comprehensive_income_test_2017,tourism_comprehensive_income,1.0000000000,1.0000000000,2015,5,5,2014,94.0000000000,81.1836292000,14.6319274906,0.1465811663,True
fold_local_augmented_nested,tourism_comprehensive_income_test_2017,tourism_comprehensive_income,1.7782794100,1.7782794100,2014,4,4,2013,79.0000000000,64.5890986555,20.0724170281,0.2014022074,True
fold_local_augmented_nested,tourism_comprehensive_income_test_2017,tourism_comprehensive_income,1.7782794100,1.7782794100,2015,5,5,2014,94.0000000000,78.1937974691,18.3586200701,0.1841044541,True
fold_local_augmented_nested,tourism_comprehensive_income_test_2017,tourism_comprehensive_income,3.1622776602,3.1622776602,2014,4,4,2013,79.0000000000,61.6115908107,24.7325403106,0.2485978371,True
fold_local_augmented_nested,tourism_comprehensive_income_test_2017,tourism_comprehensive_income,3.1622776602,3.1622776602,2015,5,5,2014,94.0000000000,74.2855088067,23.4298144066,0.2353788858,True
fold_local_augmented_nested,tourism_comprehensive_income_test_2017,tourism_comprehensive_income,5.6234132519,5.6234132519,2014,4,4,2013,79.0000000000,58.4323581087,29.9312944554,0.3015780389,True
fold_local_augmented_nested,tourism_comprehensive_income_test_2017,tourism_comprehensive_income,5.6234132519,5.6234132519,2015,5,5,2014,94.0000000000,69.8510357147,29.4767307145,0.2969298690,True
fold_local_augmented_nested,tourism_comprehensive_income_test_2017,tourism_comprehensive_income,10.0000000000,10.0000000000,2014,4,4,2013,79.0000000000,55.5400441429,34.8743097367,0.3523435758,True
fold_local_augmented_nested,tourism_comprehensive_income_test_2017,tourism_comprehensive_income,10.0000000000,10.0000000000,2015,5,5,2014,94.0000000000,65.5600000000,35.6480320882,0.3603290284,True
fold_local_augmented_nested,tourism_comprehensive_income_test_2017,tourism_comprehensive_income,17.7827941004,17.7827941004,2014,4,4,2013,79.0000000000,53.2677686523,38.9092998391,0.3941164199,True
fold_local_augmented_nested,tourism_comprehensive_income_test_2017,tourism_comprehensive_income,17.7827941004,17.7827941004,2015,5,5,2014,94.0000000000,62.0018912322,41.0227190389,0.4161298939,True
fold_local_augmented_nested,tourism_comprehensive_income_test_2017,tourism_comprehensive_income,31.6227766017,31.6227766017,2014,4,4,2013,79.0000000000,51.6797293286,41.8125608489,0.4243822305,True
fold_local_augmented_nested,tourism_comprehensive_income_test_2017,tourism_comprehensive_income,31.6227766017,31.6227766017,2015,5,5,2014,94.0000000000,59.4103435067,45.0942950817,0.4588264380,True
fold_local_augmented_nested,tourism_comprehensive_income_test_2017,tourism_comprehensive_income,56.2341325190,56.2341325190,2014,4,4,2013,79.0000000000,50.6584790720,43.7171886187,0.4443412306,True
fold_local_augmented_nested,tourism_comprehensive_income_test_2017,tourism_comprehensive_income,56.2341325190,56.2341325190,2015,5,5,2014,94.0000000000,57.6957047870,47.8646317164,0.4881120520,True
fold_local_augmented_nested,tourism_comprehensive_income_test_2017,tourism_comprehensive_income,100.0000000000,100.0000000000,2014,4,4,2013,79.0000000000,50.0364271923,44.8920873553,0.4566965685,True
fold_local_augmented_nested,tourism_comprehensive_income_test_2017,tourism_comprehensive_income,100.0000000000,100.0000000000,2015,5,5,2014,94.0000000000,56.6322118857,49.6146045344,0.5067168444,True
fold_local_augmented_nested,tourism_comprehensive_income_test_2017,tourism_comprehensive_income,177.8279410039,177.8279410039,2014,4,4,2013,79.0000000000,49.6699823225,45.5895262408,0.4640470792,True
fold_local_augmented_nested,tourism_comprehensive_income_test_2017,tourism_comprehensive_income,177.8279410039,177.8279410039,2015,5,5,2014,94.0000000000,55.9988008921,50.6686705253,0.5179645044,True
fold_local_augmented_nested,tourism_comprehensive_income_test_2017,tourism_comprehensive_income,316.2277660168,316.2277660168,2014,4,4,2013,79.0000000000,49.4583495119,45.9941305494,0.4683169611,True
fold_local_augmented_nested,tourism_comprehensive_income_test_2017,tourism_comprehensive_income,316.2277660168,316.2277660168,2015,5,5,2014,94.0000000000,55.6306195144,51.2854663172,0.5245610219,True
fold_local_augmented_nested,tourism_comprehensive_income_test_2017,tourism_comprehensive_income,562.3413251903,562.3413251903,2014,4,4,2013,79.0000000000,49.3375221293,46.2257294336,0.4707629629,True
fold_local_augmented_nested,tourism_comprehensive_income_test_2017,tourism_comprehensive_income,562.3413251903,562.3413251903,2015,5,5,2014,94.0000000000,55.4196304394,51.6402957859,0.5283609112,True
fold_local_augmented_nested,tourism_comprehensive_income_test_2017,tourism_comprehensive_income,1000.0000000000,1000.0000000000,2014,4,4,2013,79.0000000000,49.2689905657,46.3572829304,0.4721529639,True
fold_local_augmented_nested,tourism_comprehensive_income_test_2017,tourism_comprehensive_income,1000.0000000000,1000.0000000000,2015,5,5,2014,94.0000000000,55.2997061970,51.8424245952,0.5305271866,True
fold_local_augmented_nested,tourism_comprehensive_income_test_2018,tourism_comprehensive_income,0.0001000000,0.0001000000,2014,4,4,2013,79.0000000000,71.4388255371,10.0521583254,0.1006063559,True
fold_local_augmented_nested,tourism_comprehensive_income_test_2018,tourism_comprehensive_income,0.0001000000,0.0001000000,2015,5,5,2014,94.0000000000,86.3908806673,8.4362572038,0.0844126599,True
fold_local_augmented_nested,tourism_comprehensive_income_test_2018,tourism_comprehensive_income,0.0001000000,0.0001000000,2017,6,7,2015,130.0000000000,120.4481446271,7.6278108485,0.0763151252,True
fold_local_augmented_nested,tourism_comprehensive_income_test_2018,tourism_comprehensive_income,0.0001778279,0.0001778279,2014,4,4,2013,79.0000000000,71.4383924727,10.0527629989,0.1006124179,True
fold_local_augmented_nested,tourism_comprehensive_income_test_2018,tourism_comprehensive_income,0.0001778279,0.0001778279,2015,5,5,2014,94.0000000000,86.3903943124,8.4368191739,0.0844182896,True
fold_local_augmented_nested,tourism_comprehensive_income_test_2018,tourism_comprehensive_income,0.0001778279,0.0001778279,2017,6,7,2015,130.0000000000,120.4475741634,7.6282837783,0.0763198614,True
fold_local_augmented_nested,tourism_comprehensive_income_test_2018,tourism_comprehensive_income,0.0003162278,0.0003162278,2014,4,4,2013,79.0000000000,71.4376224049,10.0538382277,0.1006231975,True
fold_local_augmented_nested,tourism_comprehensive_income_test_2018,tourism_comprehensive_income,0.0003162278,0.0003162278,2015,5,5,2014,94.0000000000,86.3895294748,8.4378184780,0.0844283004,True
fold_local_augmented_nested,tourism_comprehensive_income_test_2018,tourism_comprehensive_income,0.0003162278,0.0003162278,2017,6,7,2015,130.0000000000,120.4465597509,7.6291247591,0.0763282834,True
fold_local_augmented_nested,tourism_comprehensive_income_test_2018,tourism_comprehensive_income,0.0005623413,0.0005623413,2014,4,4,2013,79.0000000000,71.4362531407,10.0557501285,0.1006423649,True
fold_local_augmented_nested,tourism_comprehensive_income_test_2018,tourism_comprehensive_income,0.0005623413,0.0005623413,2015,5,5,2014,94.0000000000,86.3879916703,8.4395954068,0.0844461014,True
fold_local_augmented_nested,tourism_comprehensive_income_test_2018,tourism_comprehensive_income,0.0005623413,0.0005623413,2017,6,7,2015,130.0000000000,120.4447559410,7.6306201925,0.0763432596,True
fold_local_augmented_nested,tourism_comprehensive_income_test_2018,tourism_comprehensive_income,0.0010000000,0.0010000000,2014,4,4,2013,79.0000000000,71.4338186226,10.0591495273,0.1006764451,True
fold_local_augmented_nested,tourism_comprehensive_income_test_2018,tourism_comprehensive_income,0.0010000000,0.0010000000,2015,5,5,2014,94.0000000000,86.3852573980,8.4427549256,0.0844777530,True
fold_local_augmented_nested,tourism_comprehensive_income_test_2018,tourism_comprehensive_income,0.0010000000,0.0010000000,2017,6,7,2015,130.0000000000,120.4415485764,7.6332792845,0.0763698893,True
fold_local_augmented_nested,tourism_comprehensive_income_test_2018,tourism_comprehensive_income,0.0017782794,0.0017782794,2014,4,4,2013,79.0000000000,71.4294906846,10.0651930429,0.1007370336,True
fold_local_augmented_nested,tourism_comprehensive_income_test_2018,tourism_comprehensive_income,0.0017782794,0.0017782794,2015,5,5,2014,94.0000000000,86.3803962798,8.4483723035,0.0845340271,True
fold_local_augmented_nested,tourism_comprehensive_income_test_2018,tourism_comprehensive_income,0.0017782794,0.0017782794,2017,6,7,2015,130.0000000000,120.4358459763,7.6380072400,0.0764172378,True
fold_local_augmented_nested,tourism_comprehensive_income_test_2018,tourism_comprehensive_income,0.0031622777,0.0031622777,2014,4,4,2013,79.0000000000,71.4217985586,10.0759351557,0.1008447278,True
fold_local_augmented_nested,tourism_comprehensive_income_test_2018,tourism_comprehensive_income,0.0031622777,0.0031622777,2015,5,5,2014,94.0000000000,86.3717555896,8.4583580012,0.0846340628,True
fold_local_augmented_nested,tourism_comprehensive_income_test_2018,tourism_comprehensive_income,0.0031622777,0.0031622777,2017,6,7,2015,130.0000000000,120.4257082912,7.6464128017,0.0765014164,True
fold_local_augmented_nested,tourism_comprehensive_income_test_2018,tourism_comprehensive_income,0.0056234133,0.0056234133,2014,4,4,2013,79.0000000000,71.4081329401,10.0950220065,0.1010360829,True
fold_local_augmented_nested,tourism_comprehensive_income_test_2018,tourism_comprehensive_income,0.0056234133,0.0056234133,2015,5,5,2014,94.0000000000,86.3564018312,8.4761040819,0.0848118423,True
fold_local_augmented_nested,tourism_comprehensive_income_test_2018,tourism_comprehensive_income,0.0056234133,0.0056234133,2017,6,7,2015,130.0000000000,120.4076905491,7.6613537147,0.0766510446,True
fold_local_augmented_nested,tourism_comprehensive_income_test_2018,tourism_comprehensive_income,0.0100000000,0.0100000000,2014,4,4,2013,79.0000000000,71.3838730898,10.1289144291,0.1013758757,True
fold_local_augmented_nested,tourism_comprehensive_income_test_2018,tourism_comprehensive_income,0.0100000000,0.0100000000,2015,5,5,2014,94.0000000000,86.3291358228,8.5076259499,0.0851276302,True
fold_local_augmented_nested,tourism_comprehensive_income_test_2018,tourism_comprehensive_income,0.0100000000,0.0100000000,2017,6,7,2015,130.0000000000,120.3756812226,7.6879022199,0.0769169212,True
fold_local_augmented_nested,tourism_comprehensive_income_test_2018,tourism_comprehensive_income,0.0177827941,0.0177827941,2014,4,4,2013,79.0000000000,71.3408628584,10.1890291116,0.1019785776,True
fold_local_augmented_nested,tourism_comprehensive_income_test_2018,tourism_comprehensive_income,0.0177827941,0.0177827941,2015,5,5,2014,94.0000000000,86.2807667368,8.5635682640,0.0856880742,True
fold_local_augmented_nested,tourism_comprehensive_income_test_2018,tourism_comprehensive_income,0.0177827941,0.0177827941,2017,6,7,2015,130.0000000000,120.3188583214,7.7350478054,0.0773890790,True
fold_local_augmented_nested,tourism_comprehensive_income_test_2018,tourism_comprehensive_income,0.0316227766,0.0316227766,2014,4,4,2013,79.0000000000,71.2647888568,10.2954407377,0.1030454920,True
fold_local_augmented_nested,tourism_comprehensive_income_test_2018,tourism_comprehensive_income,0.0316227766,0.0316227766,2015,5,5,2014,94.0000000000,86.1951226207,8.6626954890,0.0866811883,True
fold_local_augmented_nested,tourism_comprehensive_income_test_2018,tourism_comprehensive_income,0.0316227766,0.0316227766,2017,6,7,2015,130.0000000000,120.2181220535,7.8186806504,0.0782266739,True
fold_local_augmented_nested,tourism_comprehensive_income_test_2018,tourism_comprehensive_income,0.0562341325,0.0562341325,2014,4,4,2013,79.0000000000,71.1307904296,10.4831387990,0.1049275513,True
fold_local_augmented_nested,tourism_comprehensive_income_test_2018,tourism_comprehensive_income,0.0562341325,0.0562341325,2015,5,5,2014,94.0000000000,86.0439816477,8.8378609266,0.0884362022,True
fold_local_augmented_nested,tourism_comprehensive_income_test_2018,tourism_comprehensive_income,0.0562341325,0.0562341325,2017,6,7,2015,130.0000000000,120.0399609900,7.9667577699,0.0797097549,True
fold_local_augmented_nested,tourism_comprehensive_income_test_2018,tourism_comprehensive_income,0.1000000000,0.1000000000,2014,4,4,2013,79.0000000000,70.8964777805,10.8121582835,0.1082270989,True
fold_local_augmented_nested,tourism_comprehensive_income_test_2018,tourism_comprehensive_income,0.1000000000,0.1000000000,2015,5,5,2014,94.0000000000,85.7788142588,9.1458893809,0.0915227263,True
fold_local_augmented_nested,tourism_comprehensive_income_test_2018,tourism_comprehensive_income,0.1000000000,0.1000000000,2017,6,7,2015,130.0000000000,119.7261920056,8.2280580278,0.0823270481,True
fold_local_augmented_nested,tourism_comprehensive_income_test_2018,tourism_comprehensive_income,0.1778279410,0.1778279410,2014,4,4,2013,79.0000000000,70.4919315123,11.3826457410,0.1139495958,True
fold_local_augmented_nested,tourism_comprehensive_income_test_2018,tourism_comprehensive_income,0.1778279410,0.1778279410,2015,5,5,2014,94.0000000000,85.3183460268,9.6829512045,0.0969052744,True
fold_local_augmented_nested,tourism_comprehensive_income_test_2018,tourism_comprehensive_income,0.1778279410,0.1778279410,2017,6,7,2015,130.0000000000,119.1776751837,8.6864321279,0.0869190021,True
fold_local_augmented_nested,tourism_comprehensive_income_test_2018,tourism_comprehensive_income,0.3162277660,0.3162277660,2014,4,4,2013,79.0000000000,69.8085744268,12.3533547829,0.1236910075,True
fold_local_augmented_nested,tourism_comprehensive_income_test_2018,tourism_comprehensive_income,0.3162277660,0.3162277660,2015,5,5,2014,94.0000000000,84.5328097064,10.6055467442,0.1061550427,True
fold_local_augmented_nested,tourism_comprehensive_income_test_2018,tourism_comprehensive_income,0.3162277660,0.3162277660,2017,6,7,2015,130.0000000000,118.2310869922,9.4822233190,0.0948933767,True
fold_local_augmented_nested,tourism_comprehensive_income_test_2018,tourism_comprehensive_income,0.5623413252,0.5623413252,2014,4,4,2013,79.0000000000,68.6957914363,13.9532866354,0.1397599151,True
fold_local_augmented_nested,tourism_comprehensive_income_test_2018,tourism_comprehensive_income,0.5623413252,0.5623413252,2015,5,5,2014,94.0000000000,83.2324717202,12.1507398450,0.1216572255,True
fold_local_augmented_nested,tourism_comprehensive_income_test_2018,tourism_comprehensive_income,0.5623413252,0.5623413252,2017,6,7,2015,130.0000000000,116.6333773695,10.8392649633,0.1084989622,True
fold_local_augmented_nested,tourism_comprehensive_income_test_2018,tourism_comprehensive_income,1.0000000000,1.0000000000,2014,4,4,2013,79.0000000000,66.9875674000,16.4567884977,0.1649408115,True
fold_local_augmented_nested,tourism_comprehensive_income_test_2018,tourism_comprehensive_income,1.0000000000,1.0000000000,2015,5,5,2014,94.0000000000,81.1836292000,14.6319274906,0.1465811663,True
fold_local_augmented_nested,tourism_comprehensive_income_test_2018,tourism_comprehensive_income,1.0000000000,1.0000000000,2017,6,7,2015,130.0000000000,114.0350427418,13.0841514226,0.1310286568,True
fold_local_augmented_nested,tourism_comprehensive_income_test_2018,tourism_comprehensive_income,1.7782794100,1.7782794100,2014,4,4,2013,79.0000000000,64.5890986555,20.0724170281,0.2014022074,True
fold_local_augmented_nested,tourism_comprehensive_income_test_2018,tourism_comprehensive_income,1.7782794100,1.7782794100,2015,5,5,2014,94.0000000000,78.1937974691,18.3586200701,0.1841044541,True
fold_local_augmented_nested,tourism_comprehensive_income_test_2018,tourism_comprehensive_income,1.7782794100,1.7782794100,2017,6,7,2015,130.0000000000,110.0545030735,16.6174736746,0.1665587249,True
fold_local_augmented_nested,tourism_comprehensive_income_test_2018,tourism_comprehensive_income,3.1622776602,3.1622776602,2014,4,4,2013,79.0000000000,61.6115908107,24.7325403106,0.2485978371,True
fold_local_augmented_nested,tourism_comprehensive_income_test_2018,tourism_comprehensive_income,3.1622776602,3.1622776602,2015,5,5,2014,94.0000000000,74.2855088067,23.4298144066,0.2353788858,True
fold_local_augmented_nested,tourism_comprehensive_income_test_2018,tourism_comprehensive_income,3.1622776602,3.1622776602,2017,6,7,2015,130.0000000000,104.4821209997,21.7653089213,0.2185184846,True
fold_local_augmented_nested,tourism_comprehensive_income_test_2018,tourism_comprehensive_income,5.6234132519,5.6234132519,2014,4,4,2013,79.0000000000,58.4323581087,29.9312944554,0.3015780389,True
fold_local_augmented_nested,tourism_comprehensive_income_test_2018,tourism_comprehensive_income,5.6234132519,5.6234132519,2015,5,5,2014,94.0000000000,69.8510357147,29.4767307145,0.2969298690,True
fold_local_augmented_nested,tourism_comprehensive_income_test_2018,tourism_comprehensive_income,5.6234132519,5.6234132519,2017,6,7,2015,130.0000000000,97.5912600449,28.4797754964,0.2867465098,True
fold_local_augmented_nested,tourism_comprehensive_income_test_2018,tourism_comprehensive_income,10.0000000000,10.0000000000,2014,4,4,2013,79.0000000000,55.5400441429,34.8743097367,0.3523435758,True
fold_local_augmented_nested,tourism_comprehensive_income_test_2018,tourism_comprehensive_income,10.0000000000,10.0000000000,2015,5,5,2014,94.0000000000,65.5600000000,35.6480320882,0.3603290284,True
fold_local_augmented_nested,tourism_comprehensive_income_test_2018,tourism_comprehensive_income,10.0000000000,10.0000000000,2017,6,7,2015,130.0000000000,90.2661252282,36.0780621447,0.3647721963,True
fold_local_augmented_nested,tourism_comprehensive_income_test_2018,tourism_comprehensive_income,17.7827941004,17.7827941004,2014,4,4,2013,79.0000000000,53.2677686523,38.9092998391,0.3941164199,True
fold_local_augmented_nested,tourism_comprehensive_income_test_2018,tourism_comprehensive_income,17.7827941004,17.7827941004,2015,5,5,2014,94.0000000000,62.0018912322,41.0227190389,0.4161298939,True
fold_local_augmented_nested,tourism_comprehensive_income_test_2018,tourism_comprehensive_income,17.7827941004,17.7827941004,2017,6,7,2015,130.0000000000,83.6311064953,43.4102451327,0.4411189123,True
fold_local_augmented_nested,tourism_comprehensive_income_test_2018,tourism_comprehensive_income,31.6227766017,31.6227766017,2014,4,4,2013,79.0000000000,51.6797293286,41.8125608489,0.4243822305,True
fold_local_augmented_nested,tourism_comprehensive_income_test_2018,tourism_comprehensive_income,31.6227766017,31.6227766017,2015,5,5,2014,94.0000000000,59.4103435067,45.0942950817,0.4588264380,True
fold_local_augmented_nested,tourism_comprehensive_income_test_2018,tourism_comprehensive_income,31.6227766017,31.6227766017,2017,6,7,2015,130.0000000000,78.4377566119,49.4749552349,0.5052290496,True
fold_local_augmented_nested,tourism_comprehensive_income_test_2018,tourism_comprehensive_income,56.2341325190,56.2341325190,2014,4,4,2013,79.0000000000,50.6584790720,43.7171886187,0.4443412306,True
fold_local_augmented_nested,tourism_comprehensive_income_test_2018,tourism_comprehensive_income,56.2341325190,56.2341325190,2015,5,5,2014,94.0000000000,57.6957047870,47.8646317164,0.4881120520,True
fold_local_augmented_nested,tourism_comprehensive_income_test_2018,tourism_comprehensive_income,56.2341325190,56.2341325190,2017,6,7,2015,130.0000000000,74.8182757361,53.8835941916,0.5524722673,True
fold_local_augmented_nested,tourism_comprehensive_income_test_2018,tourism_comprehensive_income,100.0000000000,100.0000000000,2014,4,4,2013,79.0000000000,50.0364271923,44.8920873553,0.4566965685,True
fold_local_augmented_nested,tourism_comprehensive_income_test_2018,tourism_comprehensive_income,100.0000000000,100.0000000000,2015,5,5,2014,94.0000000000,56.6322118857,49.6146045344,0.5067168444,True
fold_local_augmented_nested,tourism_comprehensive_income_test_2018,tourism_comprehensive_income,100.0000000000,100.0000000000,2017,6,7,2015,130.0000000000,72.4949719470,56.7964996860,0.5840172435,True
fold_local_augmented_nested,tourism_comprehensive_income_test_2018,tourism_comprehensive_income,177.8279410039,177.8279410039,2014,4,4,2013,79.0000000000,49.6699823225,45.5895262408,0.4640470792,True
fold_local_augmented_nested,tourism_comprehensive_income_test_2018,tourism_comprehensive_income,177.8279410039,177.8279410039,2015,5,5,2014,94.0000000000,55.9988008921,50.6686705253,0.5179645044,True
fold_local_augmented_nested,tourism_comprehensive_income_test_2018,tourism_comprehensive_income,177.8279410039,177.8279410039,2017,6,7,2015,130.0000000000,71.0814910602,58.6016232813,0.6037074702,True
fold_local_augmented_nested,tourism_comprehensive_income_test_2018,tourism_comprehensive_income,316.2277660168,316.2277660168,2014,4,4,2013,79.0000000000,49.4583495119,45.9941305494,0.4683169611,True
fold_local_augmented_nested,tourism_comprehensive_income_test_2018,tourism_comprehensive_income,316.2277660168,316.2277660168,2015,5,5,2014,94.0000000000,55.6306195144,51.2854663172,0.5245610219,True
fold_local_augmented_nested,tourism_comprehensive_income_test_2018,tourism_comprehensive_income,316.2277660168,316.2277660168,2017,6,7,2015,130.0000000000,70.2494111101,59.6761693917,0.6154825251,True
fold_local_augmented_nested,tourism_comprehensive_income_test_2018,tourism_comprehensive_income,562.3413251903,562.3413251903,2014,4,4,2013,79.0000000000,49.3375221293,46.2257294336,0.4707629629,True
fold_local_augmented_nested,tourism_comprehensive_income_test_2018,tourism_comprehensive_income,562.3413251903,562.3413251903,2015,5,5,2014,94.0000000000,55.4196304394,51.6402957859,0.5283609112,True
fold_local_augmented_nested,tourism_comprehensive_income_test_2018,tourism_comprehensive_income,562.3413251903,562.3413251903,2017,6,7,2015,130.0000000000,69.7690586990,60.3005707624,0.6223438241,True
fold_local_augmented_nested,tourism_comprehensive_income_test_2018,tourism_comprehensive_income,1000.0000000000,1000.0000000000,2014,4,4,2013,79.0000000000,49.2689905657,46.3572829304,0.4721529639,True
fold_local_augmented_nested,tourism_comprehensive_income_test_2018,tourism_comprehensive_income,1000.0000000000,1000.0000000000,2015,5,5,2014,94.0000000000,55.2997061970,51.8424245952,0.5305271866,True
fold_local_augmented_nested,tourism_comprehensive_income_test_2018,tourism_comprehensive_income,1000.0000000000,1000.0000000000,2017,6,7,2015,130.0000000000,69.4948765569,60.6583231483,0.6262814192,True
fold_local_augmented_nested,tourism_comprehensive_income_test_2019,tourism_comprehensive_income,0.0001000000,0.0001000000,2014,4,4,2013,79.0000000000,71.4388255371,10.0521583254,0.1006063559,True
fold_local_augmented_nested,tourism_comprehensive_income_test_2019,tourism_comprehensive_income,0.0001000000,0.0001000000,2015,5,5,2014,94.0000000000,86.3908806673,8.4362572038,0.0844126599,True
fold_local_augmented_nested,tourism_comprehensive_income_test_2019,tourism_comprehensive_income,0.0001000000,0.0001000000,2017,6,7,2015,130.0000000000,120.4481446271,7.6278108485,0.0763151252,True
fold_local_augmented_nested,tourism_comprehensive_income_test_2019,tourism_comprehensive_income,0.0001000000,0.0001000000,2018,7,8,2017,142.0000000000,136.5969798373,3.8787356316,0.0387922202,True
fold_local_augmented_nested,tourism_comprehensive_income_test_2019,tourism_comprehensive_income,0.0001778279,0.0001778279,2014,4,4,2013,79.0000000000,71.4383924727,10.0527629989,0.1006124179,True
fold_local_augmented_nested,tourism_comprehensive_income_test_2019,tourism_comprehensive_income,0.0001778279,0.0001778279,2015,5,5,2014,94.0000000000,86.3903943124,8.4368191739,0.0844182896,True
fold_local_augmented_nested,tourism_comprehensive_income_test_2019,tourism_comprehensive_income,0.0001778279,0.0001778279,2017,6,7,2015,130.0000000000,120.4475741634,7.6282837783,0.0763198614,True
fold_local_augmented_nested,tourism_comprehensive_income_test_2019,tourism_comprehensive_income,0.0001778279,0.0001778279,2018,7,8,2017,142.0000000000,136.5963930879,3.8791650188,0.0387965157,True
fold_local_augmented_nested,tourism_comprehensive_income_test_2019,tourism_comprehensive_income,0.0003162278,0.0003162278,2014,4,4,2013,79.0000000000,71.4376224049,10.0538382277,0.1006231975,True
fold_local_augmented_nested,tourism_comprehensive_income_test_2019,tourism_comprehensive_income,0.0003162278,0.0003162278,2015,5,5,2014,94.0000000000,86.3895294748,8.4378184780,0.0844283004,True
fold_local_augmented_nested,tourism_comprehensive_income_test_2019,tourism_comprehensive_income,0.0003162278,0.0003162278,2017,6,7,2015,130.0000000000,120.4465597509,7.6291247591,0.0763282834,True
fold_local_augmented_nested,tourism_comprehensive_income_test_2019,tourism_comprehensive_income,0.0003162278,0.0003162278,2018,7,8,2017,142.0000000000,136.5953497116,3.8799285731,0.0388041542,True
fold_local_augmented_nested,tourism_comprehensive_income_test_2019,tourism_comprehensive_income,0.0005623413,0.0005623413,2014,4,4,2013,79.0000000000,71.4362531407,10.0557501285,0.1006423649,True
fold_local_augmented_nested,tourism_comprehensive_income_test_2019,tourism_comprehensive_income,0.0005623413,0.0005623413,2015,5,5,2014,94.0000000000,86.3879916703,8.4395954068,0.0844461014,True
fold_local_augmented_nested,tourism_comprehensive_income_test_2019,tourism_comprehensive_income,0.0005623413,0.0005623413,2017,6,7,2015,130.0000000000,120.4447559410,7.6306201925,0.0763432596,True
fold_local_augmented_nested,tourism_comprehensive_income_test_2019,tourism_comprehensive_income,0.0005623413,0.0005623413,2018,7,8,2017,142.0000000000,136.5934943863,3.8812863348,0.0388177369,True
fold_local_augmented_nested,tourism_comprehensive_income_test_2019,tourism_comprehensive_income,0.0010000000,0.0010000000,2014,4,4,2013,79.0000000000,71.4338186226,10.0591495273,0.1006764451,True
fold_local_augmented_nested,tourism_comprehensive_income_test_2019,tourism_comprehensive_income,0.0010000000,0.0010000000,2015,5,5,2014,94.0000000000,86.3852573980,8.4427549256,0.0844777530,True
fold_local_augmented_nested,tourism_comprehensive_income_test_2019,tourism_comprehensive_income,0.0010000000,0.0010000000,2017,6,7,2015,130.0000000000,120.4415485764,7.6332792845,0.0763698893,True
fold_local_augmented_nested,tourism_comprehensive_income_test_2019,tourism_comprehensive_income,0.0010000000,0.0010000000,2018,7,8,2017,142.0000000000,136.5901953815,3.8837006529,0.0388418892,True
fold_local_augmented_nested,tourism_comprehensive_income_test_2019,tourism_comprehensive_income,0.0017782794,0.0017782794,2014,4,4,2013,79.0000000000,71.4294906846,10.0651930429,0.1007370336,True
fold_local_augmented_nested,tourism_comprehensive_income_test_2019,tourism_comprehensive_income,0.0017782794,0.0017782794,2015,5,5,2014,94.0000000000,86.3803962798,8.4483723035,0.0845340271,True
fold_local_augmented_nested,tourism_comprehensive_income_test_2019,tourism_comprehensive_income,0.0017782794,0.0017782794,2017,6,7,2015,130.0000000000,120.4358459763,7.6380072400,0.0764172378,True
fold_local_augmented_nested,tourism_comprehensive_income_test_2019,tourism_comprehensive_income,0.0017782794,0.0017782794,2018,7,8,2017,142.0000000000,136.5843297207,3.8879934738,0.0388848336,True
fold_local_augmented_nested,tourism_comprehensive_income_test_2019,tourism_comprehensive_income,0.0031622777,0.0031622777,2014,4,4,2013,79.0000000000,71.4217985586,10.0759351557,0.1008447278,True
fold_local_augmented_nested,tourism_comprehensive_income_test_2019,tourism_comprehensive_income,0.0031622777,0.0031622777,2015,5,5,2014,94.0000000000,86.3717555896,8.4583580012,0.0846340628,True
fold_local_augmented_nested,tourism_comprehensive_income_test_2019,tourism_comprehensive_income,0.0031622777,0.0031622777,2017,6,7,2015,130.0000000000,120.4257082912,7.6464128017,0.0765014164,True
fold_local_augmented_nested,tourism_comprehensive_income_test_2019,tourism_comprehensive_income,0.0031622777,0.0031622777,2018,7,8,2017,142.0000000000,136.5739017549,3.8956256928,0.0389611847,True
fold_local_augmented_nested,tourism_comprehensive_income_test_2019,tourism_comprehensive_income,0.0056234133,0.0056234133,2014,4,4,2013,79.0000000000,71.4081329401,10.0950220065,0.1010360829,True
fold_local_augmented_nested,tourism_comprehensive_income_test_2019,tourism_comprehensive_income,0.0056234133,0.0056234133,2015,5,5,2014,94.0000000000,86.3564018312,8.4761040819,0.0848118423,True
fold_local_augmented_nested,tourism_comprehensive_income_test_2019,tourism_comprehensive_income,0.0056234133,0.0056234133,2017,6,7,2015,130.0000000000,120.4076905491,7.6613537147,0.0766510446,True
fold_local_augmented_nested,tourism_comprehensive_income_test_2019,tourism_comprehensive_income,0.0056234133,0.0056234133,2018,7,8,2017,142.0000000000,136.5553668248,3.9091928023,0.0390969075,True
fold_local_augmented_nested,tourism_comprehensive_income_test_2019,tourism_comprehensive_income,0.0100000000,0.0100000000,2014,4,4,2013,79.0000000000,71.3838730898,10.1289144291,0.1013758757,True
fold_local_augmented_nested,tourism_comprehensive_income_test_2019,tourism_comprehensive_income,0.0100000000,0.0100000000,2015,5,5,2014,94.0000000000,86.3291358228,8.5076259499,0.0851276302,True
fold_local_augmented_nested,tourism_comprehensive_income_test_2019,tourism_comprehensive_income,0.0100000000,0.0100000000,2017,6,7,2015,130.0000000000,120.3756812226,7.6879022199,0.0769169212,True
fold_local_augmented_nested,tourism_comprehensive_income_test_2019,tourism_comprehensive_income,0.0100000000,0.0100000000,2018,7,8,2017,142.0000000000,136.5224346767,3.9333027730,0.0393380999,True
fold_local_augmented_nested,tourism_comprehensive_income_test_2019,tourism_comprehensive_income,0.0177827941,0.0177827941,2014,4,4,2013,79.0000000000,71.3408628584,10.1890291116,0.1019785776,True
fold_local_augmented_nested,tourism_comprehensive_income_test_2019,tourism_comprehensive_income,0.0177827941,0.0177827941,2015,5,5,2014,94.0000000000,86.2807667368,8.5635682640,0.0856880742,True
fold_local_augmented_nested,tourism_comprehensive_income_test_2019,tourism_comprehensive_income,0.0177827941,0.0177827941,2017,6,7,2015,130.0000000000,120.3188583214,7.7350478054,0.0773890790,True
fold_local_augmented_nested,tourism_comprehensive_income_test_2019,tourism_comprehensive_income,0.0177827941,0.0177827941,2018,7,8,2017,142.0000000000,136.4639609290,3.9761260686,0.0397665003,True
fold_local_augmented_nested,tourism_comprehensive_income_test_2019,tourism_comprehensive_income,0.0316227766,0.0316227766,2014,4,4,2013,79.0000000000,71.2647888568,10.2954407377,0.1030454920,True
fold_local_augmented_nested,tourism_comprehensive_income_test_2019,tourism_comprehensive_income,0.0316227766,0.0316227766,2015,5,5,2014,94.0000000000,86.1951226207,8.6626954890,0.0866811883,True
fold_local_augmented_nested,tourism_comprehensive_income_test_2019,tourism_comprehensive_income,0.0316227766,0.0316227766,2017,6,7,2015,130.0000000000,120.2181220535,7.8186806504,0.0782266739,True
fold_local_augmented_nested,tourism_comprehensive_income_test_2019,tourism_comprehensive_income,0.0316227766,0.0316227766,2018,7,8,2017,142.0000000000,136.3602582100,4.0521170847,0.0405267167,True
fold_local_augmented_nested,tourism_comprehensive_income_test_2019,tourism_comprehensive_income,0.0562341325,0.0562341325,2014,4,4,2013,79.0000000000,71.1307904296,10.4831387990,0.1049275513,True
fold_local_augmented_nested,tourism_comprehensive_income_test_2019,tourism_comprehensive_income,0.0562341325,0.0562341325,2015,5,5,2014,94.0000000000,86.0439816477,8.8378609266,0.0884362022,True
fold_local_augmented_nested,tourism_comprehensive_income_test_2019,tourism_comprehensive_income,0.0562341325,0.0562341325,2017,6,7,2015,130.0000000000,120.0399609900,7.9667577699,0.0797097549,True
fold_local_augmented_nested,tourism_comprehensive_income_test_2019,tourism_comprehensive_income,0.0562341325,0.0562341325,2018,7,8,2017,142.0000000000,136.1767259761,4.1867442385,0.0418735597,True
fold_local_augmented_nested,tourism_comprehensive_income_test_2019,tourism_comprehensive_income,0.1000000000,0.1000000000,2014,4,4,2013,79.0000000000,70.8964777805,10.8121582835,0.1082270989,True
fold_local_augmented_nested,tourism_comprehensive_income_test_2019,tourism_comprehensive_income,0.1000000000,0.1000000000,2015,5,5,2014,94.0000000000,85.7788142588,9.1458893809,0.0915227263,True
fold_local_augmented_nested,tourism_comprehensive_income_test_2019,tourism_comprehensive_income,0.1000000000,0.1000000000,2017,6,7,2015,130.0000000000,119.7261920056,8.2280580278,0.0823270481,True
fold_local_augmented_nested,tourism_comprehensive_income_test_2019,tourism_comprehensive_income,0.1000000000,0.1000000000,2018,7,8,2017,142.0000000000,135.8531094926,4.4245612501,0.0442528328,True
fold_local_augmented_nested,tourism_comprehensive_income_test_2019,tourism_comprehensive_income,0.1778279410,0.1778279410,2014,4,4,2013,79.0000000000,70.4919315123,11.3826457410,0.1139495958,True
fold_local_augmented_nested,tourism_comprehensive_income_test_2019,tourism_comprehensive_income,0.1778279410,0.1778279410,2015,5,5,2014,94.0000000000,85.3183460268,9.6829512045,0.0969052744,True
fold_local_augmented_nested,tourism_comprehensive_income_test_2019,tourism_comprehensive_income,0.1778279410,0.1778279410,2017,6,7,2015,130.0000000000,119.1776751837,8.6864321279,0.0869190021,True
fold_local_augmented_nested,tourism_comprehensive_income_test_2019,tourism_comprehensive_income,0.1778279410,0.1778279410,2018,7,8,2017,142.0000000000,135.2861856202,4.8425163084,0.0484346295,True
fold_local_augmented_nested,tourism_comprehensive_income_test_2019,tourism_comprehensive_income,0.3162277660,0.3162277660,2014,4,4,2013,79.0000000000,69.8085744268,12.3533547829,0.1236910075,True
fold_local_augmented_nested,tourism_comprehensive_income_test_2019,tourism_comprehensive_income,0.3162277660,0.3162277660,2015,5,5,2014,94.0000000000,84.5328097064,10.6055467442,0.1061550427,True
fold_local_augmented_nested,tourism_comprehensive_income_test_2019,tourism_comprehensive_income,0.3162277660,0.3162277660,2017,6,7,2015,130.0000000000,118.2310869922,9.4822233190,0.0948933767,True
fold_local_augmented_nested,tourism_comprehensive_income_test_2019,tourism_comprehensive_income,0.3162277660,0.3162277660,2018,7,8,2017,142.0000000000,134.3042491547,5.5704904060,0.0557193153,True
fold_local_augmented_nested,tourism_comprehensive_income_test_2019,tourism_comprehensive_income,0.5623413252,0.5623413252,2014,4,4,2013,79.0000000000,68.6957914363,13.9532866354,0.1397599151,True
fold_local_augmented_nested,tourism_comprehensive_income_test_2019,tourism_comprehensive_income,0.5623413252,0.5623413252,2015,5,5,2014,94.0000000000,83.2324717202,12.1507398450,0.1216572255,True
fold_local_augmented_nested,tourism_comprehensive_income_test_2019,tourism_comprehensive_income,0.5623413252,0.5623413252,2017,6,7,2015,130.0000000000,116.6333773695,10.8392649633,0.1084989622,True
fold_local_augmented_nested,tourism_comprehensive_income_test_2019,tourism_comprehensive_income,0.5623413252,0.5623413252,2018,7,8,2017,142.0000000000,132.6365073278,6.8188259189,0.0682146985,True
fold_local_augmented_nested,tourism_comprehensive_income_test_2019,tourism_comprehensive_income,1.0000000000,1.0000000000,2014,4,4,2013,79.0000000000,66.9875674000,16.4567884977,0.1649408115,True
fold_local_augmented_nested,tourism_comprehensive_income_test_2019,tourism_comprehensive_income,1.0000000000,1.0000000000,2015,5,5,2014,94.0000000000,81.1836292000,14.6319274906,0.1465811663,True
fold_local_augmented_nested,tourism_comprehensive_income_test_2019,tourism_comprehensive_income,1.0000000000,1.0000000000,2017,6,7,2015,130.0000000000,114.0350427418,13.0841514226,0.1310286568,True
fold_local_augmented_nested,tourism_comprehensive_income_test_2019,tourism_comprehensive_income,1.0000000000,1.0000000000,2018,7,8,2017,142.0000000000,129.8961153539,8.9033156140,0.0890920393,True
fold_local_augmented_nested,tourism_comprehensive_income_test_2019,tourism_comprehensive_income,1.7782794100,1.7782794100,2014,4,4,2013,79.0000000000,64.5890986555,20.0724170281,0.2014022074,True
fold_local_augmented_nested,tourism_comprehensive_income_test_2019,tourism_comprehensive_income,1.7782794100,1.7782794100,2015,5,5,2014,94.0000000000,78.1937974691,18.3586200701,0.1841044541,True
fold_local_augmented_nested,tourism_comprehensive_income_test_2019,tourism_comprehensive_income,1.7782794100,1.7782794100,2017,6,7,2015,130.0000000000,110.0545030735,16.6174736746,0.1665587249,True
fold_local_augmented_nested,tourism_comprehensive_income_test_2019,tourism_comprehensive_income,1.7782794100,1.7782794100,2018,7,8,2017,142.0000000000,125.6289174957,12.2341656182,0.1224945952,True
fold_local_augmented_nested,tourism_comprehensive_income_test_2019,tourism_comprehensive_income,3.1622776602,3.1622776602,2014,4,4,2013,79.0000000000,61.6115908107,24.7325403106,0.2485978371,True
fold_local_augmented_nested,tourism_comprehensive_income_test_2019,tourism_comprehensive_income,3.1622776602,3.1622776602,2015,5,5,2014,94.0000000000,74.2855088067,23.4298144066,0.2353788858,True
fold_local_augmented_nested,tourism_comprehensive_income_test_2019,tourism_comprehensive_income,3.1622776602,3.1622776602,2017,6,7,2015,130.0000000000,104.4821209997,21.7653089213,0.2185184846,True
fold_local_augmented_nested,tourism_comprehensive_income_test_2019,tourism_comprehensive_income,3.1622776602,3.1622776602,2018,7,8,2017,142.0000000000,119.5105935401,17.1996141001,0.1724220413,True
fold_local_augmented_nested,tourism_comprehensive_income_test_2019,tourism_comprehensive_income,5.6234132519,5.6234132519,2014,4,4,2013,79.0000000000,58.4323581087,29.9312944554,0.3015780389,True
fold_local_augmented_nested,tourism_comprehensive_income_test_2019,tourism_comprehensive_income,5.6234132519,5.6234132519,2015,5,5,2014,94.0000000000,69.8510357147,29.4767307145,0.2969298690,True
fold_local_augmented_nested,tourism_comprehensive_income_test_2019,tourism_comprehensive_income,5.6234132519,5.6234132519,2017,6,7,2015,130.0000000000,97.5912600449,28.4797754964,0.2867465098,True
fold_local_augmented_nested,tourism_comprehensive_income_test_2019,tourism_comprehensive_income,5.6234132519,5.6234132519,2018,7,8,2017,142.0000000000,111.7013497545,23.8852889627,0.2399982679,True
fold_local_augmented_nested,tourism_comprehensive_income_test_2019,tourism_comprehensive_income,10.0000000000,10.0000000000,2014,4,4,2013,79.0000000000,55.5400441429,34.8743097367,0.3523435758,True
fold_local_augmented_nested,tourism_comprehensive_income_test_2019,tourism_comprehensive_income,10.0000000000,10.0000000000,2015,5,5,2014,94.0000000000,65.5600000000,35.6480320882,0.3603290284,True
fold_local_augmented_nested,tourism_comprehensive_income_test_2019,tourism_comprehensive_income,10.0000000000,10.0000000000,2017,6,7,2015,130.0000000000,90.2661252282,36.0780621447,0.3647721963,True
fold_local_augmented_nested,tourism_comprehensive_income_test_2019,tourism_comprehensive_income,10.0000000000,10.0000000000,2018,7,8,2017,142.0000000000,103.0896417297,31.7519402254,0.3202281398,True
fold_local_augmented_nested,tourism_comprehensive_income_test_2019,tourism_comprehensive_income,17.7827941004,17.7827941004,2014,4,4,2013,79.0000000000,53.2677686523,38.9092998391,0.3941164199,True
fold_local_augmented_nested,tourism_comprehensive_income_test_2019,tourism_comprehensive_income,17.7827941004,17.7827941004,2015,5,5,2014,94.0000000000,62.0018912322,41.0227190389,0.4161298939,True
fold_local_augmented_nested,tourism_comprehensive_income_test_2019,tourism_comprehensive_income,17.7827941004,17.7827941004,2017,6,7,2015,130.0000000000,83.6311064953,43.4102451327,0.4411189123,True
fold_local_augmented_nested,tourism_comprehensive_income_test_2019,tourism_comprehensive_income,17.7827941004,17.7827941004,2018,7,8,2017,142.0000000000,94.9978397332,39.6646318124,0.4019729059,True
fold_local_augmented_nested,tourism_comprehensive_income_test_2019,tourism_comprehensive_income,31.6227766017,31.6227766017,2014,4,4,2013,79.0000000000,51.6797293286,41.8125608489,0.4243822305,True
fold_local_augmented_nested,tourism_comprehensive_income_test_2019,tourism_comprehensive_income,31.6227766017,31.6227766017,2015,5,5,2014,94.0000000000,59.4103435067,45.0942950817,0.4588264380,True
fold_local_augmented_nested,tourism_comprehensive_income_test_2019,tourism_comprehensive_income,31.6227766017,31.6227766017,2017,6,7,2015,130.0000000000,78.4377566119,49.4749552349,0.5052290496,True
fold_local_augmented_nested,tourism_comprehensive_income_test_2019,tourism_comprehensive_income,31.6227766017,31.6227766017,2018,7,8,2017,142.0000000000,88.4609246036,46.4626057441,0.4732661330,True
fold_local_augmented_nested,tourism_comprehensive_income_test_2019,tourism_comprehensive_income,56.2341325190,56.2341325190,2014,4,4,2013,79.0000000000,50.6584790720,43.7171886187,0.4443412306,True
fold_local_augmented_nested,tourism_comprehensive_income_test_2019,tourism_comprehensive_income,56.2341325190,56.2341325190,2015,5,5,2014,94.0000000000,57.6957047870,47.8646317164,0.4881120520,True
fold_local_augmented_nested,tourism_comprehensive_income_test_2019,tourism_comprehensive_income,56.2341325190,56.2341325190,2017,6,7,2015,130.0000000000,74.8182757361,53.8835941916,0.5524722673,True
fold_local_augmented_nested,tourism_comprehensive_income_test_2019,tourism_comprehensive_income,56.2341325190,56.2341325190,2018,7,8,2017,142.0000000000,83.7950080932,51.5556055896,0.5274536212,True
fold_local_augmented_nested,tourism_comprehensive_income_test_2019,tourism_comprehensive_income,100.0000000000,100.0000000000,2014,4,4,2013,79.0000000000,50.0364271923,44.8920873553,0.4566965685,True
fold_local_augmented_nested,tourism_comprehensive_income_test_2019,tourism_comprehensive_income,100.0000000000,100.0000000000,2015,5,5,2014,94.0000000000,56.6322118857,49.6146045344,0.5067168444,True
fold_local_augmented_nested,tourism_comprehensive_income_test_2019,tourism_comprehensive_income,100.0000000000,100.0000000000,2017,6,7,2015,130.0000000000,72.4949719470,56.7964996860,0.5840172435,True
fold_local_augmented_nested,tourism_comprehensive_income_test_2019,tourism_comprehensive_income,100.0000000000,100.0000000000,2018,7,8,2017,142.0000000000,80.7509137095,54.9933423577,0.5644577803,True
fold_local_augmented_nested,tourism_comprehensive_income_test_2019,tourism_comprehensive_income,177.8279410039,177.8279410039,2014,4,4,2013,79.0000000000,49.6699823225,45.5895262408,0.4640470792,True
fold_local_augmented_nested,tourism_comprehensive_income_test_2019,tourism_comprehensive_income,177.8279410039,177.8279410039,2015,5,5,2014,94.0000000000,55.9988008921,50.6686705253,0.5179645044,True
fold_local_augmented_nested,tourism_comprehensive_income_test_2019,tourism_comprehensive_income,177.8279410039,177.8279410039,2017,6,7,2015,130.0000000000,71.0814910602,58.6016232813,0.6037074702,True
fold_local_augmented_nested,tourism_comprehensive_income_test_2019,tourism_comprehensive_income,177.8279410039,177.8279410039,2018,7,8,2017,142.0000000000,78.8797449314,57.1535023170,0.5879025809,True
fold_local_augmented_nested,tourism_comprehensive_income_test_2019,tourism_comprehensive_income,316.2277660168,316.2277660168,2014,4,4,2013,79.0000000000,49.4583495119,45.9941305494,0.4683169611,True
fold_local_augmented_nested,tourism_comprehensive_income_test_2019,tourism_comprehensive_income,316.2277660168,316.2277660168,2015,5,5,2014,94.0000000000,55.6306195144,51.2854663172,0.5245610219,True
fold_local_augmented_nested,tourism_comprehensive_income_test_2019,tourism_comprehensive_income,316.2277660168,316.2277660168,2017,6,7,2015,130.0000000000,70.2494111101,59.6761693917,0.6154825251,True
fold_local_augmented_nested,tourism_comprehensive_income_test_2019,tourism_comprehensive_income,316.2277660168,316.2277660168,2018,7,8,2017,142.0000000000,77.7713704613,58.4504063508,0.6020536831,True
fold_local_augmented_nested,tourism_comprehensive_income_test_2019,tourism_comprehensive_income,562.3413251903,562.3413251903,2014,4,4,2013,79.0000000000,49.3375221293,46.2257294336,0.4707629629,True
fold_local_augmented_nested,tourism_comprehensive_income_test_2019,tourism_comprehensive_income,562.3413251903,562.3413251903,2015,5,5,2014,94.0000000000,55.4196304394,51.6402957859,0.5283609112,True
fold_local_augmented_nested,tourism_comprehensive_income_test_2019,tourism_comprehensive_income,562.3413251903,562.3413251903,2017,6,7,2015,130.0000000000,69.7690586990,60.3005707624,0.6223438241,True
fold_local_augmented_nested,tourism_comprehensive_income_test_2019,tourism_comprehensive_income,562.3413251903,562.3413251903,2018,7,8,2017,142.0000000000,77.1291817186,59.2078314469,0.6103453568,True
fold_local_augmented_nested,tourism_comprehensive_income_test_2019,tourism_comprehensive_income,1000.0000000000,1000.0000000000,2014,4,4,2013,79.0000000000,49.2689905657,46.3572829304,0.4721529639,True
fold_local_augmented_nested,tourism_comprehensive_income_test_2019,tourism_comprehensive_income,1000.0000000000,1000.0000000000,2015,5,5,2014,94.0000000000,55.2997061970,51.8424245952,0.5305271866,True
fold_local_augmented_nested,tourism_comprehensive_income_test_2019,tourism_comprehensive_income,1000.0000000000,1000.0000000000,2017,6,7,2015,130.0000000000,69.4948765569,60.6583231483,0.6262814192,True
fold_local_augmented_nested,tourism_comprehensive_income_test_2019,tourism_comprehensive_income,1000.0000000000,1000.0000000000,2018,7,8,2017,142.0000000000,76.7618551344,59.6430715268,0.6151192188,True
fold_local_augmented_nested,tourism_comprehensive_income_test_2021,tourism_comprehensive_income,0.0001000000,0.0001000000,2014,4,4,2013,79.0000000000,71.4388255371,10.0521583254,0.1006063559,True
fold_local_augmented_nested,tourism_comprehensive_income_test_2021,tourism_comprehensive_income,0.0001000000,0.0001000000,2015,5,5,2014,94.0000000000,86.3908806673,8.4362572038,0.0844126599,True
fold_local_augmented_nested,tourism_comprehensive_income_test_2021,tourism_comprehensive_income,0.0001000000,0.0001000000,2017,6,7,2015,130.0000000000,120.4481446271,7.6278108485,0.0763151252,True
fold_local_augmented_nested,tourism_comprehensive_income_test_2021,tourism_comprehensive_income,0.0001000000,0.0001000000,2018,7,8,2017,142.0000000000,136.5969798373,3.8787356316,0.0387922202,True
fold_local_augmented_nested,tourism_comprehensive_income_test_2021,tourism_comprehensive_income,0.0001000000,0.0001000000,2019,8,9,2018,165.0000000000,152.4012131657,7.9387137237,0.0794288703,True
fold_local_augmented_nested,tourism_comprehensive_income_test_2021,tourism_comprehensive_income,0.0001778279,0.0001778279,2014,4,4,2013,79.0000000000,71.4383924727,10.0527629989,0.1006124179,True
fold_local_augmented_nested,tourism_comprehensive_income_test_2021,tourism_comprehensive_income,0.0001778279,0.0001778279,2015,5,5,2014,94.0000000000,86.3903943124,8.4368191739,0.0844182896,True
fold_local_augmented_nested,tourism_comprehensive_income_test_2021,tourism_comprehensive_income,0.0001778279,0.0001778279,2017,6,7,2015,130.0000000000,120.4475741634,7.6282837783,0.0763198614,True
fold_local_augmented_nested,tourism_comprehensive_income_test_2021,tourism_comprehensive_income,0.0001778279,0.0001778279,2018,7,8,2017,142.0000000000,136.5963930879,3.8791650188,0.0387965157,True
fold_local_augmented_nested,tourism_comprehensive_income_test_2021,tourism_comprehensive_income,0.0001778279,0.0001778279,2019,8,9,2018,165.0000000000,152.4006180862,7.9391035782,0.0794327750,True
fold_local_augmented_nested,tourism_comprehensive_income_test_2021,tourism_comprehensive_income,0.0003162278,0.0003162278,2014,4,4,2013,79.0000000000,71.4376224049,10.0538382277,0.1006231975,True
fold_local_augmented_nested,tourism_comprehensive_income_test_2021,tourism_comprehensive_income,0.0003162278,0.0003162278,2015,5,5,2014,94.0000000000,86.3895294748,8.4378184780,0.0844283004,True
fold_local_augmented_nested,tourism_comprehensive_income_test_2021,tourism_comprehensive_income,0.0003162278,0.0003162278,2017,6,7,2015,130.0000000000,120.4465597509,7.6291247591,0.0763282834,True
fold_local_augmented_nested,tourism_comprehensive_income_test_2021,tourism_comprehensive_income,0.0003162278,0.0003162278,2018,7,8,2017,142.0000000000,136.5953497116,3.8799285731,0.0388041542,True
fold_local_augmented_nested,tourism_comprehensive_income_test_2021,tourism_comprehensive_income,0.0003162278,0.0003162278,2019,8,9,2018,165.0000000000,152.3995598940,7.9397968354,0.0794397185,True
fold_local_augmented_nested,tourism_comprehensive_income_test_2021,tourism_comprehensive_income,0.0005623413,0.0005623413,2014,4,4,2013,79.0000000000,71.4362531407,10.0557501285,0.1006423649,True
fold_local_augmented_nested,tourism_comprehensive_income_test_2021,tourism_comprehensive_income,0.0005623413,0.0005623413,2015,5,5,2014,94.0000000000,86.3879916703,8.4395954068,0.0844461014,True
fold_local_augmented_nested,tourism_comprehensive_income_test_2021,tourism_comprehensive_income,0.0005623413,0.0005623413,2017,6,7,2015,130.0000000000,120.4447559410,7.6306201925,0.0763432596,True
fold_local_augmented_nested,tourism_comprehensive_income_test_2021,tourism_comprehensive_income,0.0005623413,0.0005623413,2018,7,8,2017,142.0000000000,136.5934943863,3.8812863348,0.0388177369,True
fold_local_augmented_nested,tourism_comprehensive_income_test_2021,tourism_comprehensive_income,0.0005623413,0.0005623413,2019,8,9,2018,165.0000000000,152.3976782131,7.9410295991,0.0794520656,True
fold_local_augmented_nested,tourism_comprehensive_income_test_2021,tourism_comprehensive_income,0.0010000000,0.0010000000,2014,4,4,2013,79.0000000000,71.4338186226,10.0591495273,0.1006764451,True
fold_local_augmented_nested,tourism_comprehensive_income_test_2021,tourism_comprehensive_income,0.0010000000,0.0010000000,2015,5,5,2014,94.0000000000,86.3852573980,8.4427549256,0.0844777530,True
fold_local_augmented_nested,tourism_comprehensive_income_test_2021,tourism_comprehensive_income,0.0010000000,0.0010000000,2017,6,7,2015,130.0000000000,120.4415485764,7.6332792845,0.0763698893,True
fold_local_augmented_nested,tourism_comprehensive_income_test_2021,tourism_comprehensive_income,0.0010000000,0.0010000000,2018,7,8,2017,142.0000000000,136.5901953815,3.8837006529,0.0388418892,True
fold_local_augmented_nested,tourism_comprehensive_income_test_2021,tourism_comprehensive_income,0.0010000000,0.0010000000,2019,8,9,2018,165.0000000000,152.3943323127,7.9432216671,0.0794740209,True
fold_local_augmented_nested,tourism_comprehensive_income_test_2021,tourism_comprehensive_income,0.0017782794,0.0017782794,2014,4,4,2013,79.0000000000,71.4294906846,10.0651930429,0.1007370336,True
fold_local_augmented_nested,tourism_comprehensive_income_test_2021,tourism_comprehensive_income,0.0017782794,0.0017782794,2015,5,5,2014,94.0000000000,86.3803962798,8.4483723035,0.0845340271,True
fold_local_augmented_nested,tourism_comprehensive_income_test_2021,tourism_comprehensive_income,0.0017782794,0.0017782794,2017,6,7,2015,130.0000000000,120.4358459763,7.6380072400,0.0764172378,True
fold_local_augmented_nested,tourism_comprehensive_income_test_2021,tourism_comprehensive_income,0.0017782794,0.0017782794,2018,7,8,2017,142.0000000000,136.5843297207,3.8879934738,0.0388848336,True
fold_local_augmented_nested,tourism_comprehensive_income_test_2021,tourism_comprehensive_income,0.0017782794,0.0017782794,2019,8,9,2018,165.0000000000,152.3883831708,7.9471193641,0.0795130595,True
fold_local_augmented_nested,tourism_comprehensive_income_test_2021,tourism_comprehensive_income,0.0031622777,0.0031622777,2014,4,4,2013,79.0000000000,71.4217985586,10.0759351557,0.1008447278,True
fold_local_augmented_nested,tourism_comprehensive_income_test_2021,tourism_comprehensive_income,0.0031622777,0.0031622777,2015,5,5,2014,94.0000000000,86.3717555896,8.4583580012,0.0846340628,True
fold_local_augmented_nested,tourism_comprehensive_income_test_2021,tourism_comprehensive_income,0.0031622777,0.0031622777,2017,6,7,2015,130.0000000000,120.4257082912,7.6464128017,0.0765014164,True
fold_local_augmented_nested,tourism_comprehensive_income_test_2021,tourism_comprehensive_income,0.0031622777,0.0031622777,2018,7,8,2017,142.0000000000,136.5739017549,3.8956256928,0.0389611847,True
fold_local_augmented_nested,tourism_comprehensive_income_test_2021,tourism_comprehensive_income,0.0031622777,0.0031622777,2019,8,9,2018,165.0000000000,152.3778064750,7.9540492546,0.0795824681,True
fold_local_augmented_nested,tourism_comprehensive_income_test_2021,tourism_comprehensive_income,0.0056234133,0.0056234133,2014,4,4,2013,79.0000000000,71.4081329401,10.0950220065,0.1010360829,True
fold_local_augmented_nested,tourism_comprehensive_income_test_2021,tourism_comprehensive_income,0.0056234133,0.0056234133,2015,5,5,2014,94.0000000000,86.3564018312,8.4761040819,0.0848118423,True
fold_local_augmented_nested,tourism_comprehensive_income_test_2021,tourism_comprehensive_income,0.0056234133,0.0056234133,2017,6,7,2015,130.0000000000,120.4076905491,7.6613537147,0.0766510446,True
fold_local_augmented_nested,tourism_comprehensive_income_test_2021,tourism_comprehensive_income,0.0056234133,0.0056234133,2018,7,8,2017,142.0000000000,136.5553668248,3.9091928023,0.0390969075,True
fold_local_augmented_nested,tourism_comprehensive_income_test_2021,tourism_comprehensive_income,0.0056234133,0.0056234133,2019,8,9,2018,165.0000000000,152.3590061852,7.9663684146,0.0797058551,True
fold_local_augmented_nested,tourism_comprehensive_income_test_2021,tourism_comprehensive_income,0.0100000000,0.0100000000,2014,4,4,2013,79.0000000000,71.3838730898,10.1289144291,0.1013758757,True
fold_local_augmented_nested,tourism_comprehensive_income_test_2021,tourism_comprehensive_income,0.0100000000,0.0100000000,2015,5,5,2014,94.0000000000,86.3291358228,8.5076259499,0.0851276302,True
fold_local_augmented_nested,tourism_comprehensive_income_test_2021,tourism_comprehensive_income,0.0100000000,0.0100000000,2017,6,7,2015,130.0000000000,120.3756812226,7.6879022199,0.0769169212,True
fold_local_augmented_nested,tourism_comprehensive_income_test_2021,tourism_comprehensive_income,0.0100000000,0.0100000000,2018,7,8,2017,142.0000000000,136.5224346767,3.9333027730,0.0393380999,True
fold_local_augmented_nested,tourism_comprehensive_income_test_2021,tourism_comprehensive_income,0.0100000000,0.0100000000,2019,8,9,2018,165.0000000000,152.3255993887,7.9882622995,0.0799251428,True
fold_local_augmented_nested,tourism_comprehensive_income_test_2021,tourism_comprehensive_income,0.0177827941,0.0177827941,2014,4,4,2013,79.0000000000,71.3408628584,10.1890291116,0.1019785776,True
fold_local_augmented_nested,tourism_comprehensive_income_test_2021,tourism_comprehensive_income,0.0177827941,0.0177827941,2015,5,5,2014,94.0000000000,86.2807667368,8.5635682640,0.0856880742,True
fold_local_augmented_nested,tourism_comprehensive_income_test_2021,tourism_comprehensive_income,0.0177827941,0.0177827941,2017,6,7,2015,130.0000000000,120.3188583214,7.7350478054,0.0773890790,True
fold_local_augmented_nested,tourism_comprehensive_income_test_2021,tourism_comprehensive_income,0.0177827941,0.0177827941,2018,7,8,2017,142.0000000000,136.4639609290,3.9761260686,0.0397665003,True
fold_local_augmented_nested,tourism_comprehensive_income_test_2021,tourism_comprehensive_income,0.0177827941,0.0177827941,2019,8,9,2018,165.0000000000,152.2662728729,8.0271546117,0.0803146904,True
fold_local_augmented_nested,tourism_comprehensive_income_test_2021,tourism_comprehensive_income,0.0316227766,0.0316227766,2014,4,4,2013,79.0000000000,71.2647888568,10.2954407377,0.1030454920,True
fold_local_augmented_nested,tourism_comprehensive_income_test_2021,tourism_comprehensive_income,0.0316227766,0.0316227766,2015,5,5,2014,94.0000000000,86.1951226207,8.6626954890,0.0866811883,True
fold_local_augmented_nested,tourism_comprehensive_income_test_2021,tourism_comprehensive_income,0.0316227766,0.0316227766,2017,6,7,2015,130.0000000000,120.2181220535,7.8186806504,0.0782266739,True
fold_local_augmented_nested,tourism_comprehensive_income_test_2021,tourism_comprehensive_income,0.0316227766,0.0316227766,2018,7,8,2017,142.0000000000,136.3602582100,4.0521170847,0.0405267167,True
fold_local_augmented_nested,tourism_comprehensive_income_test_2021,tourism_comprehensive_income,0.0316227766,0.0316227766,2019,8,9,2018,165.0000000000,152.1610263288,8.0961862306,0.0810061301,True
fold_local_augmented_nested,tourism_comprehensive_income_test_2021,tourism_comprehensive_income,0.0562341325,0.0562341325,2014,4,4,2013,79.0000000000,71.1307904296,10.4831387990,0.1049275513,True
fold_local_augmented_nested,tourism_comprehensive_income_test_2021,tourism_comprehensive_income,0.0562341325,0.0562341325,2015,5,5,2014,94.0000000000,86.0439816477,8.8378609266,0.0884362022,True
fold_local_augmented_nested,tourism_comprehensive_income_test_2021,tourism_comprehensive_income,0.0562341325,0.0562341325,2017,6,7,2015,130.0000000000,120.0399609900,7.9667577699,0.0797097549,True
fold_local_augmented_nested,tourism_comprehensive_income_test_2021,tourism_comprehensive_income,0.0562341325,0.0562341325,2018,7,8,2017,142.0000000000,136.1767259761,4.1867442385,0.0418735597,True
fold_local_augmented_nested,tourism_comprehensive_income_test_2021,tourism_comprehensive_income,0.0562341325,0.0562341325,2019,8,9,2018,165.0000000000,151.9746632088,8.2185349828,0.0822316564,True
fold_local_augmented_nested,tourism_comprehensive_income_test_2021,tourism_comprehensive_income,0.1000000000,0.1000000000,2014,4,4,2013,79.0000000000,70.8964777805,10.8121582835,0.1082270989,True
fold_local_augmented_nested,tourism_comprehensive_income_test_2021,tourism_comprehensive_income,0.1000000000,0.1000000000,2015,5,5,2014,94.0000000000,85.7788142588,9.1458893809,0.0915227263,True
fold_local_augmented_nested,tourism_comprehensive_income_test_2021,tourism_comprehensive_income,0.1000000000,0.1000000000,2017,6,7,2015,130.0000000000,119.7261920056,8.2280580278,0.0823270481,True
fold_local_augmented_nested,tourism_comprehensive_income_test_2021,tourism_comprehensive_income,0.1000000000,0.1000000000,2018,7,8,2017,142.0000000000,135.8531094926,4.4245612501,0.0442528328,True
fold_local_augmented_nested,tourism_comprehensive_income_test_2021,tourism_comprehensive_income,0.1000000000,0.1000000000,2019,8,9,2018,165.0000000000,151.6457476857,8.4348218233,0.0843982805,True
fold_local_augmented_nested,tourism_comprehensive_income_test_2021,tourism_comprehensive_income,0.1778279410,0.1778279410,2014,4,4,2013,79.0000000000,70.4919315123,11.3826457410,0.1139495958,True
fold_local_augmented_nested,tourism_comprehensive_income_test_2021,tourism_comprehensive_income,0.1778279410,0.1778279410,2015,5,5,2014,94.0000000000,85.3183460268,9.6829512045,0.0969052744,True
fold_local_augmented_nested,tourism_comprehensive_income_test_2021,tourism_comprehensive_income,0.1778279410,0.1778279410,2017,6,7,2015,130.0000000000,119.1776751837,8.6864321279,0.0869190021,True
fold_local_augmented_nested,tourism_comprehensive_income_test_2021,tourism_comprehensive_income,0.1778279410,0.1778279410,2018,7,8,2017,142.0000000000,135.2861856202,4.8425163084,0.0484346295,True
fold_local_augmented_nested,tourism_comprehensive_income_test_2021,tourism_comprehensive_income,0.1778279410,0.1778279410,2019,8,9,2018,165.0000000000,151.0685931664,8.8154325578,0.0882114808,True
fold_local_augmented_nested,tourism_comprehensive_income_test_2021,tourism_comprehensive_income,0.3162277660,0.3162277660,2014,4,4,2013,79.0000000000,69.8085744268,12.3533547829,0.1236910075,True
fold_local_augmented_nested,tourism_comprehensive_income_test_2021,tourism_comprehensive_income,0.3162277660,0.3162277660,2015,5,5,2014,94.0000000000,84.5328097064,10.6055467442,0.1061550427,True
fold_local_augmented_nested,tourism_comprehensive_income_test_2021,tourism_comprehensive_income,0.3162277660,0.3162277660,2017,6,7,2015,130.0000000000,118.2310869922,9.4822233190,0.0948933767,True
fold_local_augmented_nested,tourism_comprehensive_income_test_2021,tourism_comprehensive_income,0.3162277660,0.3162277660,2018,7,8,2017,142.0000000000,134.3042491547,5.5704904060,0.0557193153,True
fold_local_augmented_nested,tourism_comprehensive_income_test_2021,tourism_comprehensive_income,0.3162277660,0.3162277660,2019,8,9,2018,165.0000000000,150.0660723590,9.4798703835,0.0948697944,True
fold_local_augmented_nested,tourism_comprehensive_income_test_2021,tourism_comprehensive_income,0.5623413252,0.5623413252,2014,4,4,2013,79.0000000000,68.6957914363,13.9532866354,0.1397599151,True
fold_local_augmented_nested,tourism_comprehensive_income_test_2021,tourism_comprehensive_income,0.5623413252,0.5623413252,2015,5,5,2014,94.0000000000,83.2324717202,12.1507398450,0.1216572255,True
fold_local_augmented_nested,tourism_comprehensive_income_test_2021,tourism_comprehensive_income,0.5623413252,0.5623413252,2017,6,7,2015,130.0000000000,116.6333773695,10.8392649633,0.1084989622,True
fold_local_augmented_nested,tourism_comprehensive_income_test_2021,tourism_comprehensive_income,0.5623413252,0.5623413252,2018,7,8,2017,142.0000000000,132.6365073278,6.8188259189,0.0682146985,True
fold_local_augmented_nested,tourism_comprehensive_income_test_2021,tourism_comprehensive_income,0.5623413252,0.5623413252,2019,8,9,2018,165.0000000000,148.3549972834,10.6237352912,0.1063374420,True
fold_local_augmented_nested,tourism_comprehensive_income_test_2021,tourism_comprehensive_income,1.0000000000,1.0000000000,2014,4,4,2013,79.0000000000,66.9875674000,16.4567884977,0.1649408115,True
fold_local_augmented_nested,tourism_comprehensive_income_test_2021,tourism_comprehensive_income,1.0000000000,1.0000000000,2015,5,5,2014,94.0000000000,81.1836292000,14.6319274906,0.1465811663,True
fold_local_augmented_nested,tourism_comprehensive_income_test_2021,tourism_comprehensive_income,1.0000000000,1.0000000000,2017,6,7,2015,130.0000000000,114.0350427418,13.0841514226,0.1310286568,True
fold_local_augmented_nested,tourism_comprehensive_income_test_2021,tourism_comprehensive_income,1.0000000000,1.0000000000,2018,7,8,2017,142.0000000000,129.8961153539,8.9033156140,0.0890920393,True
fold_local_augmented_nested,tourism_comprehensive_income_test_2021,tourism_comprehensive_income,1.0000000000,1.0000000000,2019,8,9,2018,165.0000000000,145.5202838425,12.5465015789,0.1256299892,True
fold_local_augmented_nested,tourism_comprehensive_income_test_2021,tourism_comprehensive_income,1.7782794100,1.7782794100,2014,4,4,2013,79.0000000000,64.5890986555,20.0724170281,0.2014022074,True
fold_local_augmented_nested,tourism_comprehensive_income_test_2021,tourism_comprehensive_income,1.7782794100,1.7782794100,2015,5,5,2014,94.0000000000,78.1937974691,18.3586200701,0.1841044541,True
fold_local_augmented_nested,tourism_comprehensive_income_test_2021,tourism_comprehensive_income,1.7782794100,1.7782794100,2017,6,7,2015,130.0000000000,110.0545030735,16.6174736746,0.1665587249,True
fold_local_augmented_nested,tourism_comprehensive_income_test_2021,tourism_comprehensive_income,1.7782794100,1.7782794100,2018,7,8,2017,142.0000000000,125.6289174957,12.2341656182,0.1224945952,True
fold_local_augmented_nested,tourism_comprehensive_income_test_2021,tourism_comprehensive_income,1.7782794100,1.7782794100,2019,8,9,2018,165.0000000000,141.0480555289,15.6524075474,0.1568448222,True
fold_local_augmented_nested,tourism_comprehensive_income_test_2021,tourism_comprehensive_income,3.1622776602,3.1622776602,2014,4,4,2013,79.0000000000,61.6115908107,24.7325403106,0.2485978371,True
fold_local_augmented_nested,tourism_comprehensive_income_test_2021,tourism_comprehensive_income,3.1622776602,3.1622776602,2015,5,5,2014,94.0000000000,74.2855088067,23.4298144066,0.2353788858,True
fold_local_augmented_nested,tourism_comprehensive_income_test_2021,tourism_comprehensive_income,3.1622776602,3.1622776602,2017,6,7,2015,130.0000000000,104.4821209997,21.7653089213,0.2185184846,True
fold_local_augmented_nested,tourism_comprehensive_income_test_2021,tourism_comprehensive_income,3.1622776602,3.1622776602,2018,7,8,2017,142.0000000000,119.5105935401,17.1996141001,0.1724220413,True
fold_local_augmented_nested,tourism_comprehensive_income_test_2021,tourism_comprehensive_income,3.1622776602,3.1622776602,2019,8,9,2018,165.0000000000,134.5090899262,20.3605907796,0.2043136940,True
fold_local_augmented_nested,tourism_comprehensive_income_test_2021,tourism_comprehensive_income,5.6234132519,5.6234132519,2014,4,4,2013,79.0000000000,58.4323581087,29.9312944554,0.3015780389,True
fold_local_augmented_nested,tourism_comprehensive_income_test_2021,tourism_comprehensive_income,5.6234132519,5.6234132519,2015,5,5,2014,94.0000000000,69.8510357147,29.4767307145,0.2969298690,True
fold_local_augmented_nested,tourism_comprehensive_income_test_2021,tourism_comprehensive_income,5.6234132519,5.6234132519,2017,6,7,2015,130.0000000000,97.5912600449,28.4797754964,0.2867465098,True
fold_local_augmented_nested,tourism_comprehensive_income_test_2021,tourism_comprehensive_income,5.6234132519,5.6234132519,2018,7,8,2017,142.0000000000,111.7013497545,23.8852889627,0.2399982679,True
fold_local_augmented_nested,tourism_comprehensive_income_test_2021,tourism_comprehensive_income,5.6234132519,5.6234132519,2019,8,9,2018,165.0000000000,125.9385193122,26.8520516157,0.2701516280,True
fold_local_augmented_nested,tourism_comprehensive_income_test_2021,tourism_comprehensive_income,10.0000000000,10.0000000000,2014,4,4,2013,79.0000000000,55.5400441429,34.8743097367,0.3523435758,True
fold_local_augmented_nested,tourism_comprehensive_income_test_2021,tourism_comprehensive_income,10.0000000000,10.0000000000,2015,5,5,2014,94.0000000000,65.5600000000,35.6480320882,0.3603290284,True
fold_local_augmented_nested,tourism_comprehensive_income_test_2021,tourism_comprehensive_income,10.0000000000,10.0000000000,2017,6,7,2015,130.0000000000,90.2661252282,36.0780621447,0.3647721963,True
fold_local_augmented_nested,tourism_comprehensive_income_test_2021,tourism_comprehensive_income,10.0000000000,10.0000000000,2018,7,8,2017,142.0000000000,103.0896417297,31.7519402254,0.3202281398,True
fold_local_augmented_nested,tourism_comprehensive_income_test_2021,tourism_comprehensive_income,10.0000000000,10.0000000000,2019,8,9,2018,165.0000000000,116.1825359615,34.7229701671,0.3507829337,True
fold_local_augmented_nested,tourism_comprehensive_income_test_2021,tourism_comprehensive_income,17.7827941004,17.7827941004,2014,4,4,2013,79.0000000000,53.2677686523,38.9092998391,0.3941164199,True
fold_local_augmented_nested,tourism_comprehensive_income_test_2021,tourism_comprehensive_income,17.7827941004,17.7827941004,2015,5,5,2014,94.0000000000,62.0018912322,41.0227190389,0.4161298939,True
fold_local_augmented_nested,tourism_comprehensive_income_test_2021,tourism_comprehensive_income,17.7827941004,17.7827941004,2017,6,7,2015,130.0000000000,83.6311064953,43.4102451327,0.4411189123,True
fold_local_augmented_nested,tourism_comprehensive_income_test_2021,tourism_comprehensive_income,17.7827941004,17.7827941004,2018,7,8,2017,142.0000000000,94.9978397332,39.6646318124,0.4019729059,True
fold_local_augmented_nested,tourism_comprehensive_income_test_2021,tourism_comprehensive_income,17.7827941004,17.7827941004,2019,8,9,2018,165.0000000000,106.7100510739,42.9059938679,0.4358301206,True
fold_local_augmented_nested,tourism_comprehensive_income_test_2021,tourism_comprehensive_income,31.6227766017,31.6227766017,2014,4,4,2013,79.0000000000,51.6797293286,41.8125608489,0.4243822305,True
fold_local_augmented_nested,tourism_comprehensive_income_test_2021,tourism_comprehensive_income,31.6227766017,31.6227766017,2015,5,5,2014,94.0000000000,59.4103435067,45.0942950817,0.4588264380,True
fold_local_augmented_nested,tourism_comprehensive_income_test_2021,tourism_comprehensive_income,31.6227766017,31.6227766017,2017,6,7,2015,130.0000000000,78.4377566119,49.4749552349,0.5052290496,True
fold_local_augmented_nested,tourism_comprehensive_income_test_2021,tourism_comprehensive_income,31.6227766017,31.6227766017,2018,7,8,2017,142.0000000000,88.4609246036,46.4626057441,0.4732661330,True
fold_local_augmented_nested,tourism_comprehensive_income_test_2021,tourism_comprehensive_income,31.6227766017,31.6227766017,2019,8,9,2018,165.0000000000,98.8314716491,50.1596931839,0.5125293809,True
fold_local_augmented_nested,tourism_comprehensive_income_test_2021,tourism_comprehensive_income,56.2341325190,56.2341325190,2014,4,4,2013,79.0000000000,50.6584790720,43.7171886187,0.4443412306,True
fold_local_augmented_nested,tourism_comprehensive_income_test_2021,tourism_comprehensive_income,56.2341325190,56.2341325190,2015,5,5,2014,94.0000000000,57.6957047870,47.8646317164,0.4881120520,True
fold_local_augmented_nested,tourism_comprehensive_income_test_2021,tourism_comprehensive_income,56.2341325190,56.2341325190,2017,6,7,2015,130.0000000000,74.8182757361,53.8835941916,0.5524722673,True
fold_local_augmented_nested,tourism_comprehensive_income_test_2021,tourism_comprehensive_income,56.2341325190,56.2341325190,2018,7,8,2017,142.0000000000,83.7950080932,51.5556055896,0.5274536212,True
fold_local_augmented_nested,tourism_comprehensive_income_test_2021,tourism_comprehensive_income,56.2341325190,56.2341325190,2019,8,9,2018,165.0000000000,93.0793387895,55.7353111240,0.5724932392,True
fold_local_augmented_nested,tourism_comprehensive_income_test_2021,tourism_comprehensive_income,100.0000000000,100.0000000000,2014,4,4,2013,79.0000000000,50.0364271923,44.8920873553,0.4566965685,True
fold_local_augmented_nested,tourism_comprehensive_income_test_2021,tourism_comprehensive_income,100.0000000000,100.0000000000,2015,5,5,2014,94.0000000000,56.6322118857,49.6146045344,0.5067168444,True
fold_local_augmented_nested,tourism_comprehensive_income_test_2021,tourism_comprehensive_income,100.0000000000,100.0000000000,2017,6,7,2015,130.0000000000,72.4949719470,56.7964996860,0.5840172435,True
fold_local_augmented_nested,tourism_comprehensive_income_test_2021,tourism_comprehensive_income,100.0000000000,100.0000000000,2018,7,8,2017,142.0000000000,80.7509137095,54.9933423577,0.5644577803,True
fold_local_augmented_nested,tourism_comprehensive_income_test_2021,tourism_comprehensive_income,100.0000000000,100.0000000000,2019,8,9,2018,165.0000000000,89.2671709331,59.5694904608,0.6143116803,True
fold_local_augmented_nested,tourism_comprehensive_income_test_2021,tourism_comprehensive_income,177.8279410039,177.8279410039,2014,4,4,2013,79.0000000000,49.6699823225,45.5895262408,0.4640470792,True
fold_local_augmented_nested,tourism_comprehensive_income_test_2021,tourism_comprehensive_income,177.8279410039,177.8279410039,2015,5,5,2014,94.0000000000,55.9988008921,50.6686705253,0.5179645044,True
fold_local_augmented_nested,tourism_comprehensive_income_test_2021,tourism_comprehensive_income,177.8279410039,177.8279410039,2017,6,7,2015,130.0000000000,71.0814910602,58.6016232813,0.6037074702,True
fold_local_augmented_nested,tourism_comprehensive_income_test_2021,tourism_comprehensive_income,177.8279410039,177.8279410039,2018,7,8,2017,142.0000000000,78.8797449314,57.1535023170,0.5879025809,True
fold_local_augmented_nested,tourism_comprehensive_income_test_2021,tourism_comprehensive_income,177.8279410039,177.8279410039,2019,8,9,2018,165.0000000000,86.9001337558,62.0085945011,0.6411859024,True
fold_local_augmented_nested,tourism_comprehensive_income_test_2021,tourism_comprehensive_income,316.2277660168,316.2277660168,2014,4,4,2013,79.0000000000,49.4583495119,45.9941305494,0.4683169611,True
fold_local_augmented_nested,tourism_comprehensive_income_test_2021,tourism_comprehensive_income,316.2277660168,316.2277660168,2015,5,5,2014,94.0000000000,55.6306195144,51.2854663172,0.5245610219,True
fold_local_augmented_nested,tourism_comprehensive_income_test_2021,tourism_comprehensive_income,316.2277660168,316.2277660168,2017,6,7,2015,130.0000000000,70.2494111101,59.6761693917,0.6154825251,True
fold_local_augmented_nested,tourism_comprehensive_income_test_2021,tourism_comprehensive_income,316.2277660168,316.2277660168,2018,7,8,2017,142.0000000000,77.7713704613,58.4504063508,0.6020536831,True
fold_local_augmented_nested,tourism_comprehensive_income_test_2021,tourism_comprehensive_income,316.2277660168,316.2277660168,2019,8,9,2018,165.0000000000,85.4894035639,63.4841995748,0.6575530406,True
fold_local_augmented_nested,tourism_comprehensive_income_test_2021,tourism_comprehensive_income,562.3413251903,562.3413251903,2014,4,4,2013,79.0000000000,49.3375221293,46.2257294336,0.4707629629,True
fold_local_augmented_nested,tourism_comprehensive_income_test_2021,tourism_comprehensive_income,562.3413251903,562.3413251903,2015,5,5,2014,94.0000000000,55.4196304394,51.6402957859,0.5283609112,True
fold_local_augmented_nested,tourism_comprehensive_income_test_2021,tourism_comprehensive_income,562.3413251903,562.3413251903,2017,6,7,2015,130.0000000000,69.7690586990,60.3005707624,0.6223438241,True
fold_local_augmented_nested,tourism_comprehensive_income_test_2021,tourism_comprehensive_income,562.3413251903,562.3413251903,2018,7,8,2017,142.0000000000,77.1291817186,59.2078314469,0.6103453568,True
fold_local_augmented_nested,tourism_comprehensive_income_test_2021,tourism_comprehensive_income,562.3413251903,562.3413251903,2019,8,9,2018,165.0000000000,84.6690706237,64.3499246227,0.6671951028,True
fold_local_augmented_nested,tourism_comprehensive_income_test_2021,tourism_comprehensive_income,1000.0000000000,1000.0000000000,2014,4,4,2013,79.0000000000,49.2689905657,46.3572829304,0.4721529639,True
fold_local_augmented_nested,tourism_comprehensive_income_test_2021,tourism_comprehensive_income,1000.0000000000,1000.0000000000,2015,5,5,2014,94.0000000000,55.2997061970,51.8424245952,0.5305271866,True
fold_local_augmented_nested,tourism_comprehensive_income_test_2021,tourism_comprehensive_income,1000.0000000000,1000.0000000000,2017,6,7,2015,130.0000000000,69.4948765569,60.6583231483,0.6262814192,True
fold_local_augmented_nested,tourism_comprehensive_income_test_2021,tourism_comprehensive_income,1000.0000000000,1000.0000000000,2018,7,8,2017,142.0000000000,76.7618551344,59.6430715268,0.6151192188,True
fold_local_augmented_nested,tourism_comprehensive_income_test_2021,tourism_comprehensive_income,1000.0000000000,1000.0000000000,2019,8,9,2018,165.0000000000,84.1988663192,64.8487169098,0.6727640169,True
fold_local_augmented_nested,tourism_comprehensive_income_test_2023,tourism_comprehensive_income,0.0001000000,0.0001000000,2014,4,4,2013,79.0000000000,71.4388255371,10.0521583254,0.1006063559,True
fold_local_augmented_nested,tourism_comprehensive_income_test_2023,tourism_comprehensive_income,0.0001000000,0.0001000000,2015,5,5,2014,94.0000000000,86.3908806673,8.4362572038,0.0844126599,True
fold_local_augmented_nested,tourism_comprehensive_income_test_2023,tourism_comprehensive_income,0.0001000000,0.0001000000,2017,6,7,2015,130.0000000000,120.4481446271,7.6278108485,0.0763151252,True
fold_local_augmented_nested,tourism_comprehensive_income_test_2023,tourism_comprehensive_income,0.0001000000,0.0001000000,2018,7,8,2017,142.0000000000,136.5969798373,3.8787356316,0.0387922202,True
fold_local_augmented_nested,tourism_comprehensive_income_test_2023,tourism_comprehensive_income,0.0001000000,0.0001000000,2019,8,9,2018,165.0000000000,152.4012131657,7.9387137237,0.0794288703,True
fold_local_augmented_nested,tourism_comprehensive_income_test_2023,tourism_comprehensive_income,0.0001000000,0.0001000000,2021,9,11,2019,110.0000000000,206.1755714066,60.8368135329,0.6282477284,True
fold_local_augmented_nested,tourism_comprehensive_income_test_2023,tourism_comprehensive_income,0.0001778279,0.0001778279,2014,4,4,2013,79.0000000000,71.4383924727,10.0527629989,0.1006124179,True
fold_local_augmented_nested,tourism_comprehensive_income_test_2023,tourism_comprehensive_income,0.0001778279,0.0001778279,2015,5,5,2014,94.0000000000,86.3903943124,8.4368191739,0.0844182896,True
fold_local_augmented_nested,tourism_comprehensive_income_test_2023,tourism_comprehensive_income,0.0001778279,0.0001778279,2017,6,7,2015,130.0000000000,120.4475741634,7.6282837783,0.0763198614,True
fold_local_augmented_nested,tourism_comprehensive_income_test_2023,tourism_comprehensive_income,0.0001778279,0.0001778279,2018,7,8,2017,142.0000000000,136.5963930879,3.8791650188,0.0387965157,True
fold_local_augmented_nested,tourism_comprehensive_income_test_2023,tourism_comprehensive_income,0.0001778279,0.0001778279,2019,8,9,2018,165.0000000000,152.4006180862,7.9391035782,0.0794327750,True
fold_local_augmented_nested,tourism_comprehensive_income_test_2023,tourism_comprehensive_income,0.0001778279,0.0001778279,2021,9,11,2019,110.0000000000,206.1753118854,60.8366993058,0.6282464696,True
fold_local_augmented_nested,tourism_comprehensive_income_test_2023,tourism_comprehensive_income,0.0003162278,0.0003162278,2014,4,4,2013,79.0000000000,71.4376224049,10.0538382277,0.1006231975,True
fold_local_augmented_nested,tourism_comprehensive_income_test_2023,tourism_comprehensive_income,0.0003162278,0.0003162278,2015,5,5,2014,94.0000000000,86.3895294748,8.4378184780,0.0844283004,True
fold_local_augmented_nested,tourism_comprehensive_income_test_2023,tourism_comprehensive_income,0.0003162278,0.0003162278,2017,6,7,2015,130.0000000000,120.4465597509,7.6291247591,0.0763282834,True
fold_local_augmented_nested,tourism_comprehensive_income_test_2023,tourism_comprehensive_income,0.0003162278,0.0003162278,2018,7,8,2017,142.0000000000,136.5953497116,3.8799285731,0.0388041542,True
fold_local_augmented_nested,tourism_comprehensive_income_test_2023,tourism_comprehensive_income,0.0003162278,0.0003162278,2019,8,9,2018,165.0000000000,152.3995598940,7.9397968354,0.0794397185,True
fold_local_augmented_nested,tourism_comprehensive_income_test_2023,tourism_comprehensive_income,0.0003162278,0.0003162278,2021,9,11,2019,110.0000000000,206.1748503737,60.8364961729,0.6282442312,True
fold_local_augmented_nested,tourism_comprehensive_income_test_2023,tourism_comprehensive_income,0.0005623413,0.0005623413,2014,4,4,2013,79.0000000000,71.4362531407,10.0557501285,0.1006423649,True
fold_local_augmented_nested,tourism_comprehensive_income_test_2023,tourism_comprehensive_income,0.0005623413,0.0005623413,2015,5,5,2014,94.0000000000,86.3879916703,8.4395954068,0.0844461014,True
fold_local_augmented_nested,tourism_comprehensive_income_test_2023,tourism_comprehensive_income,0.0005623413,0.0005623413,2017,6,7,2015,130.0000000000,120.4447559410,7.6306201925,0.0763432596,True
fold_local_augmented_nested,tourism_comprehensive_income_test_2023,tourism_comprehensive_income,0.0005623413,0.0005623413,2018,7,8,2017,142.0000000000,136.5934943863,3.8812863348,0.0388177369,True
fold_local_augmented_nested,tourism_comprehensive_income_test_2023,tourism_comprehensive_income,0.0005623413,0.0005623413,2019,8,9,2018,165.0000000000,152.3976782131,7.9410295991,0.0794520656,True
fold_local_augmented_nested,tourism_comprehensive_income_test_2023,tourism_comprehensive_income,0.0005623413,0.0005623413,2021,9,11,2019,110.0000000000,206.1740296436,60.8361349299,0.6282402504,True
fold_local_augmented_nested,tourism_comprehensive_income_test_2023,tourism_comprehensive_income,0.0010000000,0.0010000000,2014,4,4,2013,79.0000000000,71.4338186226,10.0591495273,0.1006764451,True
fold_local_augmented_nested,tourism_comprehensive_income_test_2023,tourism_comprehensive_income,0.0010000000,0.0010000000,2015,5,5,2014,94.0000000000,86.3852573980,8.4427549256,0.0844777530,True
fold_local_augmented_nested,tourism_comprehensive_income_test_2023,tourism_comprehensive_income,0.0010000000,0.0010000000,2017,6,7,2015,130.0000000000,120.4415485764,7.6332792845,0.0763698893,True
fold_local_augmented_nested,tourism_comprehensive_income_test_2023,tourism_comprehensive_income,0.0010000000,0.0010000000,2018,7,8,2017,142.0000000000,136.5901953815,3.8837006529,0.0388418892,True
fold_local_augmented_nested,tourism_comprehensive_income_test_2023,tourism_comprehensive_income,0.0010000000,0.0010000000,2019,8,9,2018,165.0000000000,152.3943323127,7.9432216671,0.0794740209,True
fold_local_augmented_nested,tourism_comprehensive_income_test_2023,tourism_comprehensive_income,0.0010000000,0.0010000000,2021,9,11,2019,110.0000000000,206.1725700507,60.8354924877,0.6282331710,True
fold_local_augmented_nested,tourism_comprehensive_income_test_2023,tourism_comprehensive_income,0.0017782794,0.0017782794,2014,4,4,2013,79.0000000000,71.4294906846,10.0651930429,0.1007370336,True
fold_local_augmented_nested,tourism_comprehensive_income_test_2023,tourism_comprehensive_income,0.0017782794,0.0017782794,2015,5,5,2014,94.0000000000,86.3803962798,8.4483723035,0.0845340271,True
fold_local_augmented_nested,tourism_comprehensive_income_test_2023,tourism_comprehensive_income,0.0017782794,0.0017782794,2017,6,7,2015,130.0000000000,120.4358459763,7.6380072400,0.0764172378,True
fold_local_augmented_nested,tourism_comprehensive_income_test_2023,tourism_comprehensive_income,0.0017782794,0.0017782794,2018,7,8,2017,142.0000000000,136.5843297207,3.8879934738,0.0388848336,True
fold_local_augmented_nested,tourism_comprehensive_income_test_2023,tourism_comprehensive_income,0.0017782794,0.0017782794,2019,8,9,2018,165.0000000000,152.3883831708,7.9471193641,0.0795130595,True
fold_local_augmented_nested,tourism_comprehensive_income_test_2023,tourism_comprehensive_income,0.0017782794,0.0017782794,2021,9,11,2019,110.0000000000,206.1699741535,60.8343498847,0.6282205800,True
fold_local_augmented_nested,tourism_comprehensive_income_test_2023,tourism_comprehensive_income,0.0031622777,0.0031622777,2014,4,4,2013,79.0000000000,71.4217985586,10.0759351557,0.1008447278,True
fold_local_augmented_nested,tourism_comprehensive_income_test_2023,tourism_comprehensive_income,0.0031622777,0.0031622777,2015,5,5,2014,94.0000000000,86.3717555896,8.4583580012,0.0846340628,True
fold_local_augmented_nested,tourism_comprehensive_income_test_2023,tourism_comprehensive_income,0.0031622777,0.0031622777,2017,6,7,2015,130.0000000000,120.4257082912,7.6464128017,0.0765014164,True
fold_local_augmented_nested,tourism_comprehensive_income_test_2023,tourism_comprehensive_income,0.0031622777,0.0031622777,2018,7,8,2017,142.0000000000,136.5739017549,3.8956256928,0.0389611847,True
fold_local_augmented_nested,tourism_comprehensive_income_test_2023,tourism_comprehensive_income,0.0031622777,0.0031622777,2019,8,9,2018,165.0000000000,152.3778064750,7.9540492546,0.0795824681,True
fold_local_augmented_nested,tourism_comprehensive_income_test_2023,tourism_comprehensive_income,0.0031622777,0.0031622777,2021,9,11,2019,110.0000000000,206.1653568697,60.8323175074,0.6281981843,True
fold_local_augmented_nested,tourism_comprehensive_income_test_2023,tourism_comprehensive_income,0.0056234133,0.0056234133,2014,4,4,2013,79.0000000000,71.4081329401,10.0950220065,0.1010360829,True
fold_local_augmented_nested,tourism_comprehensive_income_test_2023,tourism_comprehensive_income,0.0056234133,0.0056234133,2015,5,5,2014,94.0000000000,86.3564018312,8.4761040819,0.0848118423,True
fold_local_augmented_nested,tourism_comprehensive_income_test_2023,tourism_comprehensive_income,0.0056234133,0.0056234133,2017,6,7,2015,130.0000000000,120.4076905491,7.6613537147,0.0766510446,True
fold_local_augmented_nested,tourism_comprehensive_income_test_2023,tourism_comprehensive_income,0.0056234133,0.0056234133,2018,7,8,2017,142.0000000000,136.5553668248,3.9091928023,0.0390969075,True
fold_local_augmented_nested,tourism_comprehensive_income_test_2023,tourism_comprehensive_income,0.0056234133,0.0056234133,2019,8,9,2018,165.0000000000,152.3590061852,7.9663684146,0.0797058551,True
fold_local_augmented_nested,tourism_comprehensive_income_test_2023,tourism_comprehensive_income,0.0056234133,0.0056234133,2021,9,11,2019,110.0000000000,206.1571427242,60.8287017625,0.6281583409,True
fold_local_augmented_nested,tourism_comprehensive_income_test_2023,tourism_comprehensive_income,0.0100000000,0.0100000000,2014,4,4,2013,79.0000000000,71.3838730898,10.1289144291,0.1013758757,True
fold_local_augmented_nested,tourism_comprehensive_income_test_2023,tourism_comprehensive_income,0.0100000000,0.0100000000,2015,5,5,2014,94.0000000000,86.3291358228,8.5076259499,0.0851276302,True
fold_local_augmented_nested,tourism_comprehensive_income_test_2023,tourism_comprehensive_income,0.0100000000,0.0100000000,2017,6,7,2015,130.0000000000,120.3756812226,7.6879022199,0.0769169212,True
fold_local_augmented_nested,tourism_comprehensive_income_test_2023,tourism_comprehensive_income,0.0100000000,0.0100000000,2018,7,8,2017,142.0000000000,136.5224346767,3.9333027730,0.0393380999,True
fold_local_augmented_nested,tourism_comprehensive_income_test_2023,tourism_comprehensive_income,0.0100000000,0.0100000000,2019,8,9,2018,165.0000000000,152.3255993887,7.9882622995,0.0799251428,True
fold_local_augmented_nested,tourism_comprehensive_income_test_2023,tourism_comprehensive_income,0.0100000000,0.0100000000,2021,9,11,2019,110.0000000000,206.1425251944,60.8222668781,0.6280874336,True
fold_local_augmented_nested,tourism_comprehensive_income_test_2023,tourism_comprehensive_income,0.0177827941,0.0177827941,2014,4,4,2013,79.0000000000,71.3408628584,10.1890291116,0.1019785776,True
fold_local_augmented_nested,tourism_comprehensive_income_test_2023,tourism_comprehensive_income,0.0177827941,0.0177827941,2015,5,5,2014,94.0000000000,86.2807667368,8.5635682640,0.0856880742,True
fold_local_augmented_nested,tourism_comprehensive_income_test_2023,tourism_comprehensive_income,0.0177827941,0.0177827941,2017,6,7,2015,130.0000000000,120.3188583214,7.7350478054,0.0773890790,True
fold_local_augmented_nested,tourism_comprehensive_income_test_2023,tourism_comprehensive_income,0.0177827941,0.0177827941,2018,7,8,2017,142.0000000000,136.4639609290,3.9761260686,0.0397665003,True
fold_local_augmented_nested,tourism_comprehensive_income_test_2023,tourism_comprehensive_income,0.0177827941,0.0177827941,2019,8,9,2018,165.0000000000,152.2662728729,8.0271546117,0.0803146904,True
fold_local_augmented_nested,tourism_comprehensive_income_test_2023,tourism_comprehensive_income,0.0177827941,0.0177827941,2021,9,11,2019,110.0000000000,206.1164981564,60.8108078616,0.6279611682,True
fold_local_augmented_nested,tourism_comprehensive_income_test_2023,tourism_comprehensive_income,0.0316227766,0.0316227766,2014,4,4,2013,79.0000000000,71.2647888568,10.2954407377,0.1030454920,True
fold_local_augmented_nested,tourism_comprehensive_income_test_2023,tourism_comprehensive_income,0.0316227766,0.0316227766,2015,5,5,2014,94.0000000000,86.1951226207,8.6626954890,0.0866811883,True
fold_local_augmented_nested,tourism_comprehensive_income_test_2023,tourism_comprehensive_income,0.0316227766,0.0316227766,2017,6,7,2015,130.0000000000,120.2181220535,7.8186806504,0.0782266739,True
fold_local_augmented_nested,tourism_comprehensive_income_test_2023,tourism_comprehensive_income,0.0316227766,0.0316227766,2018,7,8,2017,142.0000000000,136.3602582100,4.0521170847,0.0405267167,True
fold_local_augmented_nested,tourism_comprehensive_income_test_2023,tourism_comprehensive_income,0.0316227766,0.0316227766,2019,8,9,2018,165.0000000000,152.1610263288,8.0961862306,0.0810061301,True
fold_local_augmented_nested,tourism_comprehensive_income_test_2023,tourism_comprehensive_income,0.0316227766,0.0316227766,2021,9,11,2019,110.0000000000,206.0701114389,60.7903803378,0.6277360919,True
fold_local_augmented_nested,tourism_comprehensive_income_test_2023,tourism_comprehensive_income,0.0562341325,0.0562341325,2014,4,4,2013,79.0000000000,71.1307904296,10.4831387990,0.1049275513,True
fold_local_augmented_nested,tourism_comprehensive_income_test_2023,tourism_comprehensive_income,0.0562341325,0.0562341325,2015,5,5,2014,94.0000000000,86.0439816477,8.8378609266,0.0884362022,True
fold_local_augmented_nested,tourism_comprehensive_income_test_2023,tourism_comprehensive_income,0.0562341325,0.0562341325,2017,6,7,2015,130.0000000000,120.0399609900,7.9667577699,0.0797097549,True
fold_local_augmented_nested,tourism_comprehensive_income_test_2023,tourism_comprehensive_income,0.0562341325,0.0562341325,2018,7,8,2017,142.0000000000,136.1767259761,4.1867442385,0.0418735597,True
fold_local_augmented_nested,tourism_comprehensive_income_test_2023,tourism_comprehensive_income,0.0562341325,0.0562341325,2019,8,9,2018,165.0000000000,151.9746632088,8.2185349828,0.0822316564,True
fold_local_augmented_nested,tourism_comprehensive_income_test_2023,tourism_comprehensive_income,0.0562341325,0.0562341325,2021,9,11,2019,110.0000000000,205.9873012231,60.7538979266,0.6273341565,True
fold_local_augmented_nested,tourism_comprehensive_income_test_2023,tourism_comprehensive_income,0.1000000000,0.1000000000,2014,4,4,2013,79.0000000000,70.8964777805,10.8121582835,0.1082270989,True
fold_local_augmented_nested,tourism_comprehensive_income_test_2023,tourism_comprehensive_income,0.1000000000,0.1000000000,2015,5,5,2014,94.0000000000,85.7788142588,9.1458893809,0.0915227263,True
fold_local_augmented_nested,tourism_comprehensive_income_test_2023,tourism_comprehensive_income,0.1000000000,0.1000000000,2017,6,7,2015,130.0000000000,119.7261920056,8.2280580278,0.0823270481,True
fold_local_augmented_nested,tourism_comprehensive_income_test_2023,tourism_comprehensive_income,0.1000000000,0.1000000000,2018,7,8,2017,142.0000000000,135.8531094926,4.4245612501,0.0442528328,True
fold_local_augmented_nested,tourism_comprehensive_income_test_2023,tourism_comprehensive_income,0.1000000000,0.1000000000,2019,8,9,2018,165.0000000000,151.6457476857,8.4348218233,0.0843982805,True
fold_local_augmented_nested,tourism_comprehensive_income_test_2023,tourism_comprehensive_income,0.1000000000,0.1000000000,2021,9,11,2019,110.0000000000,205.8390531128,60.6885387784,0.6266142021,True
fold_local_augmented_nested,tourism_comprehensive_income_test_2023,tourism_comprehensive_income,0.1778279410,0.1778279410,2014,4,4,2013,79.0000000000,70.4919315123,11.3826457410,0.1139495958,True
fold_local_augmented_nested,tourism_comprehensive_income_test_2023,tourism_comprehensive_income,0.1778279410,0.1778279410,2015,5,5,2014,94.0000000000,85.3183460268,9.6829512045,0.0969052744,True
fold_local_augmented_nested,tourism_comprehensive_income_test_2023,tourism_comprehensive_income,0.1778279410,0.1778279410,2017,6,7,2015,130.0000000000,119.1776751837,8.6864321279,0.0869190021,True
fold_local_augmented_nested,tourism_comprehensive_income_test_2023,tourism_comprehensive_income,0.1778279410,0.1778279410,2018,7,8,2017,142.0000000000,135.2861856202,4.8425163084,0.0484346295,True
fold_local_augmented_nested,tourism_comprehensive_income_test_2023,tourism_comprehensive_income,0.1778279410,0.1778279410,2019,8,9,2018,165.0000000000,151.0685931664,8.8154325578,0.0882114808,True
fold_local_augmented_nested,tourism_comprehensive_income_test_2023,tourism_comprehensive_income,0.1778279410,0.1778279410,2021,9,11,2019,110.0000000000,205.5724576006,60.5708485001,0.6253181977,True
fold_local_augmented_nested,tourism_comprehensive_income_test_2023,tourism_comprehensive_income,0.3162277660,0.3162277660,2014,4,4,2013,79.0000000000,69.8085744268,12.3533547829,0.1236910075,True
fold_local_augmented_nested,tourism_comprehensive_income_test_2023,tourism_comprehensive_income,0.3162277660,0.3162277660,2015,5,5,2014,94.0000000000,84.5328097064,10.6055467442,0.1061550427,True
fold_local_augmented_nested,tourism_comprehensive_income_test_2023,tourism_comprehensive_income,0.3162277660,0.3162277660,2017,6,7,2015,130.0000000000,118.2310869922,9.4822233190,0.0948933767,True
fold_local_augmented_nested,tourism_comprehensive_income_test_2023,tourism_comprehensive_income,0.3162277660,0.3162277660,2018,7,8,2017,142.0000000000,134.3042491547,5.5704904060,0.0557193153,True
fold_local_augmented_nested,tourism_comprehensive_income_test_2023,tourism_comprehensive_income,0.3162277660,0.3162277660,2019,8,9,2018,165.0000000000,150.0660723590,9.4798703835,0.0948697944,True
fold_local_augmented_nested,tourism_comprehensive_income_test_2023,tourism_comprehensive_income,0.3162277660,0.3162277660,2021,9,11,2019,110.0000000000,205.0898184944,60.3572777748,0.6229676564,True
fold_local_augmented_nested,tourism_comprehensive_income_test_2023,tourism_comprehensive_income,0.5623413252,0.5623413252,2014,4,4,2013,79.0000000000,68.6957914363,13.9532866354,0.1397599151,True
fold_local_augmented_nested,tourism_comprehensive_income_test_2023,tourism_comprehensive_income,0.5623413252,0.5623413252,2015,5,5,2014,94.0000000000,83.2324717202,12.1507398450,0.1216572255,True
fold_local_augmented_nested,tourism_comprehensive_income_test_2023,tourism_comprehensive_income,0.5623413252,0.5623413252,2017,6,7,2015,130.0000000000,116.6333773695,10.8392649633,0.1084989622,True
fold_local_augmented_nested,tourism_comprehensive_income_test_2023,tourism_comprehensive_income,0.5623413252,0.5623413252,2018,7,8,2017,142.0000000000,132.6365073278,6.8188259189,0.0682146985,True
fold_local_augmented_nested,tourism_comprehensive_income_test_2023,tourism_comprehensive_income,0.5623413252,0.5623413252,2019,8,9,2018,165.0000000000,148.3549972834,10.6237352912,0.1063374420,True
fold_local_augmented_nested,tourism_comprehensive_income_test_2023,tourism_comprehensive_income,0.5623413252,0.5623413252,2021,9,11,2019,110.0000000000,204.2087055301,59.9656876923,0.6186621714,True
fold_local_augmented_nested,tourism_comprehensive_income_test_2023,tourism_comprehensive_income,1.0000000000,1.0000000000,2014,4,4,2013,79.0000000000,66.9875674000,16.4567884977,0.1649408115,True
fold_local_augmented_nested,tourism_comprehensive_income_test_2023,tourism_comprehensive_income,1.0000000000,1.0000000000,2015,5,5,2014,94.0000000000,81.1836292000,14.6319274906,0.1465811663,True
fold_local_augmented_nested,tourism_comprehensive_income_test_2023,tourism_comprehensive_income,1.0000000000,1.0000000000,2017,6,7,2015,130.0000000000,114.0350427418,13.0841514226,0.1310286568,True
fold_local_augmented_nested,tourism_comprehensive_income_test_2023,tourism_comprehensive_income,1.0000000000,1.0000000000,2018,7,8,2017,142.0000000000,129.8961153539,8.9033156140,0.0890920393,True
fold_local_augmented_nested,tourism_comprehensive_income_test_2023,tourism_comprehensive_income,1.0000000000,1.0000000000,2019,8,9,2018,165.0000000000,145.5202838425,12.5465015789,0.1256299892,True
fold_local_augmented_nested,tourism_comprehensive_income_test_2023,tourism_comprehensive_income,1.0000000000,1.0000000000,2021,9,11,2019,110.0000000000,202.5894425103,59.2402876864,0.6107011146,True
fold_local_augmented_nested,tourism_comprehensive_income_test_2023,tourism_comprehensive_income,1.7782794100,1.7782794100,2014,4,4,2013,79.0000000000,64.5890986555,20.0724170281,0.2014022074,True
fold_local_augmented_nested,tourism_comprehensive_income_test_2023,tourism_comprehensive_income,1.7782794100,1.7782794100,2015,5,5,2014,94.0000000000,78.1937974691,18.3586200701,0.1841044541,True
fold_local_augmented_nested,tourism_comprehensive_income_test_2023,tourism_comprehensive_income,1.7782794100,1.7782794100,2017,6,7,2015,130.0000000000,110.0545030735,16.6174736746,0.1665587249,True
fold_local_augmented_nested,tourism_comprehensive_income_test_2023,tourism_comprehensive_income,1.7782794100,1.7782794100,2018,7,8,2017,142.0000000000,125.6289174957,12.2341656182,0.1224945952,True
fold_local_augmented_nested,tourism_comprehensive_income_test_2023,tourism_comprehensive_income,1.7782794100,1.7782794100,2019,8,9,2018,165.0000000000,141.0480555289,15.6524075474,0.1568448222,True
fold_local_augmented_nested,tourism_comprehensive_income_test_2023,tourism_comprehensive_income,1.7782794100,1.7782794100,2021,9,11,2019,110.0000000000,199.6265992288,57.8933460187,0.5959682519,True
fold_local_augmented_nested,tourism_comprehensive_income_test_2023,tourism_comprehensive_income,3.1622776602,3.1622776602,2014,4,4,2013,79.0000000000,61.6115908107,24.7325403106,0.2485978371,True
fold_local_augmented_nested,tourism_comprehensive_income_test_2023,tourism_comprehensive_income,3.1622776602,3.1622776602,2015,5,5,2014,94.0000000000,74.2855088067,23.4298144066,0.2353788858,True
fold_local_augmented_nested,tourism_comprehensive_income_test_2023,tourism_comprehensive_income,3.1622776602,3.1622776602,2017,6,7,2015,130.0000000000,104.4821209997,21.7653089213,0.2185184846,True
fold_local_augmented_nested,tourism_comprehensive_income_test_2023,tourism_comprehensive_income,3.1622776602,3.1622776602,2018,7,8,2017,142.0000000000,119.5105935401,17.1996141001,0.1724220413,True
fold_local_augmented_nested,tourism_comprehensive_income_test_2023,tourism_comprehensive_income,3.1622776602,3.1622776602,2019,8,9,2018,165.0000000000,134.5090899262,20.3605907796,0.2043136940,True
fold_local_augmented_nested,tourism_comprehensive_income_test_2023,tourism_comprehensive_income,3.1622776602,3.1622776602,2021,9,11,2019,110.0000000000,194.3716866620,55.4399048001,0.5692918709,True
fold_local_augmented_nested,tourism_comprehensive_income_test_2023,tourism_comprehensive_income,5.6234132519,5.6234132519,2014,4,4,2013,79.0000000000,58.4323581087,29.9312944554,0.3015780389,True
fold_local_augmented_nested,tourism_comprehensive_income_test_2023,tourism_comprehensive_income,5.6234132519,5.6234132519,2015,5,5,2014,94.0000000000,69.8510357147,29.4767307145,0.2969298690,True
fold_local_augmented_nested,tourism_comprehensive_income_test_2023,tourism_comprehensive_income,5.6234132519,5.6234132519,2017,6,7,2015,130.0000000000,97.5912600449,28.4797754964,0.2867465098,True
fold_local_augmented_nested,tourism_comprehensive_income_test_2023,tourism_comprehensive_income,5.6234132519,5.6234132519,2018,7,8,2017,142.0000000000,111.7013497545,23.8852889627,0.2399982679,True
fold_local_augmented_nested,tourism_comprehensive_income_test_2023,tourism_comprehensive_income,5.6234132519,5.6234132519,2019,8,9,2018,165.0000000000,125.9385193122,26.8520516157,0.2701516280,True
fold_local_augmented_nested,tourism_comprehensive_income_test_2023,tourism_comprehensive_income,5.6234132519,5.6234132519,2021,9,11,2019,110.0000000000,185.7223004758,51.2117620849,0.5237721841,True
fold_local_augmented_nested,tourism_comprehensive_income_test_2023,tourism_comprehensive_income,10.0000000000,10.0000000000,2014,4,4,2013,79.0000000000,55.5400441429,34.8743097367,0.3523435758,True
fold_local_augmented_nested,tourism_comprehensive_income_test_2023,tourism_comprehensive_income,10.0000000000,10.0000000000,2015,5,5,2014,94.0000000000,65.5600000000,35.6480320882,0.3603290284,True
fold_local_augmented_nested,tourism_comprehensive_income_test_2023,tourism_comprehensive_income,10.0000000000,10.0000000000,2017,6,7,2015,130.0000000000,90.2661252282,36.0780621447,0.3647721963,True
fold_local_augmented_nested,tourism_comprehensive_income_test_2023,tourism_comprehensive_income,10.0000000000,10.0000000000,2018,7,8,2017,142.0000000000,103.0896417297,31.7519402254,0.3202281398,True
fold_local_augmented_nested,tourism_comprehensive_income_test_2023,tourism_comprehensive_income,10.0000000000,10.0000000000,2019,8,9,2018,165.0000000000,116.1825359615,34.7229701671,0.3507829337,True
fold_local_augmented_nested,tourism_comprehensive_income_test_2023,tourism_comprehensive_income,10.0000000000,10.0000000000,2021,9,11,2019,110.0000000000,173.1585655818,44.6100335704,0.4537273730,True
fold_local_augmented_nested,tourism_comprehensive_income_test_2023,tourism_comprehensive_income,17.7827941004,17.7827941004,2014,4,4,2013,79.0000000000,53.2677686523,38.9092998391,0.3941164199,True
fold_local_augmented_nested,tourism_comprehensive_income_test_2023,tourism_comprehensive_income,17.7827941004,17.7827941004,2015,5,5,2014,94.0000000000,62.0018912322,41.0227190389,0.4161298939,True
fold_local_augmented_nested,tourism_comprehensive_income_test_2023,tourism_comprehensive_income,17.7827941004,17.7827941004,2017,6,7,2015,130.0000000000,83.6311064953,43.4102451327,0.4411189123,True
fold_local_augmented_nested,tourism_comprehensive_income_test_2023,tourism_comprehensive_income,17.7827941004,17.7827941004,2018,7,8,2017,142.0000000000,94.9978397332,39.6646318124,0.4019729059,True
fold_local_augmented_nested,tourism_comprehensive_income_test_2023,tourism_comprehensive_income,17.7827941004,17.7827941004,2019,8,9,2018,165.0000000000,106.7100510739,42.9059938679,0.4358301206,True
fold_local_augmented_nested,tourism_comprehensive_income_test_2023,tourism_comprehensive_income,17.7827941004,17.7827941004,2021,9,11,2019,110.0000000000,157.6937669959,35.6330799414,0.3601746030,True
fold_local_augmented_nested,tourism_comprehensive_income_test_2023,tourism_comprehensive_income,31.6227766017,31.6227766017,2014,4,4,2013,79.0000000000,51.6797293286,41.8125608489,0.4243822305,True
fold_local_augmented_nested,tourism_comprehensive_income_test_2023,tourism_comprehensive_income,31.6227766017,31.6227766017,2015,5,5,2014,94.0000000000,59.4103435067,45.0942950817,0.4588264380,True
fold_local_augmented_nested,tourism_comprehensive_income_test_2023,tourism_comprehensive_income,31.6227766017,31.6227766017,2017,6,7,2015,130.0000000000,78.4377566119,49.4749552349,0.5052290496,True
fold_local_augmented_nested,tourism_comprehensive_income_test_2023,tourism_comprehensive_income,31.6227766017,31.6227766017,2018,7,8,2017,142.0000000000,88.4609246036,46.4626057441,0.4732661330,True
fold_local_augmented_nested,tourism_comprehensive_income_test_2023,tourism_comprehensive_income,31.6227766017,31.6227766017,2019,8,9,2018,165.0000000000,98.8314716491,50.1596931839,0.5125293809,True
fold_local_augmented_nested,tourism_comprehensive_income_test_2023,tourism_comprehensive_income,31.6227766017,31.6227766017,2021,9,11,2019,110.0000000000,141.8429544160,25.2879454101,0.2542401250,True
fold_local_augmented_nested,tourism_comprehensive_income_test_2023,tourism_comprehensive_income,56.2341325190,56.2341325190,2014,4,4,2013,79.0000000000,50.6584790720,43.7171886187,0.4443412306,True
fold_local_augmented_nested,tourism_comprehensive_income_test_2023,tourism_comprehensive_income,56.2341325190,56.2341325190,2015,5,5,2014,94.0000000000,57.6957047870,47.8646317164,0.4881120520,True
fold_local_augmented_nested,tourism_comprehensive_income_test_2023,tourism_comprehensive_income,56.2341325190,56.2341325190,2017,6,7,2015,130.0000000000,74.8182757361,53.8835941916,0.5524722673,True
fold_local_augmented_nested,tourism_comprehensive_income_test_2023,tourism_comprehensive_income,56.2341325190,56.2341325190,2018,7,8,2017,142.0000000000,83.7950080932,51.5556055896,0.5274536212,True
fold_local_augmented_nested,tourism_comprehensive_income_test_2023,tourism_comprehensive_income,56.2341325190,56.2341325190,2019,8,9,2018,165.0000000000,93.0793387895,55.7353111240,0.5724932392,True
fold_local_augmented_nested,tourism_comprehensive_income_test_2023,tourism_comprehensive_income,56.2341325190,56.2341325190,2021,9,11,2019,110.0000000000,128.1857811727,15.2702492006,0.1530002613,True
fold_local_augmented_nested,tourism_comprehensive_income_test_2023,tourism_comprehensive_income,100.0000000000,100.0000000000,2014,4,4,2013,79.0000000000,50.0364271923,44.8920873553,0.4566965685,True
fold_local_augmented_nested,tourism_comprehensive_income_test_2023,tourism_comprehensive_income,100.0000000000,100.0000000000,2015,5,5,2014,94.0000000000,56.6322118857,49.6146045344,0.5067168444,True
fold_local_augmented_nested,tourism_comprehensive_income_test_2023,tourism_comprehensive_income,100.0000000000,100.0000000000,2017,6,7,2015,130.0000000000,72.4949719470,56.7964996860,0.5840172435,True
fold_local_augmented_nested,tourism_comprehensive_income_test_2023,tourism_comprehensive_income,100.0000000000,100.0000000000,2018,7,8,2017,142.0000000000,80.7509137095,54.9933423577,0.5644577803,True
fold_local_augmented_nested,tourism_comprehensive_income_test_2023,tourism_comprehensive_income,100.0000000000,100.0000000000,2019,8,9,2018,165.0000000000,89.2671709331,59.5694904608,0.6143116803,True
fold_local_augmented_nested,tourism_comprehensive_income_test_2023,tourism_comprehensive_income,100.0000000000,100.0000000000,2021,9,11,2019,110.0000000000,117.9920397550,7.0108059594,0.0701367967,True
fold_local_augmented_nested,tourism_comprehensive_income_test_2023,tourism_comprehensive_income,177.8279410039,177.8279410039,2014,4,4,2013,79.0000000000,49.6699823225,45.5895262408,0.4640470792,True
fold_local_augmented_nested,tourism_comprehensive_income_test_2023,tourism_comprehensive_income,177.8279410039,177.8279410039,2015,5,5,2014,94.0000000000,55.9988008921,50.6686705253,0.5179645044,True
fold_local_augmented_nested,tourism_comprehensive_income_test_2023,tourism_comprehensive_income,177.8279410039,177.8279410039,2017,6,7,2015,130.0000000000,71.0814910602,58.6016232813,0.6037074702,True
fold_local_augmented_nested,tourism_comprehensive_income_test_2023,tourism_comprehensive_income,177.8279410039,177.8279410039,2018,7,8,2017,142.0000000000,78.8797449314,57.1535023170,0.5879025809,True
fold_local_augmented_nested,tourism_comprehensive_income_test_2023,tourism_comprehensive_income,177.8279410039,177.8279410039,2019,8,9,2018,165.0000000000,86.9001337558,62.0085945011,0.6411859024,True
fold_local_augmented_nested,tourism_comprehensive_income_test_2023,tourism_comprehensive_income,177.8279410039,177.8279410039,2021,9,11,2019,110.0000000000,111.1451387544,1.0356445191,0.0103565378,True
fold_local_augmented_nested,tourism_comprehensive_income_test_2023,tourism_comprehensive_income,316.2277660168,316.2277660168,2014,4,4,2013,79.0000000000,49.4583495119,45.9941305494,0.4683169611,True
fold_local_augmented_nested,tourism_comprehensive_income_test_2023,tourism_comprehensive_income,316.2277660168,316.2277660168,2015,5,5,2014,94.0000000000,55.6306195144,51.2854663172,0.5245610219,True
fold_local_augmented_nested,tourism_comprehensive_income_test_2023,tourism_comprehensive_income,316.2277660168,316.2277660168,2017,6,7,2015,130.0000000000,70.2494111101,59.6761693917,0.6154825251,True
fold_local_augmented_nested,tourism_comprehensive_income_test_2023,tourism_comprehensive_income,316.2277660168,316.2277660168,2018,7,8,2017,142.0000000000,77.7713704613,58.4504063508,0.6020536831,True
fold_local_augmented_nested,tourism_comprehensive_income_test_2023,tourism_comprehensive_income,316.2277660168,316.2277660168,2019,8,9,2018,165.0000000000,85.4894035639,63.4841995748,0.6575530406,True
fold_local_augmented_nested,tourism_comprehensive_income_test_2023,tourism_comprehensive_income,316.2277660168,316.2277660168,2021,9,11,2019,110.0000000000,106.8599752573,2.8959006742,0.0289610308,True
fold_local_augmented_nested,tourism_comprehensive_income_test_2023,tourism_comprehensive_income,562.3413251903,562.3413251903,2014,4,4,2013,79.0000000000,49.3375221293,46.2257294336,0.4707629629,True
fold_local_augmented_nested,tourism_comprehensive_income_test_2023,tourism_comprehensive_income,562.3413251903,562.3413251903,2015,5,5,2014,94.0000000000,55.4196304394,51.6402957859,0.5283609112,True
fold_local_augmented_nested,tourism_comprehensive_income_test_2023,tourism_comprehensive_income,562.3413251903,562.3413251903,2017,6,7,2015,130.0000000000,69.7690586990,60.3005707624,0.6223438241,True
fold_local_augmented_nested,tourism_comprehensive_income_test_2023,tourism_comprehensive_income,562.3413251903,562.3413251903,2018,7,8,2017,142.0000000000,77.1291817186,59.2078314469,0.6103453568,True
fold_local_augmented_nested,tourism_comprehensive_income_test_2023,tourism_comprehensive_income,562.3413251903,562.3413251903,2019,8,9,2018,165.0000000000,84.6690706237,64.3499246227,0.6671951028,True
fold_local_augmented_nested,tourism_comprehensive_income_test_2023,tourism_comprehensive_income,562.3413251903,562.3413251903,2021,9,11,2019,110.0000000000,104.2942911484,5.3251151219,0.0532637402,True
fold_local_augmented_nested,tourism_comprehensive_income_test_2023,tourism_comprehensive_income,1000.0000000000,1000.0000000000,2014,4,4,2013,79.0000000000,49.2689905657,46.3572829304,0.4721529639,True
fold_local_augmented_nested,tourism_comprehensive_income_test_2023,tourism_comprehensive_income,1000.0000000000,1000.0000000000,2015,5,5,2014,94.0000000000,55.2997061970,51.8424245952,0.5305271866,True
fold_local_augmented_nested,tourism_comprehensive_income_test_2023,tourism_comprehensive_income,1000.0000000000,1000.0000000000,2017,6,7,2015,130.0000000000,69.4948765569,60.6583231483,0.6262814192,True
fold_local_augmented_nested,tourism_comprehensive_income_test_2023,tourism_comprehensive_income,1000.0000000000,1000.0000000000,2018,7,8,2017,142.0000000000,76.7618551344,59.6430715268,0.6151192188,True
fold_local_augmented_nested,tourism_comprehensive_income_test_2023,tourism_comprehensive_income,1000.0000000000,1000.0000000000,2019,8,9,2018,165.0000000000,84.1988663192,64.8487169098,0.6727640169,True
fold_local_augmented_nested,tourism_comprehensive_income_test_2023,tourism_comprehensive_income,1000.0000000000,1000.0000000000,2021,9,11,2019,110.0000000000,102.7984207216,6.7684518090,0.0677103755,True
fold_local_augmented_nested,tourist_visits_test_2015,tourist_visits,0.0001000000,0.0001000000,2014,4,4,2013,1553.4000000000,1446.9912852179,7.0929891915,0.0709596520,True
fold_local_augmented_nested,tourist_visits_test_2015,tourist_visits,0.0001778279,0.0001778279,2014,4,4,2013,1553.4000000000,1446.9845029839,7.0934573159,0.0709643392,True
fold_local_augmented_nested,tourist_visits_test_2015,tourist_visits,0.0003162278,0.0003162278,2014,4,4,2013,1553.4000000000,1446.9724429288,7.0942897321,0.0709726738,True
fold_local_augmented_nested,tourist_visits_test_2015,tourist_visits,0.0005623413,0.0005623413,2014,4,4,2013,1553.4000000000,1446.9509988424,7.0957698748,0.0709874939,True
fold_local_augmented_nested,tourist_visits_test_2015,tourist_visits,0.0010000000,0.0010000000,2014,4,4,2013,1553.4000000000,1446.9128717821,7.0984015847,0.0710138442,True
fold_local_augmented_nested,tourist_visits_test_2015,tourist_visits,0.0017782794,0.0017782794,2014,4,4,2013,1553.4000000000,1446.8450918169,7.1030802433,0.0710606898,True
fold_local_augmented_nested,tourist_visits_test_2015,tourist_visits,0.0031622777,0.0031622777,2014,4,4,2013,1553.4000000000,1446.7246252048,7.1113962333,0.0711439549,True
fold_local_augmented_nested,tourist_visits_test_2015,tourist_visits,0.0056234133,0.0056234133,2014,4,4,2013,1553.4000000000,1446.5106075491,7.1261718387,0.0712918983,True
fold_local_augmented_nested,tourist_visits_test_2015,tourist_visits,0.0100000000,0.0100000000,2014,4,4,2013,1553.4000000000,1446.1306733167,7.1524073841,0.0715545885,True
fold_local_augmented_nested,tourist_visits_test_2015,tourist_visits,0.0177827941,0.0177827941,2014,4,4,2013,1553.4000000000,1445.4570888121,7.1989366609,0.0720204810,True
fold_local_augmented_nested,tourist_visits_test_2015,tourist_visits,0.0316227766,0.0316227766,2014,4,4,2013,1553.4000000000,1444.2656916249,7.2812861474,0.0728450565,True
fold_local_augmented_nested,tourist_visits_test_2015,tourist_visits,0.0562341325,0.0562341325,2014,4,4,2013,1553.4000000000,1442.1671382973,7.4264976592,0.0742991376,True
fold_local_augmented_nested,tourist_visits_test_2015,tourist_visits,0.1000000000,0.1000000000,2014,4,4,2013,1553.4000000000,1438.4975609756,7.6809072960,0.0768468685,True
fold_local_augmented_nested,tourist_visits_test_2015,tourist_visits,0.1778279410,0.1778279410,2014,4,4,2013,1553.4000000000,1432.1619499153,8.1216234745,0.0812609213,True
fold_local_augmented_nested,tourist_visits_test_2015,tourist_visits,0.3162277660,0.3162277660,2014,4,4,2013,1553.4000000000,1421.4598744067,8.8703422120,0.0887616529,True
fold_local_augmented_nested,tourist_visits_test_2015,tourist_visits,0.5623413252,0.5623413252,2014,4,4,2013,1553.4000000000,1404.0325471093,10.1011570348,0.1010975900,True
fold_local_augmented_nested,tourist_visits_test_2015,tourist_visits,1.0000000000,1.0000000000,2014,4,4,2013,1553.4000000000,1377.2800000000,12.0190535985,0.1203355373,True
fold_local_augmented_nested,tourist_visits_test_2015,tourist_visits,1.7782794100,1.7782794100,2014,4,4,2013,1553.4000000000,1339.7175101186,14.7717808996,0.1479872986,True
fold_local_augmented_nested,tourist_visits_test_2015,tourist_visits,3.1622776602,3.1622776602,2014,4,4,2013,1553.4000000000,1293.0866717769,18.2901491023,0.1834139479,True
fold_local_augmented_nested,tourist_visits_test_2015,tourist_visits,5.6234132519,5.6234132519,2014,4,4,2013,1553.4000000000,1243.2966144859,22.1764051136,0.2226796650,True
fold_local_augmented_nested,tourist_visits_test_2015,tourist_visits,10.0000000000,10.0000000000,2014,4,4,2013,1553.4000000000,1198.0000000000,25.8341208112,0.2597925773,True
fold_local_augmented_nested,tourist_visits_test_2015,tourist_visits,17.7827941004,17.7827941004,2014,4,4,2013,1553.4000000000,1162.4138263977,28.7932972284,0.2899473491,True
fold_local_augmented_nested,tourist_visits_test_2015,tourist_visits,31.6227766017,31.6227766017,2014,4,4,2013,1553.4000000000,1137.5434956234,30.9078585301,0.3115749680,True
fold_local_augmented_nested,tourist_visits_test_2015,tourist_visits,56.2341325190,56.2341325190,2014,4,4,2013,1553.4000000000,1121.5496651763,32.2884830654,0.3257347184,True
fold_local_augmented_nested,tourist_visits_test_2015,tourist_visits,100.0000000000,100.0000000000,2014,4,4,2013,1553.4000000000,1111.8076923077,33.1375531421,0.3344588347,True
fold_local_augmented_nested,tourist_visits_test_2015,tourist_visits,177.8279410039,177.8279410039,2014,4,4,2013,1553.4000000000,1106.0687883738,33.6406438445,0.3396339802,True
fold_local_augmented_nested,tourist_visits_test_2015,tourist_visits,316.2277660168,316.2277660168,2014,4,4,2013,1553.4000000000,1102.7544006734,33.9321840035,0.3426350264,True
fold_local_augmented_nested,tourist_visits_test_2015,tourist_visits,562.3413251903,562.3413251903,2014,4,4,2013,1553.4000000000,1100.8621194640,34.0989593467,0.3443524592,True
fold_local_augmented_nested,tourist_visits_test_2015,tourist_visits,1000.0000000000,1000.0000000000,2014,4,4,2013,1553.4000000000,1099.7888446215,34.1936576658,0.3453278751,True
fold_local_augmented_nested,tourist_visits_test_2016,tourist_visits,0.0001000000,0.0001000000,2014,4,4,2013,1553.4000000000,1446.9912852179,7.0929891915,0.0709596520,True
fold_local_augmented_nested,tourist_visits_test_2016,tourist_visits,0.0001000000,0.0001000000,2015,5,5,2014,1818.7200000000,1671.5503569929,8.4331371472,0.0843814037,True
fold_local_augmented_nested,tourist_visits_test_2016,tourist_visits,0.0001778279,0.0001778279,2014,4,4,2013,1553.4000000000,1446.9845029839,7.0934573159,0.0709643392,True
fold_local_augmented_nested,tourist_visits_test_2016,tourist_visits,0.0001778279,0.0001778279,2015,5,5,2014,1818.7200000000,1671.5428523059,8.4335853156,0.0843858934,True
fold_local_augmented_nested,tourist_visits_test_2016,tourist_visits,0.0003162278,0.0003162278,2014,4,4,2013,1553.4000000000,1446.9724429288,7.0942897321,0.0709726738,True
fold_local_augmented_nested,tourist_visits_test_2016,tourist_visits,0.0003162278,0.0003162278,2015,5,5,2014,1818.7200000000,1671.5295074526,8.4343822545,0.0843938770,True
fold_local_augmented_nested,tourist_visits_test_2016,tourist_visits,0.0005623413,0.0005623413,2014,4,4,2013,1553.4000000000,1446.9509988424,7.0957698748,0.0709874939,True
fold_local_augmented_nested,tourist_visits_test_2016,tourist_visits,0.0005623413,0.0005623413,2015,5,5,2014,1818.7200000000,1671.5057783995,8.4357993406,0.0844080731,True
fold_local_augmented_nested,tourist_visits_test_2016,tourist_visits,0.0010000000,0.0010000000,2014,4,4,2013,1553.4000000000,1446.9128717821,7.0984015847,0.0710138442,True
fold_local_augmented_nested,tourist_visits_test_2016,tourist_visits,0.0010000000,0.0010000000,2015,5,5,2014,1818.7200000000,1671.4635872825,8.4383190187,0.0844333148,True
fold_local_augmented_nested,tourist_visits_test_2016,tourist_visits,0.0017782794,0.0017782794,2014,4,4,2013,1553.4000000000,1446.8450918169,7.1030802433,0.0710606898,True
fold_local_augmented_nested,tourist_visits_test_2016,tourist_visits,0.0017782794,0.0017782794,2015,5,5,2014,1818.7200000000,1671.3885779272,8.4427987716,0.0844781922,True
fold_local_augmented_nested,tourist_visits_test_2016,tourist_visits,0.0031622777,0.0031622777,2014,4,4,2013,1553.4000000000,1446.7246252048,7.1113962333,0.0711439549,True
fold_local_augmented_nested,tourist_visits_test_2016,tourist_visits,0.0031622777,0.0031622777,2015,5,5,2014,1818.7200000000,1671.2552479828,8.4507620564,0.0845579674,True
fold_local_augmented_nested,tourist_visits_test_2016,tourist_visits,0.0056234133,0.0056234133,2014,4,4,2013,1553.4000000000,1446.5106075491,7.1261718387,0.0712918983,True
fold_local_augmented_nested,tourist_visits_test_2016,tourist_visits,0.0056234133,0.0056234133,2015,5,5,2014,1818.7200000000,1671.0183322176,8.4649136251,0.0846997366,True
fold_local_augmented_nested,tourist_visits_test_2016,tourist_visits,0.0100000000,0.0100000000,2014,4,4,2013,1553.4000000000,1446.1306733167,7.1524073841,0.0715545885,True
fold_local_augmented_nested,tourist_visits_test_2016,tourist_visits,0.0100000000,0.0100000000,2015,5,5,2014,1818.7200000000,1670.5976047904,8.4900494587,0.0849515474,True
fold_local_augmented_nested,tourist_visits_test_2016,tourist_visits,0.0177827941,0.0177827941,2014,4,4,2013,1553.4000000000,1445.4570888121,7.1989366609,0.0720204810,True
fold_local_augmented_nested,tourist_visits_test_2016,tourist_visits,0.0177827941,0.0177827941,2015,5,5,2014,1818.7200000000,1669.8512468803,8.5346545955,0.0853984082,True
fold_local_augmented_nested,tourist_visits_test_2016,tourist_visits,0.0316227766,0.0316227766,2014,4,4,2013,1553.4000000000,1444.2656916249,7.2812861474,0.0728450565,True
fold_local_augmented_nested,tourist_visits_test_2016,tourist_visits,0.0316227766,0.0316227766,2015,5,5,2014,1818.7200000000,1668.5297175955,8.6136809559,0.0861901269,True
fold_local_augmented_nested,tourist_visits_test_2016,tourist_visits,0.0562341325,0.0562341325,2014,4,4,2013,1553.4000000000,1442.1671382973,7.4264976592,0.0742991376,True
fold_local_augmented_nested,tourist_visits_test_2016,tourist_visits,0.0562341325,0.0562341325,2015,5,5,2014,1818.7200000000,1666.1975407814,8.7532894213,0.0875888483,True
fold_local_augmented_nested,tourist_visits_test_2016,tourist_visits,0.1000000000,0.1000000000,2014,4,4,2013,1553.4000000000,1438.4975609756,7.6809072960,0.0768468685,True
fold_local_augmented_nested,tourist_visits_test_2016,tourist_visits,0.1000000000,0.1000000000,2015,5,5,2014,1818.7200000000,1662.1058823529,8.9986757707,0.0900475548,True
fold_local_augmented_nested,tourist_visits_test_2016,tourist_visits,0.1778279410,0.1778279410,2014,4,4,2013,1553.4000000000,1432.1619499153,8.1216234745,0.0812609213,True
fold_local_augmented_nested,tourist_visits_test_2016,tourist_visits,0.1778279410,0.1778279410,2015,5,5,2014,1818.7200000000,1655.0006393933,9.4261673636,0.0943315618,True
fold_local_augmented_nested,tourist_visits_test_2016,tourist_visits,0.3162277660,0.3162277660,2014,4,4,2013,1553.4000000000,1421.4598744067,8.8703422120,0.0887616529,True
fold_local_augmented_nested,tourist_visits_test_2016,tourist_visits,0.3162277660,0.3162277660,2015,5,5,2014,1818.7200000000,1642.8794418348,10.1594977189,0.1016824974,True
fold_local_augmented_nested,tourist_visits_test_2016,tourist_visits,0.5623413252,0.5623413252,2014,4,4,2013,1553.4000000000,1404.0325471093,10.1011570348,0.1010975900,True
fold_local_augmented_nested,tourist_visits_test_2016,tourist_visits,0.5623413252,0.5623413252,2015,5,5,2014,1818.7200000000,1622.8146106932,11.3847693815,0.1139709013,True
fold_local_augmented_nested,tourist_visits_test_2016,tourist_visits,1.0000000000,1.0000000000,2014,4,4,2013,1553.4000000000,1377.2800000000,12.0190535985,0.1203355373,True
fold_local_augmented_nested,tourist_visits_test_2016,tourist_visits,1.0000000000,1.0000000000,2015,5,5,2014,1818.7200000000,1591.2000000000,13.3445945946,0.1336445084,True
fold_local_augmented_nested,tourist_visits_test_2016,tourist_visits,1.7782794100,1.7782794100,2014,4,4,2013,1553.4000000000,1339.7175101186,14.7717808996,0.1479872986,True
fold_local_augmented_nested,tourist_visits_test_2016,tourist_visits,1.7782794100,1.7782794100,2015,5,5,2014,1818.7200000000,1545.0654800080,16.2706285296,0.1630666656,True
fold_local_augmented_nested,tourist_visits_test_2016,tourist_visits,3.1622776602,3.1622776602,2014,4,4,2013,1553.4000000000,1293.0866717769,18.2901491023,0.1834139479,True
fold_local_augmented_nested,tourist_visits_test_2016,tourist_visits,3.1622776602,3.1622776602,2015,5,5,2014,1818.7200000000,1484.7587344577,20.2187628489,0.2028806663,True
fold_local_augmented_nested,tourist_visits_test_2016,tourist_visits,5.6234132519,5.6234132519,2014,4,4,2013,1553.4000000000,1243.2966144859,22.1764051136,0.2226796650,True
fold_local_augmented_nested,tourist_visits_test_2016,tourist_visits,5.6234132519,5.6234132519,2015,5,5,2014,1818.7200000000,1416.3327138872,24.8767066073,0.2500620219,True
fold_local_augmented_nested,tourist_visits_test_2016,tourist_visits,10.0000000000,10.0000000000,2014,4,4,2013,1553.4000000000,1198.0000000000,25.8341208112,0.2597925773,True
fold_local_augmented_nested,tourist_visits_test_2016,tourist_visits,10.0000000000,10.0000000000,2015,5,5,2014,1818.7200000000,1350.1200000000,29.5754913470,0.2979394796,True
fold_local_augmented_nested,tourist_visits_test_2016,tourist_visits,17.7827941004,17.7827941004,2014,4,4,2013,1553.4000000000,1162.4138263977,28.7932972284,0.2899473491,True
fold_local_augmented_nested,tourist_visits_test_2016,tourist_visits,17.7827941004,17.7827941004,2015,5,5,2014,1818.7200000000,1295.2166961163,33.6232463901,0.3394549429,True
fold_local_augmented_nested,tourist_visits_test_2016,tourist_visits,31.6227766017,31.6227766017,2014,4,4,2013,1553.4000000000,1137.5434956234,30.9078585301,0.3115749680,True
fold_local_augmented_nested,tourist_visits_test_2016,tourist_visits,31.6227766017,31.6227766017,2015,5,5,2014,1818.7200000000,1255.2278870065,36.6624376018,0.3708158176,True
fold_local_augmented_nested,tourist_visits_test_2016,tourist_visits,56.2341325190,56.2341325190,2014,4,4,2013,1553.4000000000,1121.5496651763,32.2884830654,0.3257347184,True
fold_local_augmented_nested,tourist_visits_test_2016,tourist_visits,56.2341325190,56.2341325190,2015,5,5,2014,1818.7200000000,1228.7701992798,38.7170925675,0.3921191257,True
fold_local_augmented_nested,tourist_visits_test_2016,tourist_visits,100.0000000000,100.0000000000,2014,4,4,2013,1553.4000000000,1111.8076923077,33.1375531421,0.3344588347,True
fold_local_augmented_nested,tourist_visits_test_2016,tourist_visits,100.0000000000,100.0000000000,2015,5,5,2014,1818.7200000000,1212.3600000000,40.0095015638,0.4055640837,True
fold_local_augmented_nested,tourist_visits_test_2016,tourist_visits,177.8279410039,177.8279410039,2014,4,4,2013,1553.4000000000,1106.0687883738,33.6406438445,0.3396339802,True
fold_local_augmented_nested,tourist_visits_test_2016,tourist_visits,177.8279410039,177.8279410039,2015,5,5,2014,1818.7200000000,1202.5861682999,40.7859248536,0.4136585789,True
fold_local_augmented_nested,tourist_visits_test_2016,tourist_visits,316.2277660168,316.2277660168,2014,4,4,2013,1553.4000000000,1102.7544006734,33.9321840035,0.3426350264,True
fold_local_augmented_nested,tourist_visits_test_2016,tourist_visits,316.2277660168,316.2277660168,2015,5,5,2014,1818.7200000000,1196.9049552219,41.2395476235,0.4183939360,True
fold_local_augmented_nested,tourist_visits_test_2016,tourist_visits,562.3413251903,562.3413251903,2014,4,4,2013,1553.4000000000,1100.8621194640,34.0989593467,0.3443524592,True
fold_local_augmented_nested,tourist_visits_test_2016,tourist_visits,562.3413251903,562.3413251903,2015,5,5,2014,1818.7200000000,1193.6492938430,41.5002707294,0.4211177089,True
fold_local_augmented_nested,tourist_visits_test_2016,tourist_visits,1000.0000000000,1000.0000000000,2014,4,4,2013,1553.4000000000,1099.7888446215,34.1936576658,0.3453278751,True
fold_local_augmented_nested,tourist_visits_test_2016,tourist_visits,1000.0000000000,1000.0000000000,2015,5,5,2014,1818.7200000000,1191.7988059701,41.6487146858,0.4226691895,True
fold_local_augmented_nested,tourist_visits_test_2017,tourist_visits,0.0001000000,0.0001000000,2014,4,4,2013,1553.4000000000,1446.9912852179,7.0929891915,0.0709596520,True
fold_local_augmented_nested,tourist_visits_test_2017,tourist_visits,0.0001000000,0.0001000000,2015,5,5,2014,1818.7200000000,1671.5503569929,8.4331371472,0.0843814037,True
fold_local_augmented_nested,tourist_visits_test_2017,tourist_visits,0.0001000000,0.0001000000,2016,6,6,2015,2086.0000000000,1930.3760651767,7.7494702836,0.0775335202,True
fold_local_augmented_nested,tourist_visits_test_2017,tourist_visits,0.0001778279,0.0001778279,2014,4,4,2013,1553.4000000000,1446.9845029839,7.0934573159,0.0709643392,True
fold_local_augmented_nested,tourist_visits_test_2017,tourist_visits,0.0001778279,0.0001778279,2015,5,5,2014,1818.7200000000,1671.5428523059,8.4335853156,0.0843858934,True
fold_local_augmented_nested,tourist_visits_test_2017,tourist_visits,0.0001778279,0.0001778279,2016,6,6,2015,2086.0000000000,1930.3678144999,7.7498970557,0.0775377944,True
fold_local_augmented_nested,tourist_visits_test_2017,tourist_visits,0.0003162278,0.0003162278,2014,4,4,2013,1553.4000000000,1446.9724429288,7.0942897321,0.0709726738,True
fold_local_augmented_nested,tourist_visits_test_2017,tourist_visits,0.0003162278,0.0003162278,2015,5,5,2014,1818.7200000000,1671.5295074526,8.4343822545,0.0843938770,True
fold_local_augmented_nested,tourist_visits_test_2017,tourist_visits,0.0003162278,0.0003162278,2016,6,6,2015,2086.0000000000,1930.3531430199,7.7506559527,0.0775453947,True
fold_local_augmented_nested,tourist_visits_test_2017,tourist_visits,0.0005623413,0.0005623413,2014,4,4,2013,1553.4000000000,1446.9509988424,7.0957698748,0.0709874939,True
fold_local_augmented_nested,tourist_visits_test_2017,tourist_visits,0.0005623413,0.0005623413,2015,5,5,2014,1818.7200000000,1671.5057783995,8.4357993406,0.0844080731,True
fold_local_augmented_nested,tourist_visits_test_2017,tourist_visits,0.0005623413,0.0005623413,2016,6,6,2015,2086.0000000000,1930.3270547009,7.7520054109,0.0775589096,True
fold_local_augmented_nested,tourist_visits_test_2017,tourist_visits,0.0010000000,0.0010000000,2014,4,4,2013,1553.4000000000,1446.9128717821,7.0984015847,0.0710138442,True
fold_local_augmented_nested,tourist_visits_test_2017,tourist_visits,0.0010000000,0.0010000000,2015,5,5,2014,1818.7200000000,1671.4635872825,8.4383190187,0.0844333148,True
fold_local_augmented_nested,tourist_visits_test_2017,tourist_visits,0.0010000000,0.0010000000,2016,6,6,2015,2086.0000000000,1930.2806676665,7.7544048944,0.0775829406,True
fold_local_augmented_nested,tourist_visits_test_2017,tourist_visits,0.0017782794,0.0017782794,2014,4,4,2013,1553.4000000000,1446.8450918169,7.1030802433,0.0710606898,True
fold_local_augmented_nested,tourist_visits_test_2017,tourist_visits,0.0017782794,0.0017782794,2015,5,5,2014,1818.7200000000,1671.3885779272,8.4427987716,0.0844781922,True
fold_local_augmented_nested,tourist_visits_test_2017,tourist_visits,0.0017782794,0.0017782794,2016,6,6,2015,2086.0000000000,1930.1981952703,7.7586711190,0.0776256671,True
fold_local_augmented_nested,tourist_visits_test_2017,tourist_visits,0.0031622777,0.0031622777,2014,4,4,2013,1553.4000000000,1446.7246252048,7.1113962333,0.0711439549,True
fold_local_augmented_nested,tourist_visits_test_2017,tourist_visits,0.0031622777,0.0031622777,2015,5,5,2014,1818.7200000000,1671.2552479828,8.4507620564,0.0845579674,True
fold_local_augmented_nested,tourist_visits_test_2017,tourist_visits,0.0031622777,0.0031622777,2016,6,6,2015,2086.0000000000,1930.0515891314,7.7662553584,0.0777016239,True
fold_local_augmented_nested,tourist_visits_test_2017,tourist_visits,0.0056234133,0.0056234133,2014,4,4,2013,1553.4000000000,1446.5106075491,7.1261718387,0.0712918983,True
fold_local_augmented_nested,tourist_visits_test_2017,tourist_visits,0.0056234133,0.0056234133,2015,5,5,2014,1818.7200000000,1671.0183322176,8.4649136251,0.0846997366,True
fold_local_augmented_nested,tourist_visits_test_2017,tourist_visits,0.0056234133,0.0056234133,2016,6,6,2015,2086.0000000000,1929.7910493721,7.7797349866,0.0778366241,True
fold_local_augmented_nested,tourist_visits_test_2017,tourist_visits,0.0100000000,0.0100000000,2014,4,4,2013,1553.4000000000,1446.1306733167,7.1524073841,0.0715545885,True
fold_local_augmented_nested,tourist_visits_test_2017,tourist_visits,0.0100000000,0.0100000000,2015,5,5,2014,1818.7200000000,1670.5976047904,8.4900494587,0.0849515474,True
fold_local_augmented_nested,tourist_visits_test_2017,tourist_visits,0.0100000000,0.0100000000,2016,6,6,2015,2086.0000000000,1929.3282640044,7.8036825731,0.0780764640,True
fold_local_augmented_nested,tourist_visits_test_2017,tourist_visits,0.0177827941,0.0177827941,2014,4,4,2013,1553.4000000000,1445.4570888121,7.1989366609,0.0720204810,True
fold_local_augmented_nested,tourist_visits_test_2017,tourist_visits,0.0177827941,0.0177827941,2015,5,5,2014,1818.7200000000,1669.8512468803,8.5346545955,0.0853984082,True
fold_local_augmented_nested,tourist_visits_test_2017,tourist_visits,0.0177827941,0.0177827941,2016,6,6,2015,2086.0000000000,1928.5069651696,7.8461956199,0.0785022462,True
fold_local_augmented_nested,tourist_visits_test_2017,tourist_visits,0.0316227766,0.0316227766,2014,4,4,2013,1553.4000000000,1444.2656916249,7.2812861474,0.0728450565,True
fold_local_augmented_nested,tourist_visits_test_2017,tourist_visits,0.0316227766,0.0316227766,2015,5,5,2014,1818.7200000000,1668.5297175955,8.6136809559,0.0861901269,True
fold_local_augmented_nested,tourist_visits_test_2017,tourist_visits,0.0316227766,0.0316227766,2016,6,6,2015,2086.0000000000,1927.0517021072,7.9215674101,0.0792571371,True
fold_local_augmented_nested,tourist_visits_test_2017,tourist_visits,0.0562341325,0.0562341325,2014,4,4,2013,1553.4000000000,1442.1671382973,7.4264976592,0.0742991376,True
fold_local_augmented_nested,tourist_visits_test_2017,tourist_visits,0.0562341325,0.0562341325,2015,5,5,2014,1818.7200000000,1666.1975407814,8.7532894213,0.0875888483,True
fold_local_augmented_nested,tourist_visits_test_2017,tourist_visits,0.0562341325,0.0562341325,2016,6,6,2015,2086.0000000000,1924.4802682493,8.0548822558,0.0805924158,True
fold_local_augmented_nested,tourist_visits_test_2017,tourist_visits,0.1000000000,0.1000000000,2014,4,4,2013,1553.4000000000,1438.4975609756,7.6809072960,0.0768468685,True
fold_local_augmented_nested,tourist_visits_test_2017,tourist_visits,0.1000000000,0.1000000000,2015,5,5,2014,1818.7200000000,1662.1058823529,8.9986757707,0.0900475548,True
fold_local_augmented_nested,tourist_visits_test_2017,tourist_visits,0.1000000000,0.1000000000,2016,6,6,2015,2086.0000000000,1919.9587978142,8.2897109314,0.0829446302,True
fold_local_augmented_nested,tourist_visits_test_2017,tourist_visits,0.1778279410,0.1778279410,2014,4,4,2013,1553.4000000000,1432.1619499153,8.1216234745,0.0812609213,True
fold_local_augmented_nested,tourist_visits_test_2017,tourist_visits,0.1778279410,0.1778279410,2015,5,5,2014,1818.7200000000,1655.0006393933,9.4261673636,0.0943315618,True
fold_local_augmented_nested,tourist_visits_test_2017,tourist_visits,0.1778279410,0.1778279410,2016,6,6,2015,2086.0000000000,1912.0766142740,8.7003528199,0.0870584725,True
fold_local_augmented_nested,tourist_visits_test_2017,tourist_visits,0.3162277660,0.3162277660,2014,4,4,2013,1553.4000000000,1421.4598744067,8.8703422120,0.0887616529,True
fold_local_augmented_nested,tourist_visits_test_2017,tourist_visits,0.3162277660,0.3162277660,2015,5,5,2014,1818.7200000000,1642.8794418348,10.1594977189,0.1016824974,True
fold_local_augmented_nested,tourist_visits_test_2017,tourist_visits,0.3162277660,0.3162277660,2016,6,6,2015,2086.0000000000,1898.5397337480,9.4093811972,0.0941633271,True
fold_local_augmented_nested,tourist_visits_test_2017,tourist_visits,0.5623413252,0.5623413252,2014,4,4,2013,1553.4000000000,1404.0325471093,10.1011570348,0.1010975900,True
fold_local_augmented_nested,tourist_visits_test_2017,tourist_visits,0.5623413252,0.5623413252,2015,5,5,2014,1818.7200000000,1622.8146106932,11.3847693815,0.1139709013,True
fold_local_augmented_nested,tourist_visits_test_2017,tourist_visits,0.5623413252,0.5623413252,2016,6,6,2015,2086.0000000000,1875.8778718284,10.6071986553,0.1061716084,True
fold_local_augmented_nested,tourist_visits_test_2017,tourist_visits,1.0000000000,1.0000000000,2014,4,4,2013,1553.4000000000,1377.2800000000,12.0190535985,0.1203355373,True
fold_local_augmented_nested,tourist_visits_test_2017,tourist_visits,1.0000000000,1.0000000000,2015,5,5,2014,1818.7200000000,1591.2000000000,13.3445945946,0.1336445084,True
fold_local_augmented_nested,tourist_visits_test_2017,tourist_visits,1.0000000000,1.0000000000,2016,6,6,2015,2086.0000000000,1839.5152380952,12.5580845802,0.1257462772,True
fold_local_augmented_nested,tourist_visits_test_2017,tourist_visits,1.7782794100,1.7782794100,2014,4,4,2013,1553.4000000000,1339.7175101186,14.7717808996,0.1479872986,True
fold_local_augmented_nested,tourist_visits_test_2017,tourist_visits,1.7782794100,1.7782794100,2015,5,5,2014,1818.7200000000,1545.0654800080,16.2706285296,0.1630666656,True
fold_local_augmented_nested,tourist_visits_test_2017,tourist_visits,1.7782794100,1.7782794100,2016,6,6,2015,2086.0000000000,1784.9607346455,15.5537235323,0.1558519390,True
fold_local_augmented_nested,tourist_visits_test_2017,tourist_visits,3.1622776602,3.1622776602,2014,4,4,2013,1553.4000000000,1293.0866717769,18.2901491023,0.1834139479,True
fold_local_augmented_nested,tourist_visits_test_2017,tourist_visits,3.1622776602,3.1622776602,2015,5,5,2014,1818.7200000000,1484.7587344577,20.2187628489,0.2028806663,True
fold_local_augmented_nested,tourist_visits_test_2017,tourist_visits,3.1622776602,3.1622776602,2016,6,6,2015,2086.0000000000,1710.8424775206,19.7615531695,0.1982624305,True
fold_local_augmented_nested,tourist_visits_test_2017,tourist_visits,5.6234132519,5.6234132519,2014,4,4,2013,1553.4000000000,1243.2966144859,22.1764051136,0.2226796650,True
fold_local_augmented_nested,tourist_visits_test_2017,tourist_visits,5.6234132519,5.6234132519,2015,5,5,2014,1818.7200000000,1416.3327138872,24.8767066073,0.2500620219,True
fold_local_augmented_nested,tourist_visits_test_2017,tourist_visits,5.6234132519,5.6234132519,2016,6,6,2015,2086.0000000000,1622.6411626556,24.9880652790,0.2511931876,True
fold_local_augmented_nested,tourist_visits_test_2017,tourist_visits,10.0000000000,10.0000000000,2014,4,4,2013,1553.4000000000,1198.0000000000,25.8341208112,0.2597925773,True
fold_local_augmented_nested,tourist_visits_test_2017,tourist_visits,10.0000000000,10.0000000000,2015,5,5,2014,1818.7200000000,1350.1200000000,29.5754913470,0.2979394796,True
fold_local_augmented_nested,tourist_visits_test_2017,tourist_visits,10.0000000000,10.0000000000,2016,6,6,2015,2086.0000000000,1532.8241666667,30.5721310490,0.3081364621,True
fold_local_augmented_nested,tourist_visits_test_2017,tourist_visits,17.7827941004,17.7827941004,2014,4,4,2013,1553.4000000000,1162.4138263977,28.7932972284,0.2899473491,True
fold_local_augmented_nested,tourist_visits_test_2017,tourist_visits,17.7827941004,17.7827941004,2015,5,5,2014,1818.7200000000,1295.2166961163,33.6232463901,0.3394549429,True
fold_local_augmented_nested,tourist_visits_test_2017,tourist_visits,17.7827941004,17.7827941004,2016,6,6,2015,2086.0000000000,1454.7640262187,35.6553539918,0.3604046504,True
fold_local_augmented_nested,tourist_visits_test_2017,tourist_visits,31.6227766017,31.6227766017,2014,4,4,2013,1553.4000000000,1137.5434956234,30.9078585301,0.3115749680,True
fold_local_augmented_nested,tourist_visits_test_2017,tourist_visits,31.6227766017,31.6227766017,2015,5,5,2014,1818.7200000000,1255.2278870065,36.6624376018,0.3708158176,True
fold_local_augmented_nested,tourist_visits_test_2017,tourist_visits,31.6227766017,31.6227766017,2016,6,6,2015,2086.0000000000,1395.7305351086,39.6509412737,0.4018303973,True
fold_local_augmented_nested,tourist_visits_test_2017,tourist_visits,56.2341325190,56.2341325190,2014,4,4,2013,1553.4000000000,1121.5496651763,32.2884830654,0.3257347184,True
fold_local_augmented_nested,tourist_visits_test_2017,tourist_visits,56.2341325190,56.2341325190,2015,5,5,2014,1818.7200000000,1228.7701992798,38.7170925675,0.3921191257,True
fold_local_augmented_nested,tourist_visits_test_2017,tourist_visits,56.2341325190,56.2341325190,2016,6,6,2015,2086.0000000000,1355.6131421154,42.4444484446,0.4309945012,True
fold_local_augmented_nested,tourist_visits_test_2017,tourist_visits,100.0000000000,100.0000000000,2014,4,4,2013,1553.4000000000,1111.8076923077,33.1375531421,0.3344588347,True
fold_local_augmented_nested,tourist_visits_test_2017,tourist_visits,100.0000000000,100.0000000000,2015,5,5,2014,1818.7200000000,1212.3600000000,40.0095015638,0.4055640837,True
fold_local_augmented_nested,tourist_visits_test_2017,tourist_visits,100.0000000000,100.0000000000,2016,6,6,2015,2086.0000000000,1330.2923270440,44.2413939213,0.4498496437,True
fold_local_augmented_nested,tourist_visits_test_2017,tourist_visits,177.8279410039,177.8279410039,2014,4,4,2013,1553.4000000000,1106.0687883738,33.6406438445,0.3396339802,True
fold_local_augmented_nested,tourist_visits_test_2017,tourist_visits,177.8279410039,177.8279410039,2015,5,5,2014,1818.7200000000,1202.5861682999,40.7859248536,0.4136585789,True
fold_local_augmented_nested,tourist_visits_test_2017,tourist_visits,177.8279410039,177.8279410039,2016,6,6,2015,2086.0000000000,1315.0484724028,45.3361093706,0.4613748305,True
fold_local_augmented_nested,tourist_visits_test_2017,tourist_visits,316.2277660168,316.2277660168,2014,4,4,2013,1553.4000000000,1102.7544006734,33.9321840035,0.3426350264,True
fold_local_augmented_nested,tourist_visits_test_2017,tourist_visits,316.2277660168,316.2277660168,2015,5,5,2014,1818.7200000000,1196.9049552219,41.2395476235,0.4183939360,True
fold_local_augmented_nested,tourist_visits_test_2017,tourist_visits,316.2277660168,316.2277660168,2016,6,6,2015,2086.0000000000,1306.1310835746,45.9810601189,0.4681789605,True
fold_local_augmented_nested,tourist_visits_test_2017,tourist_visits,562.3413251903,562.3413251903,2014,4,4,2013,1553.4000000000,1100.8621194640,34.0989593467,0.3443524592,True
fold_local_augmented_nested,tourist_visits_test_2017,tourist_visits,562.3413251903,562.3413251903,2015,5,5,2014,1818.7200000000,1193.6492938430,41.5002707294,0.4211177089,True
fold_local_augmented_nested,tourist_visits_test_2017,tourist_visits,562.3413251903,562.3413251903,2016,6,6,2015,2086.0000000000,1301.0019974562,46.3535600589,0.4721136217,True
fold_local_augmented_nested,tourist_visits_test_2017,tourist_visits,1000.0000000000,1000.0000000000,2014,4,4,2013,1553.4000000000,1099.7888446215,34.1936576658,0.3453278751,True
fold_local_augmented_nested,tourist_visits_test_2017,tourist_visits,1000.0000000000,1000.0000000000,2015,5,5,2014,1818.7200000000,1191.7988059701,41.6487146858,0.4226691895,True
fold_local_augmented_nested,tourist_visits_test_2017,tourist_visits,1000.0000000000,1000.0000000000,2016,6,6,2015,2086.0000000000,1298.0805036448,46.5662383331,0.4743617189,True
fold_local_augmented_nested,tourist_visits_test_2018,tourist_visits,0.0001000000,0.0001000000,2014,4,4,2013,1553.4000000000,1446.9912852179,7.0929891915,0.0709596520,True
fold_local_augmented_nested,tourist_visits_test_2018,tourist_visits,0.0001000000,0.0001000000,2015,5,5,2014,1818.7200000000,1671.5503569929,8.4331371472,0.0843814037,True
fold_local_augmented_nested,tourist_visits_test_2018,tourist_visits,0.0001000000,0.0001000000,2016,6,6,2015,2086.0000000000,1930.3760651767,7.7494702836,0.0775335202,True
fold_local_augmented_nested,tourist_visits_test_2018,tourist_visits,0.0001000000,0.0001000000,2017,7,7,2016,2392.0000000000,2201.0400906926,8.3151858262,0.0831998189,True
fold_local_augmented_nested,tourist_visits_test_2018,tourist_visits,0.0001778279,0.0001778279,2014,4,4,2013,1553.4000000000,1446.9845029839,7.0934573159,0.0709643392,True
fold_local_augmented_nested,tourist_visits_test_2018,tourist_visits,0.0001778279,0.0001778279,2015,5,5,2014,1818.7200000000,1671.5428523059,8.4335853156,0.0843858934,True
fold_local_augmented_nested,tourist_visits_test_2018,tourist_visits,0.0001778279,0.0001778279,2016,6,6,2015,2086.0000000000,1930.3678144999,7.7498970557,0.0775377944,True
fold_local_augmented_nested,tourist_visits_test_2018,tourist_visits,0.0001778279,0.0001778279,2017,7,7,2016,2392.0000000000,2201.0312668791,8.3155860269,0.0832038279,True
fold_local_augmented_nested,tourist_visits_test_2018,tourist_visits,0.0003162278,0.0003162278,2014,4,4,2013,1553.4000000000,1446.9724429288,7.0942897321,0.0709726738,True
fold_local_augmented_nested,tourist_visits_test_2018,tourist_visits,0.0003162278,0.0003162278,2015,5,5,2014,1818.7200000000,1671.5295074526,8.4343822545,0.0843938770,True
fold_local_augmented_nested,tourist_visits_test_2018,tourist_visits,0.0003162278,0.0003162278,2016,6,6,2015,2086.0000000000,1930.3531430199,7.7506559527,0.0775453947,True
fold_local_augmented_nested,tourist_visits_test_2018,tourist_visits,0.0003162278,0.0003162278,2017,7,7,2016,2392.0000000000,2201.0155761579,8.3162976774,0.0832109567,True
fold_local_augmented_nested,tourist_visits_test_2018,tourist_visits,0.0005623413,0.0005623413,2014,4,4,2013,1553.4000000000,1446.9509988424,7.0957698748,0.0709874939,True
fold_local_augmented_nested,tourist_visits_test_2018,tourist_visits,0.0005623413,0.0005623413,2015,5,5,2014,1818.7200000000,1671.5057783995,8.4357993406,0.0844080731,True
fold_local_augmented_nested,tourist_visits_test_2018,tourist_visits,0.0005623413,0.0005623413,2016,6,6,2015,2086.0000000000,1930.3270547009,7.7520054109,0.0775589096,True
fold_local_augmented_nested,tourist_visits_test_2018,tourist_visits,0.0005623413,0.0005623413,2017,7,7,2016,2392.0000000000,2200.9876752040,8.3175631333,0.0832236332,True
fold_local_augmented_nested,tourist_visits_test_2018,tourist_visits,0.0010000000,0.0010000000,2014,4,4,2013,1553.4000000000,1446.9128717821,7.0984015847,0.0710138442,True
fold_local_augmented_nested,tourist_visits_test_2018,tourist_visits,0.0010000000,0.0010000000,2015,5,5,2014,1818.7200000000,1671.4635872825,8.4383190187,0.0844333148,True
fold_local_augmented_nested,tourist_visits_test_2018,tourist_visits,0.0010000000,0.0010000000,2016,6,6,2015,2086.0000000000,1930.2806676665,7.7544048944,0.0775829406,True
fold_local_augmented_nested,tourist_visits_test_2018,tourist_visits,0.0010000000,0.0010000000,2017,7,7,2016,2392.0000000000,2200.9380643582,8.3198132857,0.0832461737,True
fold_local_augmented_nested,tourist_visits_test_2018,tourist_visits,0.0017782794,0.0017782794,2014,4,4,2013,1553.4000000000,1446.8450918169,7.1030802433,0.0710606898,True
fold_local_augmented_nested,tourist_visits_test_2018,tourist_visits,0.0017782794,0.0017782794,2015,5,5,2014,1818.7200000000,1671.3885779272,8.4427987716,0.0844781922,True
fold_local_augmented_nested,tourist_visits_test_2018,tourist_visits,0.0017782794,0.0017782794,2016,6,6,2015,2086.0000000000,1930.1981952703,7.7586711190,0.0776256671,True
fold_local_augmented_nested,tourist_visits_test_2018,tourist_visits,0.0017782794,0.0017782794,2017,7,7,2016,2392.0000000000,2200.8498577331,8.3238141105,0.0832862513,True
fold_local_augmented_nested,tourist_visits_test_2018,tourist_visits,0.0031622777,0.0031622777,2014,4,4,2013,1553.4000000000,1446.7246252048,7.1113962333,0.0711439549,True
fold_local_augmented_nested,tourist_visits_test_2018,tourist_visits,0.0031622777,0.0031622777,2015,5,5,2014,1818.7200000000,1671.2552479828,8.4507620564,0.0845579674,True
fold_local_augmented_nested,tourist_visits_test_2018,tourist_visits,0.0031622777,0.0031622777,2016,6,6,2015,2086.0000000000,1930.0515891314,7.7662553584,0.0777016239,True
fold_local_augmented_nested,tourist_visits_test_2018,tourist_visits,0.0031622777,0.0031622777,2017,7,7,2016,2392.0000000000,2200.6930501385,8.3309268777,0.0833575025,True
fold_local_augmented_nested,tourist_visits_test_2018,tourist_visits,0.0056234133,0.0056234133,2014,4,4,2013,1553.4000000000,1446.5106075491,7.1261718387,0.0712918983,True
fold_local_augmented_nested,tourist_visits_test_2018,tourist_visits,0.0056234133,0.0056234133,2015,5,5,2014,1818.7200000000,1671.0183322176,8.4649136251,0.0846997366,True
fold_local_augmented_nested,tourist_visits_test_2018,tourist_visits,0.0056234133,0.0056234133,2016,6,6,2015,2086.0000000000,1929.7910493721,7.7797349866,0.0778366241,True
fold_local_augmented_nested,tourist_visits_test_2018,tourist_visits,0.0056234133,0.0056234133,2017,7,7,2016,2392.0000000000,2200.4143554710,8.3435696215,0.0834841501,True
fold_local_augmented_nested,tourist_visits_test_2018,tourist_visits,0.0100000000,0.0100000000,2014,4,4,2013,1553.4000000000,1446.1306733167,7.1524073841,0.0715545885,True
fold_local_augmented_nested,tourist_visits_test_2018,tourist_visits,0.0100000000,0.0100000000,2015,5,5,2014,1818.7200000000,1670.5976047904,8.4900494587,0.0849515474,True
fold_local_augmented_nested,tourist_visits_test_2018,tourist_visits,0.0100000000,0.0100000000,2016,6,6,2015,2086.0000000000,1929.3282640044,7.8036825731,0.0780764640,True
fold_local_augmented_nested,tourist_visits_test_2018,tourist_visits,0.0100000000,0.0100000000,2017,7,7,2016,2392.0000000000,2199.9192418993,8.3660338077,0.0837091846,True
fold_local_augmented_nested,tourist_visits_test_2018,tourist_visits,0.0177827941,0.0177827941,2014,4,4,2013,1553.4000000000,1445.4570888121,7.1989366609,0.0720204810,True
fold_local_augmented_nested,tourist_visits_test_2018,tourist_visits,0.0177827941,0.0177827941,2015,5,5,2014,1818.7200000000,1669.8512468803,8.5346545955,0.0853984082,True
fold_local_augmented_nested,tourist_visits_test_2018,tourist_visits,0.0177827941,0.0177827941,2016,6,6,2015,2086.0000000000,1928.5069651696,7.8461956199,0.0785022462,True
fold_local_augmented_nested,tourist_visits_test_2018,tourist_visits,0.0177827941,0.0177827941,2017,7,7,2016,2392.0000000000,2199.0403171438,8.4059241273,0.0841087904,True
fold_local_augmented_nested,tourist_visits_test_2018,tourist_visits,0.0316227766,0.0316227766,2014,4,4,2013,1553.4000000000,1444.2656916249,7.2812861474,0.0728450565,True
fold_local_augmented_nested,tourist_visits_test_2018,tourist_visits,0.0316227766,0.0316227766,2015,5,5,2014,1818.7200000000,1668.5297175955,8.6136809559,0.0861901269,True
fold_local_augmented_nested,tourist_visits_test_2018,tourist_visits,0.0316227766,0.0316227766,2016,6,6,2015,2086.0000000000,1927.0517021072,7.9215674101,0.0792571371,True
fold_local_augmented_nested,tourist_visits_test_2018,tourist_visits,0.0316227766,0.0316227766,2017,7,7,2016,2392.0000000000,2197.4821496118,8.4766796796,0.0848176086,True
fold_local_augmented_nested,tourist_visits_test_2018,tourist_visits,0.0562341325,0.0562341325,2014,4,4,2013,1553.4000000000,1442.1671382973,7.4264976592,0.0742991376,True
fold_local_augmented_nested,tourist_visits_test_2018,tourist_visits,0.0562341325,0.0562341325,2015,5,5,2014,1818.7200000000,1666.1975407814,8.7532894213,0.0875888483,True
fold_local_augmented_nested,tourist_visits_test_2018,tourist_visits,0.0562341325,0.0562341325,2016,6,6,2015,2086.0000000000,1924.4802682493,8.0548822558,0.0805924158,True
fold_local_augmented_nested,tourist_visits_test_2018,tourist_visits,0.0562341325,0.0562341325,2017,7,7,2016,2392.0000000000,2194.7263915268,8.6019348718,0.0860724481,True
fold_local_augmented_nested,tourist_visits_test_2018,tourist_visits,0.1000000000,0.1000000000,2014,4,4,2013,1553.4000000000,1438.4975609756,7.6809072960,0.0768468685,True
fold_local_augmented_nested,tourist_visits_test_2018,tourist_visits,0.1000000000,0.1000000000,2015,5,5,2014,1818.7200000000,1662.1058823529,8.9986757707,0.0900475548,True
fold_local_augmented_nested,tourist_visits_test_2018,tourist_visits,0.1000000000,0.1000000000,2016,6,6,2015,2086.0000000000,1919.9587978142,8.2897109314,0.0829446302,True
fold_local_augmented_nested,tourist_visits_test_2018,tourist_visits,0.1000000000,0.1000000000,2017,7,7,2016,2392.0000000000,2189.8730784708,8.8228948322,0.0882862490,True
fold_local_augmented_nested,tourist_visits_test_2018,tourist_visits,0.1778279410,0.1778279410,2014,4,4,2013,1553.4000000000,1432.1619499153,8.1216234745,0.0812609213,True
fold_local_augmented_nested,tourist_visits_test_2018,tourist_visits,0.1778279410,0.1778279410,2015,5,5,2014,1818.7200000000,1655.0006393933,9.4261673636,0.0943315618,True
fold_local_augmented_nested,tourist_visits_test_2018,tourist_visits,0.1778279410,0.1778279410,2016,6,6,2015,2086.0000000000,1912.0766142740,8.7003528199,0.0870584725,True
fold_local_augmented_nested,tourist_visits_test_2018,tourist_visits,0.1778279410,0.1778279410,2017,7,7,2016,2392.0000000000,2181.3887349408,9.2102936035,0.0921681277,True
fold_local_augmented_nested,tourist_visits_test_2018,tourist_visits,0.3162277660,0.3162277660,2014,4,4,2013,1553.4000000000,1421.4598744067,8.8703422120,0.0887616529,True
fold_local_augmented_nested,tourist_visits_test_2018,tourist_visits,0.3162277660,0.3162277660,2015,5,5,2014,1818.7200000000,1642.8794418348,10.1594977189,0.1016824974,True
fold_local_augmented_nested,tourist_visits_test_2018,tourist_visits,0.3162277660,0.3162277660,2016,6,6,2015,2086.0000000000,1898.5397337480,9.4093811972,0.0941633271,True
fold_local_augmented_nested,tourist_visits_test_2018,tourist_visits,0.3162277660,0.3162277660,2017,7,7,2016,2392.0000000000,2166.7471066843,9.8822280791,0.0989028224,True
fold_local_augmented_nested,tourist_visits_test_2018,tourist_visits,0.5623413252,0.5623413252,2014,4,4,2013,1553.4000000000,1404.0325471093,10.1011570348,0.1010975900,True
fold_local_augmented_nested,tourist_visits_test_2018,tourist_visits,0.5623413252,0.5623413252,2015,5,5,2014,1818.7200000000,1622.8146106932,11.3847693815,0.1139709013,True
fold_local_augmented_nested,tourist_visits_test_2018,tourist_visits,0.5623413252,0.5623413252,2016,6,6,2015,2086.0000000000,1875.8778718284,10.6071986553,0.1061716084,True
fold_local_augmented_nested,tourist_visits_test_2018,tourist_visits,0.5623413252,0.5623413252,2017,7,7,2016,2392.0000000000,2142.0340682530,11.0262043904,0.1103739593,True
fold_local_augmented_nested,tourist_visits_test_2018,tourist_visits,1.0000000000,1.0000000000,2014,4,4,2013,1553.4000000000,1377.2800000000,12.0190535985,0.1203355373,True
fold_local_augmented_nested,tourist_visits_test_2018,tourist_visits,1.0000000000,1.0000000000,2015,5,5,2014,1818.7200000000,1591.2000000000,13.3445945946,0.1336445084,True
fold_local_augmented_nested,tourist_visits_test_2018,tourist_visits,1.0000000000,1.0000000000,2016,6,6,2015,2086.0000000000,1839.5152380952,12.5580845802,0.1257462772,True
fold_local_augmented_nested,tourist_visits_test_2018,tourist_visits,1.0000000000,1.0000000000,2017,7,7,2016,2392.0000000000,2101.8435714286,12.9135081789,0.1293149853,True
fold_local_augmented_nested,tourist_visits_test_2018,tourist_visits,1.7782794100,1.7782794100,2014,4,4,2013,1553.4000000000,1339.7175101186,14.7717808996,0.1479872986,True
fold_local_augmented_nested,tourist_visits_test_2018,tourist_visits,1.7782794100,1.7782794100,2015,5,5,2014,1818.7200000000,1545.0654800080,16.2706285296,0.1630666656,True
fold_local_augmented_nested,tourist_visits_test_2018,tourist_visits,1.7782794100,1.7782794100,2016,6,6,2015,2086.0000000000,1784.9607346455,15.5537235323,0.1558519390,True
fold_local_augmented_nested,tourist_visits_test_2018,tourist_visits,1.7782794100,1.7782794100,2017,7,7,2016,2392.0000000000,2040.2734159969,15.8711591543,0.1590460098,True
fold_local_augmented_nested,tourist_visits_test_2018,tourist_visits,3.1622776602,3.1622776602,2014,4,4,2013,1553.4000000000,1293.0866717769,18.2901491023,0.1834139479,True
fold_local_augmented_nested,tourist_visits_test_2018,tourist_visits,3.1622776602,3.1622776602,2015,5,5,2014,1818.7200000000,1484.7587344577,20.2187628489,0.2028806663,True
fold_local_augmented_nested,tourist_visits_test_2018,tourist_visits,3.1622776602,3.1622776602,2016,6,6,2015,2086.0000000000,1710.8424775206,19.7615531695,0.1982624305,True
fold_local_augmented_nested,tourist_visits_test_2018,tourist_visits,3.1622776602,3.1622776602,2017,7,7,2016,2392.0000000000,1954.0809750199,20.1523638191,0.2022098427,True
fold_local_augmented_nested,tourist_visits_test_2018,tourist_visits,5.6234132519,5.6234132519,2014,4,4,2013,1553.4000000000,1243.2966144859,22.1764051136,0.2226796650,True
fold_local_augmented_nested,tourist_visits_test_2018,tourist_visits,5.6234132519,5.6234132519,2015,5,5,2014,1818.7200000000,1416.3327138872,24.8767066073,0.2500620219,True
fold_local_augmented_nested,tourist_visits_test_2018,tourist_visits,5.6234132519,5.6234132519,2016,6,6,2015,2086.0000000000,1622.6411626556,24.9880652790,0.2511931876,True
fold_local_augmented_nested,tourist_visits_test_2018,tourist_visits,5.6234132519,5.6234132519,2017,7,7,2016,2392.0000000000,1847.4945783489,25.6872800089,0.2582993968,True
fold_local_augmented_nested,tourist_visits_test_2018,tourist_visits,10.0000000000,10.0000000000,2014,4,4,2013,1553.4000000000,1198.0000000000,25.8341208112,0.2597925773,True
fold_local_augmented_nested,tourist_visits_test_2018,tourist_visits,10.0000000000,10.0000000000,2015,5,5,2014,1818.7200000000,1350.1200000000,29.5754913470,0.2979394796,True
fold_local_augmented_nested,tourist_visits_test_2018,tourist_visits,10.0000000000,10.0000000000,2016,6,6,2015,2086.0000000000,1532.8241666667,30.5721310490,0.3081364621,True
fold_local_augmented_nested,tourist_visits_test_2018,tourist_visits,10.0000000000,10.0000000000,2017,7,7,2016,2392.0000000000,1734.1909243697,31.8845680041,0.3215888575,True
fold_local_augmented_nested,tourist_visits_test_2018,tourist_visits,17.7827941004,17.7827941004,2014,4,4,2013,1553.4000000000,1162.4138263977,28.7932972284,0.2899473491,True
fold_local_augmented_nested,tourist_visits_test_2018,tourist_visits,17.7827941004,17.7827941004,2015,5,5,2014,1818.7200000000,1295.2166961163,33.6232463901,0.3394549429,True
fold_local_augmented_nested,tourist_visits_test_2018,tourist_visits,17.7827941004,17.7827941004,2016,6,6,2015,2086.0000000000,1454.7640262187,35.6553539918,0.3604046504,True
fold_local_augmented_nested,tourist_visits_test_2018,tourist_visits,17.7827941004,17.7827941004,2017,7,7,2016,2392.0000000000,1631.5618417021,37.7992529115,0.3825920949,True
fold_local_augmented_nested,tourist_visits_test_2018,tourist_visits,31.6227766017,31.6227766017,2014,4,4,2013,1553.4000000000,1137.5434956234,30.9078585301,0.3115749680,True
fold_local_augmented_nested,tourist_visits_test_2018,tourist_visits,31.6227766017,31.6227766017,2015,5,5,2014,1818.7200000000,1255.2278870065,36.6624376018,0.3708158176,True
fold_local_augmented_nested,tourist_visits_test_2018,tourist_visits,31.6227766017,31.6227766017,2016,6,6,2015,2086.0000000000,1395.7305351086,39.6509412737,0.4018303973,True
fold_local_augmented_nested,tourist_visits_test_2018,tourist_visits,31.6227766017,31.6227766017,2017,7,7,2016,2392.0000000000,1551.2321914069,42.6435861639,0.4330802588,True
fold_local_augmented_nested,tourist_visits_test_2018,tourist_visits,56.2341325190,56.2341325190,2014,4,4,2013,1553.4000000000,1121.5496651763,32.2884830654,0.3257347184,True
fold_local_augmented_nested,tourist_visits_test_2018,tourist_visits,56.2341325190,56.2341325190,2015,5,5,2014,1818.7200000000,1228.7701992798,38.7170925675,0.3921191257,True
fold_local_augmented_nested,tourist_visits_test_2018,tourist_visits,56.2341325190,56.2341325190,2016,6,6,2015,2086.0000000000,1355.6131421154,42.4444484446,0.4309945012,True
fold_local_augmented_nested,tourist_visits_test_2018,tourist_visits,56.2341325190,56.2341325190,2017,7,7,2016,2392.0000000000,1495.2468178958,46.1382167953,0.4698385473,True
fold_local_augmented_nested,tourist_visits_test_2018,tourist_visits,100.0000000000,100.0000000000,2014,4,4,2013,1553.4000000000,1111.8076923077,33.1375531421,0.3344588347,True
fold_local_augmented_nested,tourist_visits_test_2018,tourist_visits,100.0000000000,100.0000000000,2015,5,5,2014,1818.7200000000,1212.3600000000,40.0095015638,0.4055640837,True
fold_local_augmented_nested,tourist_visits_test_2018,tourist_visits,100.0000000000,100.0000000000,2016,6,6,2015,2086.0000000000,1330.2923270440,44.2413939213,0.4498496437,True
fold_local_augmented_nested,tourist_visits_test_2018,tourist_visits,100.0000000000,100.0000000000,2017,7,7,2016,2392.0000000000,1459.3104405875,48.4349196878,0.4941658129,True
fold_local_augmented_nested,tourist_visits_test_2018,tourist_visits,177.8279410039,177.8279410039,2014,4,4,2013,1553.4000000000,1106.0687883738,33.6406438445,0.3396339802,True
fold_local_augmented_nested,tourist_visits_test_2018,tourist_visits,177.8279410039,177.8279410039,2015,5,5,2014,1818.7200000000,1202.5861682999,40.7859248536,0.4136585789,True
fold_local_augmented_nested,tourist_visits_test_2018,tourist_visits,177.8279410039,177.8279410039,2016,6,6,2015,2086.0000000000,1315.0484724028,45.3361093706,0.4613748305,True
fold_local_augmented_nested,tourist_visits_test_2018,tourist_visits,177.8279410039,177.8279410039,2017,7,7,2016,2392.0000000000,1437.4470137281,49.8533069057,0.5092612031,True
fold_local_augmented_nested,tourist_visits_test_2018,tourist_visits,316.2277660168,316.2277660168,2014,4,4,2013,1553.4000000000,1102.7544006734,33.9321840035,0.3426350264,True
fold_local_augmented_nested,tourist_visits_test_2018,tourist_visits,316.2277660168,316.2277660168,2015,5,5,2014,1818.7200000000,1196.9049552219,41.2395476235,0.4183939360,True
fold_local_augmented_nested,tourist_visits_test_2018,tourist_visits,316.2277660168,316.2277660168,2016,6,6,2015,2086.0000000000,1306.1310835746,45.9810601189,0.4681789605,True
fold_local_augmented_nested,tourist_visits_test_2018,tourist_visits,316.2277660168,316.2277660168,2017,7,7,2016,2392.0000000000,1424.5765750103,50.6958739580,0.5182552069,True
fold_local_augmented_nested,tourist_visits_test_2018,tourist_visits,562.3413251903,562.3413251903,2014,4,4,2013,1553.4000000000,1100.8621194640,34.0989593467,0.3443524592,True
fold_local_augmented_nested,tourist_visits_test_2018,tourist_visits,562.3413251903,562.3413251903,2015,5,5,2014,1818.7200000000,1193.6492938430,41.5002707294,0.4211177089,True
fold_local_augmented_nested,tourist_visits_test_2018,tourist_visits,562.3413251903,562.3413251903,2016,6,6,2015,2086.0000000000,1301.0019974562,46.3535600589,0.4721136217,True
fold_local_augmented_nested,tourist_visits_test_2018,tourist_visits,562.3413251903,562.3413251903,2017,7,7,2016,2392.0000000000,1417.1465843361,51.1848727310,0.5234844338,True
fold_local_augmented_nested,tourist_visits_test_2018,tourist_visits,1000.0000000000,1000.0000000000,2014,4,4,2013,1553.4000000000,1099.7888446215,34.1936576658,0.3453278751,True
fold_local_augmented_nested,tourist_visits_test_2018,tourist_visits,1000.0000000000,1000.0000000000,2015,5,5,2014,1818.7200000000,1191.7988059701,41.6487146858,0.4226691895,True
fold_local_augmented_nested,tourist_visits_test_2018,tourist_visits,1000.0000000000,1000.0000000000,2016,6,6,2015,2086.0000000000,1298.0805036448,46.5662383331,0.4743617189,True
fold_local_augmented_nested,tourist_visits_test_2018,tourist_visits,1000.0000000000,1000.0000000000,2017,7,7,2016,2392.0000000000,1412.9055922826,51.4648463133,0.5264815483,True
fold_local_augmented_nested,tourist_visits_test_2019,tourist_visits,0.0001000000,0.0001000000,2014,4,4,2013,1553.4000000000,1446.9912852179,7.0929891915,0.0709596520,True
fold_local_augmented_nested,tourist_visits_test_2019,tourist_visits,0.0001000000,0.0001000000,2015,5,5,2014,1818.7200000000,1671.5503569929,8.4331371472,0.0843814037,True
fold_local_augmented_nested,tourist_visits_test_2019,tourist_visits,0.0001000000,0.0001000000,2016,6,6,2015,2086.0000000000,1930.3760651767,7.7494702836,0.0775335202,True
fold_local_augmented_nested,tourist_visits_test_2019,tourist_visits,0.0001000000,0.0001000000,2017,7,7,2016,2392.0000000000,2201.0400906926,8.3151858262,0.0831998189,True
fold_local_augmented_nested,tourist_visits_test_2019,tourist_visits,0.0001000000,0.0001000000,2018,8,8,2017,2660.0000000000,2494.9293727668,6.4043797808,0.0640657015,True
fold_local_augmented_nested,tourist_visits_test_2019,tourist_visits,0.0001778279,0.0001778279,2014,4,4,2013,1553.4000000000,1446.9845029839,7.0934573159,0.0709643392,True
fold_local_augmented_nested,tourist_visits_test_2019,tourist_visits,0.0001778279,0.0001778279,2015,5,5,2014,1818.7200000000,1671.5428523059,8.4335853156,0.0843858934,True
fold_local_augmented_nested,tourist_visits_test_2019,tourist_visits,0.0001778279,0.0001778279,2016,6,6,2015,2086.0000000000,1930.3678144999,7.7498970557,0.0775377944,True
fold_local_augmented_nested,tourist_visits_test_2019,tourist_visits,0.0001778279,0.0001778279,2017,7,7,2016,2392.0000000000,2201.0312668791,8.3155860269,0.0832038279,True
fold_local_augmented_nested,tourist_visits_test_2019,tourist_visits,0.0001778279,0.0001778279,2018,8,8,2017,2660.0000000000,2494.9199901908,6.4047554617,0.0640694622,True
fold_local_augmented_nested,tourist_visits_test_2019,tourist_visits,0.0003162278,0.0003162278,2014,4,4,2013,1553.4000000000,1446.9724429288,7.0942897321,0.0709726738,True
fold_local_augmented_nested,tourist_visits_test_2019,tourist_visits,0.0003162278,0.0003162278,2015,5,5,2014,1818.7200000000,1671.5295074526,8.4343822545,0.0843938770,True
fold_local_augmented_nested,tourist_visits_test_2019,tourist_visits,0.0003162278,0.0003162278,2016,6,6,2015,2086.0000000000,1930.3531430199,7.7506559527,0.0775453947,True
fold_local_augmented_nested,tourist_visits_test_2019,tourist_visits,0.0003162278,0.0003162278,2017,7,7,2016,2392.0000000000,2201.0155761579,8.3162976774,0.0832109567,True
fold_local_augmented_nested,tourist_visits_test_2019,tourist_visits,0.0003162278,0.0003162278,2018,8,8,2017,2660.0000000000,2494.9033058001,6.4054235126,0.0640761495,True
fold_local_augmented_nested,tourist_visits_test_2019,tourist_visits,0.0005623413,0.0005623413,2014,4,4,2013,1553.4000000000,1446.9509988424,7.0957698748,0.0709874939,True
fold_local_augmented_nested,tourist_visits_test_2019,tourist_visits,0.0005623413,0.0005623413,2015,5,5,2014,1818.7200000000,1671.5057783995,8.4357993406,0.0844080731,True
fold_local_augmented_nested,tourist_visits_test_2019,tourist_visits,0.0005623413,0.0005623413,2016,6,6,2015,2086.0000000000,1930.3270547009,7.7520054109,0.0775589096,True
fold_local_augmented_nested,tourist_visits_test_2019,tourist_visits,0.0005623413,0.0005623413,2017,7,7,2016,2392.0000000000,2200.9876752040,8.3175631333,0.0832236332,True
fold_local_augmented_nested,tourist_visits_test_2019,tourist_visits,0.0005623413,0.0005623413,2018,8,8,2017,2660.0000000000,2494.8736377175,6.4066114472,0.0640880411,True
fold_local_augmented_nested,tourist_visits_test_2019,tourist_visits,0.0010000000,0.0010000000,2014,4,4,2013,1553.4000000000,1446.9128717821,7.0984015847,0.0710138442,True
fold_local_augmented_nested,tourist_visits_test_2019,tourist_visits,0.0010000000,0.0010000000,2015,5,5,2014,1818.7200000000,1671.4635872825,8.4383190187,0.0844333148,True
fold_local_augmented_nested,tourist_visits_test_2019,tourist_visits,0.0010000000,0.0010000000,2016,6,6,2015,2086.0000000000,1930.2806676665,7.7544048944,0.0775829406,True
fold_local_augmented_nested,tourist_visits_test_2019,tourist_visits,0.0010000000,0.0010000000,2017,7,7,2016,2392.0000000000,2200.9380643582,8.3198132857,0.0832461737,True
fold_local_augmented_nested,tourist_visits_test_2019,tourist_visits,0.0010000000,0.0010000000,2018,8,8,2017,2660.0000000000,2494.8208840859,6.4087237803,0.0641091861,True
fold_local_augmented_nested,tourist_visits_test_2019,tourist_visits,0.0017782794,0.0017782794,2014,4,4,2013,1553.4000000000,1446.8450918169,7.1030802433,0.0710606898,True
fold_local_augmented_nested,tourist_visits_test_2019,tourist_visits,0.0017782794,0.0017782794,2015,5,5,2014,1818.7200000000,1671.3885779272,8.4427987716,0.0844781922,True
fold_local_augmented_nested,tourist_visits_test_2019,tourist_visits,0.0017782794,0.0017782794,2016,6,6,2015,2086.0000000000,1930.1981952703,7.7586711190,0.0776256671,True
fold_local_augmented_nested,tourist_visits_test_2019,tourist_visits,0.0017782794,0.0017782794,2017,7,7,2016,2392.0000000000,2200.8498577331,8.3238141105,0.0832862513,True
fold_local_augmented_nested,tourist_visits_test_2019,tourist_visits,0.0017782794,0.0017782794,2018,8,8,2017,2660.0000000000,2494.7270876444,6.4124796345,0.0641467833,True
fold_local_augmented_nested,tourist_visits_test_2019,tourist_visits,0.0031622777,0.0031622777,2014,4,4,2013,1553.4000000000,1446.7246252048,7.1113962333,0.0711439549,True
fold_local_augmented_nested,tourist_visits_test_2019,tourist_visits,0.0031622777,0.0031622777,2015,5,5,2014,1818.7200000000,1671.2552479828,8.4507620564,0.0845579674,True
fold_local_augmented_nested,tourist_visits_test_2019,tourist_visits,0.0031622777,0.0031622777,2016,6,6,2015,2086.0000000000,1930.0515891314,7.7662553584,0.0777016239,True
fold_local_augmented_nested,tourist_visits_test_2019,tourist_visits,0.0031622777,0.0031622777,2017,7,7,2016,2392.0000000000,2200.6930501385,8.3309268777,0.0833575025,True
fold_local_augmented_nested,tourist_visits_test_2019,tourist_visits,0.0031622777,0.0031622777,2018,8,8,2017,2660.0000000000,2494.5603364283,6.4191571259,0.0642136270,True
fold_local_augmented_nested,tourist_visits_test_2019,tourist_visits,0.0056234133,0.0056234133,2014,4,4,2013,1553.4000000000,1446.5106075491,7.1261718387,0.0712918983,True
fold_local_augmented_nested,tourist_visits_test_2019,tourist_visits,0.0056234133,0.0056234133,2015,5,5,2014,1818.7200000000,1671.0183322176,8.4649136251,0.0846997366,True
fold_local_augmented_nested,tourist_visits_test_2019,tourist_visits,0.0056234133,0.0056234133,2016,6,6,2015,2086.0000000000,1929.7910493721,7.7797349866,0.0778366241,True
fold_local_augmented_nested,tourist_visits_test_2019,tourist_visits,0.0056234133,0.0056234133,2017,7,7,2016,2392.0000000000,2200.4143554710,8.3435696215,0.0834841501,True
fold_local_augmented_nested,tourist_visits_test_2019,tourist_visits,0.0056234133,0.0056234133,2018,8,8,2017,2660.0000000000,2494.2639485990,6.4310269344,0.0643324477,True
fold_local_augmented_nested,tourist_visits_test_2019,tourist_visits,0.0100000000,0.0100000000,2014,4,4,2013,1553.4000000000,1446.1306733167,7.1524073841,0.0715545885,True
fold_local_augmented_nested,tourist_visits_test_2019,tourist_visits,0.0100000000,0.0100000000,2015,5,5,2014,1818.7200000000,1670.5976047904,8.4900494587,0.0849515474,True
fold_local_augmented_nested,tourist_visits_test_2019,tourist_visits,0.0100000000,0.0100000000,2016,6,6,2015,2086.0000000000,1929.3282640044,7.8036825731,0.0780764640,True
fold_local_augmented_nested,tourist_visits_test_2019,tourist_visits,0.0100000000,0.0100000000,2017,7,7,2016,2392.0000000000,2199.9192418993,8.3660338077,0.0837091846,True
fold_local_augmented_nested,tourist_visits_test_2019,tourist_visits,0.0100000000,0.0100000000,2018,8,8,2017,2660.0000000000,2493.7373381487,6.4521201195,0.0645435986,True
fold_local_augmented_nested,tourist_visits_test_2019,tourist_visits,0.0177827941,0.0177827941,2014,4,4,2013,1553.4000000000,1445.4570888121,7.1989366609,0.0720204810,True
fold_local_augmented_nested,tourist_visits_test_2019,tourist_visits,0.0177827941,0.0177827941,2015,5,5,2014,1818.7200000000,1669.8512468803,8.5346545955,0.0853984082,True
fold_local_augmented_nested,tourist_visits_test_2019,tourist_visits,0.0177827941,0.0177827941,2016,6,6,2015,2086.0000000000,1928.5069651696,7.8461956199,0.0785022462,True
fold_local_augmented_nested,tourist_visits_test_2019,tourist_visits,0.0177827941,0.0177827941,2017,7,7,2016,2392.0000000000,2199.0403171438,8.4059241273,0.0841087904,True
fold_local_augmented_nested,tourist_visits_test_2019,tourist_visits,0.0177827941,0.0177827941,2018,8,8,2017,2660.0000000000,2492.8022978186,6.4895834351,0.0649186243,True
fold_local_augmented_nested,tourist_visits_test_2019,tourist_visits,0.0316227766,0.0316227766,2014,4,4,2013,1553.4000000000,1444.2656916249,7.2812861474,0.0728450565,True
fold_local_augmented_nested,tourist_visits_test_2019,tourist_visits,0.0316227766,0.0316227766,2015,5,5,2014,1818.7200000000,1668.5297175955,8.6136809559,0.0861901269,True
fold_local_augmented_nested,tourist_visits_test_2019,tourist_visits,0.0316227766,0.0316227766,2016,6,6,2015,2086.0000000000,1927.0517021072,7.9215674101,0.0792571371,True
fold_local_augmented_nested,tourist_visits_test_2019,tourist_visits,0.0316227766,0.0316227766,2017,7,7,2016,2392.0000000000,2197.4821496118,8.4766796796,0.0848176086,True
fold_local_augmented_nested,tourist_visits_test_2019,tourist_visits,0.0316227766,0.0316227766,2018,8,8,2017,2660.0000000000,2491.1440113512,6.5560577719,0.0655840755,True
fold_local_augmented_nested,tourist_visits_test_2019,tourist_visits,0.0562341325,0.0562341325,2014,4,4,2013,1553.4000000000,1442.1671382973,7.4264976592,0.0742991376,True
fold_local_augmented_nested,tourist_visits_test_2019,tourist_visits,0.0562341325,0.0562341325,2015,5,5,2014,1818.7200000000,1666.1975407814,8.7532894213,0.0875888483,True
fold_local_augmented_nested,tourist_visits_test_2019,tourist_visits,0.0562341325,0.0562341325,2016,6,6,2015,2086.0000000000,1924.4802682493,8.0548822558,0.0805924158,True
fold_local_augmented_nested,tourist_visits_test_2019,tourist_visits,0.0562341325,0.0562341325,2017,7,7,2016,2392.0000000000,2194.7263915268,8.6019348718,0.0860724481,True
fold_local_augmented_nested,tourist_visits_test_2019,tourist_visits,0.0562341325,0.0562341325,2018,8,8,2017,2660.0000000000,2488.2091893634,6.6738084766,0.0667628721,True
fold_local_augmented_nested,tourist_visits_test_2019,tourist_visits,0.1000000000,0.1000000000,2014,4,4,2013,1553.4000000000,1438.4975609756,7.6809072960,0.0768468685,True
fold_local_augmented_nested,tourist_visits_test_2019,tourist_visits,0.1000000000,0.1000000000,2015,5,5,2014,1818.7200000000,1662.1058823529,8.9986757707,0.0900475548,True
fold_local_augmented_nested,tourist_visits_test_2019,tourist_visits,0.1000000000,0.1000000000,2016,6,6,2015,2086.0000000000,1919.9587978142,8.2897109314,0.0829446302,True
fold_local_augmented_nested,tourist_visits_test_2019,tourist_visits,0.1000000000,0.1000000000,2017,7,7,2016,2392.0000000000,2189.8730784708,8.8228948322,0.0882862490,True
fold_local_augmented_nested,tourist_visits_test_2019,tourist_visits,0.1000000000,0.1000000000,2018,8,8,2017,2660.0000000000,2483.0343121693,6.8817618973,0.0688447975,True
fold_local_augmented_nested,tourist_visits_test_2019,tourist_visits,0.1778279410,0.1778279410,2014,4,4,2013,1553.4000000000,1432.1619499153,8.1216234745,0.0812609213,True
fold_local_augmented_nested,tourist_visits_test_2019,tourist_visits,0.1778279410,0.1778279410,2015,5,5,2014,1818.7200000000,1655.0006393933,9.4261673636,0.0943315618,True
fold_local_augmented_nested,tourist_visits_test_2019,tourist_visits,0.1778279410,0.1778279410,2016,6,6,2015,2086.0000000000,1912.0766142740,8.7003528199,0.0870584725,True
fold_local_augmented_nested,tourist_visits_test_2019,tourist_visits,0.1778279410,0.1778279410,2017,7,7,2016,2392.0000000000,2181.3887349408,9.2102936035,0.0921681277,True
fold_local_augmented_nested,tourist_visits_test_2019,tourist_visits,0.1778279410,0.1778279410,2018,8,8,2017,2660.0000000000,2473.9687621523,7.2470732280,0.0725024754,True
fold_local_augmented_nested,tourist_visits_test_2019,tourist_visits,0.3162277660,0.3162277660,2014,4,4,2013,1553.4000000000,1421.4598744067,8.8703422120,0.0887616529,True
fold_local_augmented_nested,tourist_visits_test_2019,tourist_visits,0.3162277660,0.3162277660,2015,5,5,2014,1818.7200000000,1642.8794418348,10.1594977189,0.1016824974,True
fold_local_augmented_nested,tourist_visits_test_2019,tourist_visits,0.3162277660,0.3162277660,2016,6,6,2015,2086.0000000000,1898.5397337480,9.4093811972,0.0941633271,True
fold_local_augmented_nested,tourist_visits_test_2019,tourist_visits,0.3162277660,0.3162277660,2017,7,7,2016,2392.0000000000,2166.7471066843,9.8822280791,0.0989028224,True
fold_local_augmented_nested,tourist_visits_test_2019,tourist_visits,0.3162277660,0.3162277660,2018,8,8,2017,2660.0000000000,2458.2668406496,7.8828699492,0.0788695575,True
fold_local_augmented_nested,tourist_visits_test_2019,tourist_visits,0.5623413252,0.5623413252,2014,4,4,2013,1553.4000000000,1404.0325471093,10.1011570348,0.1010975900,True
fold_local_augmented_nested,tourist_visits_test_2019,tourist_visits,0.5623413252,0.5623413252,2015,5,5,2014,1818.7200000000,1622.8146106932,11.3847693815,0.1139709013,True
fold_local_augmented_nested,tourist_visits_test_2019,tourist_visits,0.5623413252,0.5623413252,2016,6,6,2015,2086.0000000000,1875.8778718284,10.6071986553,0.1061716084,True
fold_local_augmented_nested,tourist_visits_test_2019,tourist_visits,0.5623413252,0.5623413252,2017,7,7,2016,2392.0000000000,2142.0340682530,11.0262043904,0.1103739593,True
fold_local_augmented_nested,tourist_visits_test_2019,tourist_visits,0.5623413252,0.5623413252,2018,8,8,2017,2660.0000000000,2431.5983624217,8.9717067734,0.0897773194,True
fold_local_augmented_nested,tourist_visits_test_2019,tourist_visits,1.0000000000,1.0000000000,2014,4,4,2013,1553.4000000000,1377.2800000000,12.0190535985,0.1203355373,True
fold_local_augmented_nested,tourist_visits_test_2019,tourist_visits,1.0000000000,1.0000000000,2015,5,5,2014,1818.7200000000,1591.2000000000,13.3445945946,0.1336445084,True
fold_local_augmented_nested,tourist_visits_test_2019,tourist_visits,1.0000000000,1.0000000000,2016,6,6,2015,2086.0000000000,1839.5152380952,12.5580845802,0.1257462772,True
fold_local_augmented_nested,tourist_visits_test_2019,tourist_visits,1.0000000000,1.0000000000,2017,7,7,2016,2392.0000000000,2101.8435714286,12.9135081789,0.1293149853,True
fold_local_augmented_nested,tourist_visits_test_2019,tourist_visits,1.0000000000,1.0000000000,2018,8,8,2017,2660.0000000000,2387.7773809524,10.7858409158,0.1079631557,True
fold_local_augmented_nested,tourist_visits_test_2019,tourist_visits,1.7782794100,1.7782794100,2014,4,4,2013,1553.4000000000,1339.7175101186,14.7717808996,0.1479872986,True
fold_local_augmented_nested,tourist_visits_test_2019,tourist_visits,1.7782794100,1.7782794100,2015,5,5,2014,1818.7200000000,1545.0654800080,16.2706285296,0.1630666656,True
fold_local_augmented_nested,tourist_visits_test_2019,tourist_visits,1.7782794100,1.7782794100,2016,6,6,2015,2086.0000000000,1784.9607346455,15.5537235323,0.1558519390,True
fold_local_augmented_nested,tourist_visits_test_2019,tourist_visits,1.7782794100,1.7782794100,2017,7,7,2016,2392.0000000000,2040.2734159969,15.8711591543,0.1590460098,True
fold_local_augmented_nested,tourist_visits_test_2019,tourist_visits,1.7782794100,1.7782794100,2018,8,8,2017,2660.0000000000,2319.5415956892,13.6742869908,0.1369565447,True
fold_local_augmented_nested,tourist_visits_test_2019,tourist_visits,3.1622776602,3.1622776602,2014,4,4,2013,1553.4000000000,1293.0866717769,18.2901491023,0.1834139479,True
fold_local_augmented_nested,tourist_visits_test_2019,tourist_visits,3.1622776602,3.1622776602,2015,5,5,2014,1818.7200000000,1484.7587344577,20.2187628489,0.2028806663,True
fold_local_augmented_nested,tourist_visits_test_2019,tourist_visits,3.1622776602,3.1622776602,2016,6,6,2015,2086.0000000000,1710.8424775206,19.7615531695,0.1982624305,True
fold_local_augmented_nested,tourist_visits_test_2019,tourist_visits,3.1622776602,3.1622776602,2017,7,7,2016,2392.0000000000,1954.0809750199,20.1523638191,0.2022098427,True
fold_local_augmented_nested,tourist_visits_test_2019,tourist_visits,3.1622776602,3.1622776602,2018,8,8,2017,2660.0000000000,2221.7048762579,17.9566415772,0.1800512594,True
fold_local_augmented_nested,tourist_visits_test_2019,tourist_visits,5.6234132519,5.6234132519,2014,4,4,2013,1553.4000000000,1243.2966144859,22.1764051136,0.2226796650,True
fold_local_augmented_nested,tourist_visits_test_2019,tourist_visits,5.6234132519,5.6234132519,2015,5,5,2014,1818.7200000000,1416.3327138872,24.8767066073,0.2500620219,True
fold_local_augmented_nested,tourist_visits_test_2019,tourist_visits,5.6234132519,5.6234132519,2016,6,6,2015,2086.0000000000,1622.6411626556,24.9880652790,0.2511931876,True
fold_local_augmented_nested,tourist_visits_test_2019,tourist_visits,5.6234132519,5.6234132519,2017,7,7,2016,2392.0000000000,1847.4945783489,25.6872800089,0.2582993968,True
fold_local_augmented_nested,tourist_visits_test_2019,tourist_visits,5.6234132519,5.6234132519,2018,8,8,2017,2660.0000000000,2096.8290444507,23.6784189756,0.2378998981,True
fold_local_augmented_nested,tourist_visits_test_2019,tourist_visits,10.0000000000,10.0000000000,2014,4,4,2013,1553.4000000000,1198.0000000000,25.8341208112,0.2597925773,True
fold_local_augmented_nested,tourist_visits_test_2019,tourist_visits,10.0000000000,10.0000000000,2015,5,5,2014,1818.7200000000,1350.1200000000,29.5754913470,0.2979394796,True
fold_local_augmented_nested,tourist_visits_test_2019,tourist_visits,10.0000000000,10.0000000000,2016,6,6,2015,2086.0000000000,1532.8241666667,30.5721310490,0.3081364621,True
fold_local_augmented_nested,tourist_visits_test_2019,tourist_visits,10.0000000000,10.0000000000,2017,7,7,2016,2392.0000000000,1734.1909243697,31.8845680041,0.3215888575,True
fold_local_augmented_nested,tourist_visits_test_2019,tourist_visits,10.0000000000,10.0000000000,2018,8,8,2017,2660.0000000000,1959.1211904762,30.3468465373,0.3058301223,True
fold_local_augmented_nested,tourist_visits_test_2019,tourist_visits,17.7827941004,17.7827941004,2014,4,4,2013,1553.4000000000,1162.4138263977,28.7932972284,0.2899473491,True
fold_local_augmented_nested,tourist_visits_test_2019,tourist_visits,17.7827941004,17.7827941004,2015,5,5,2014,1818.7200000000,1295.2166961163,33.6232463901,0.3394549429,True
fold_local_augmented_nested,tourist_visits_test_2019,tourist_visits,17.7827941004,17.7827941004,2016,6,6,2015,2086.0000000000,1454.7640262187,35.6553539918,0.3604046504,True
fold_local_augmented_nested,tourist_visits_test_2019,tourist_visits,17.7827941004,17.7827941004,2017,7,7,2016,2392.0000000000,1631.5618417021,37.7992529115,0.3825920949,True
fold_local_augmented_nested,tourist_visits_test_2019,tourist_visits,17.7827941004,17.7827941004,2018,8,8,2017,2660.0000000000,1829.7270349264,36.9854540650,0.3741593283,True
fold_local_augmented_nested,tourist_visits_test_2019,tourist_visits,31.6227766017,31.6227766017,2014,4,4,2013,1553.4000000000,1137.5434956234,30.9078585301,0.3115749680,True
fold_local_augmented_nested,tourist_visits_test_2019,tourist_visits,31.6227766017,31.6227766017,2015,5,5,2014,1818.7200000000,1255.2278870065,36.6624376018,0.3708158176,True
fold_local_augmented_nested,tourist_visits_test_2019,tourist_visits,31.6227766017,31.6227766017,2016,6,6,2015,2086.0000000000,1395.7305351086,39.6509412737,0.4018303973,True
fold_local_augmented_nested,tourist_visits_test_2019,tourist_visits,31.6227766017,31.6227766017,2017,7,7,2016,2392.0000000000,1551.2321914069,42.6435861639,0.4330802588,True
fold_local_augmented_nested,tourist_visits_test_2019,tourist_visits,31.6227766017,31.6227766017,2018,8,8,2017,2660.0000000000,1725.1967197413,42.6344969224,0.4329850384,True
fold_local_augmented_nested,tourist_visits_test_2019,tourist_visits,56.2341325190,56.2341325190,2014,4,4,2013,1553.4000000000,1121.5496651763,32.2884830654,0.3257347184,True
fold_local_augmented_nested,tourist_visits_test_2019,tourist_visits,56.2341325190,56.2341325190,2015,5,5,2014,1818.7200000000,1228.7701992798,38.7170925675,0.3921191257,True
fold_local_augmented_nested,tourist_visits_test_2019,tourist_visits,56.2341325190,56.2341325190,2016,6,6,2015,2086.0000000000,1355.6131421154,42.4444484446,0.4309945012,True
fold_local_augmented_nested,tourist_visits_test_2019,tourist_visits,56.2341325190,56.2341325190,2017,7,7,2016,2392.0000000000,1495.2468178958,46.1382167953,0.4698385473,True
fold_local_augmented_nested,tourist_visits_test_2019,tourist_visits,56.2341325190,56.2341325190,2018,8,8,2017,2660.0000000000,1650.5851156766,46.8342397719,0.4771962822,True
fold_local_augmented_nested,tourist_visits_test_2019,tourist_visits,100.0000000000,100.0000000000,2014,4,4,2013,1553.4000000000,1111.8076923077,33.1375531421,0.3344588347,True
fold_local_augmented_nested,tourist_visits_test_2019,tourist_visits,100.0000000000,100.0000000000,2015,5,5,2014,1818.7200000000,1212.3600000000,40.0095015638,0.4055640837,True
fold_local_augmented_nested,tourist_visits_test_2019,tourist_visits,100.0000000000,100.0000000000,2016,6,6,2015,2086.0000000000,1330.2923270440,44.2413939213,0.4498496437,True
fold_local_augmented_nested,tourist_visits_test_2019,tourist_visits,100.0000000000,100.0000000000,2017,7,7,2016,2392.0000000000,1459.3104405875,48.4349196878,0.4941658129,True
fold_local_augmented_nested,tourist_visits_test_2019,tourist_visits,100.0000000000,100.0000000000,2018,8,8,2017,2660.0000000000,1601.9076984127,49.6534592704,0.5071308923,True
fold_local_augmented_nested,tourist_visits_test_2019,tourist_visits,177.8279410039,177.8279410039,2014,4,4,2013,1553.4000000000,1106.0687883738,33.6406438445,0.3396339802,True
fold_local_augmented_nested,tourist_visits_test_2019,tourist_visits,177.8279410039,177.8279410039,2015,5,5,2014,1818.7200000000,1202.5861682999,40.7859248536,0.4136585789,True
fold_local_augmented_nested,tourist_visits_test_2019,tourist_visits,177.8279410039,177.8279410039,2016,6,6,2015,2086.0000000000,1315.0484724028,45.3361093706,0.4613748305,True
fold_local_augmented_nested,tourist_visits_test_2019,tourist_visits,177.8279410039,177.8279410039,2017,7,7,2016,2392.0000000000,1437.4470137281,49.8533069057,0.5092612031,True
fold_local_augmented_nested,tourist_visits_test_2019,tourist_visits,177.8279410039,177.8279410039,2018,8,8,2017,2660.0000000000,1571.9862663224,51.4185852792,0.5259861653,True
fold_local_augmented_nested,tourist_visits_test_2019,tourist_visits,316.2277660168,316.2277660168,2014,4,4,2013,1553.4000000000,1102.7544006734,33.9321840035,0.3426350264,True
fold_local_augmented_nested,tourist_visits_test_2019,tourist_visits,316.2277660168,316.2277660168,2015,5,5,2014,1818.7200000000,1196.9049552219,41.2395476235,0.4183939360,True
fold_local_augmented_nested,tourist_visits_test_2019,tourist_visits,316.2277660168,316.2277660168,2016,6,6,2015,2086.0000000000,1306.1310835746,45.9810601189,0.4681789605,True
fold_local_augmented_nested,tourist_visits_test_2019,tourist_visits,316.2277660168,316.2277660168,2017,7,7,2016,2392.0000000000,1424.5765750103,50.6958739580,0.5182552069,True
fold_local_augmented_nested,tourist_visits_test_2019,tourist_visits,316.2277660168,316.2277660168,2018,8,8,2017,2660.0000000000,1554.2625035987,52.4759668130,0.5373249639,True
fold_local_augmented_nested,tourist_visits_test_2019,tourist_visits,562.3413251903,562.3413251903,2014,4,4,2013,1553.4000000000,1100.8621194640,34.0989593467,0.3443524592,True
fold_local_augmented_nested,tourist_visits_test_2019,tourist_visits,562.3413251903,562.3413251903,2015,5,5,2014,1818.7200000000,1193.6492938430,41.5002707294,0.4211177089,True
fold_local_augmented_nested,tourist_visits_test_2019,tourist_visits,562.3413251903,562.3413251903,2016,6,6,2015,2086.0000000000,1301.0019974562,46.3535600589,0.4721136217,True
fold_local_augmented_nested,tourist_visits_test_2019,tourist_visits,562.3413251903,562.3413251903,2017,7,7,2016,2392.0000000000,1417.1465843361,51.1848727310,0.5234844338,True
fold_local_augmented_nested,tourist_visits_test_2019,tourist_visits,562.3413251903,562.3413251903,2018,8,8,2017,2660.0000000000,1543.9934102480,53.0926897759,0.5439539392,True
fold_local_augmented_nested,tourist_visits_test_2019,tourist_visits,1000.0000000000,1000.0000000000,2014,4,4,2013,1553.4000000000,1099.7888446215,34.1936576658,0.3453278751,True
fold_local_augmented_nested,tourist_visits_test_2019,tourist_visits,1000.0000000000,1000.0000000000,2015,5,5,2014,1818.7200000000,1191.7988059701,41.6487146858,0.4226691895,True
fold_local_augmented_nested,tourist_visits_test_2019,tourist_visits,1000.0000000000,1000.0000000000,2016,6,6,2015,2086.0000000000,1298.0805036448,46.5662383331,0.4743617189,True
fold_local_augmented_nested,tourist_visits_test_2019,tourist_visits,1000.0000000000,1000.0000000000,2017,7,7,2016,2392.0000000000,1412.9055922826,51.4648463133,0.5264815483,True
fold_local_augmented_nested,tourist_visits_test_2019,tourist_visits,1000.0000000000,1000.0000000000,2018,8,8,2017,2660.0000000000,1538.1195748299,53.4468066082,0.5477655078,True
fold_local_augmented_nested,tourist_visits_test_2023,tourist_visits,0.0001000000,0.0001000000,2014,4,4,2013,1553.4000000000,1446.9912852179,7.0929891915,0.0709596520,True
fold_local_augmented_nested,tourist_visits_test_2023,tourist_visits,0.0001000000,0.0001000000,2015,5,5,2014,1818.7200000000,1671.5503569929,8.4331371472,0.0843814037,True
fold_local_augmented_nested,tourist_visits_test_2023,tourist_visits,0.0001000000,0.0001000000,2016,6,6,2015,2086.0000000000,1930.3760651767,7.7494702836,0.0775335202,True
fold_local_augmented_nested,tourist_visits_test_2023,tourist_visits,0.0001000000,0.0001000000,2017,7,7,2016,2392.0000000000,2201.0400906926,8.3151858262,0.0831998189,True
fold_local_augmented_nested,tourist_visits_test_2023,tourist_visits,0.0001000000,0.0001000000,2018,8,8,2017,2660.0000000000,2494.9293727668,6.4043797808,0.0640657015,True
fold_local_augmented_nested,tourist_visits_test_2023,tourist_visits,0.0001000000,0.0001000000,2019,9,9,2018,2800.0000000000,2782.6163705835,0.6227771447,0.0062277916,True
fold_local_augmented_nested,tourist_visits_test_2023,tourist_visits,0.0001778279,0.0001778279,2014,4,4,2013,1553.4000000000,1446.9845029839,7.0934573159,0.0709643392,True
fold_local_augmented_nested,tourist_visits_test_2023,tourist_visits,0.0001778279,0.0001778279,2015,5,5,2014,1818.7200000000,1671.5428523059,8.4335853156,0.0843858934,True
fold_local_augmented_nested,tourist_visits_test_2023,tourist_visits,0.0001778279,0.0001778279,2016,6,6,2015,2086.0000000000,1930.3678144999,7.7498970557,0.0775377944,True
fold_local_augmented_nested,tourist_visits_test_2023,tourist_visits,0.0001778279,0.0001778279,2017,7,7,2016,2392.0000000000,2201.0312668791,8.3155860269,0.0832038279,True
fold_local_augmented_nested,tourist_visits_test_2023,tourist_visits,0.0001778279,0.0001778279,2018,8,8,2017,2660.0000000000,2494.9199901908,6.4047554617,0.0640694622,True
fold_local_augmented_nested,tourist_visits_test_2023,tourist_visits,0.0001778279,0.0001778279,2019,9,9,2018,2800.0000000000,2782.6066280367,0.6231272637,0.0062312928,True
fold_local_augmented_nested,tourist_visits_test_2023,tourist_visits,0.0003162278,0.0003162278,2014,4,4,2013,1553.4000000000,1446.9724429288,7.0942897321,0.0709726738,True
fold_local_augmented_nested,tourist_visits_test_2023,tourist_visits,0.0003162278,0.0003162278,2015,5,5,2014,1818.7200000000,1671.5295074526,8.4343822545,0.0843938770,True
fold_local_augmented_nested,tourist_visits_test_2023,tourist_visits,0.0003162278,0.0003162278,2016,6,6,2015,2086.0000000000,1930.3531430199,7.7506559527,0.0775453947,True
fold_local_augmented_nested,tourist_visits_test_2023,tourist_visits,0.0003162278,0.0003162278,2017,7,7,2016,2392.0000000000,2201.0155761579,8.3162976774,0.0832109567,True
fold_local_augmented_nested,tourist_visits_test_2023,tourist_visits,0.0003162278,0.0003162278,2018,8,8,2017,2660.0000000000,2494.9033058001,6.4054235126,0.0640761495,True
fold_local_augmented_nested,tourist_visits_test_2023,tourist_visits,0.0003162278,0.0003162278,2019,9,9,2018,2800.0000000000,2782.5893034826,0.6237498613,0.0062375188,True
fold_local_augmented_nested,tourist_visits_test_2023,tourist_visits,0.0005623413,0.0005623413,2014,4,4,2013,1553.4000000000,1446.9509988424,7.0957698748,0.0709874939,True
fold_local_augmented_nested,tourist_visits_test_2023,tourist_visits,0.0005623413,0.0005623413,2015,5,5,2014,1818.7200000000,1671.5057783995,8.4357993406,0.0844080731,True
fold_local_augmented_nested,tourist_visits_test_2023,tourist_visits,0.0005623413,0.0005623413,2016,6,6,2015,2086.0000000000,1930.3270547009,7.7520054109,0.0775589096,True
fold_local_augmented_nested,tourist_visits_test_2023,tourist_visits,0.0005623413,0.0005623413,2017,7,7,2016,2392.0000000000,2200.9876752040,8.3175631333,0.0832236332,True
fold_local_augmented_nested,tourist_visits_test_2023,tourist_visits,0.0005623413,0.0005623413,2018,8,8,2017,2660.0000000000,2494.8736377175,6.4066114472,0.0640880411,True
fold_local_augmented_nested,tourist_visits_test_2023,tourist_visits,0.0005623413,0.0005623413,2019,9,9,2018,2800.0000000000,2782.5584969008,0.6248569758,0.0062485901,True
fold_local_augmented_nested,tourist_visits_test_2023,tourist_visits,0.0010000000,0.0010000000,2014,4,4,2013,1553.4000000000,1446.9128717821,7.0984015847,0.0710138442,True
fold_local_augmented_nested,tourist_visits_test_2023,tourist_visits,0.0010000000,0.0010000000,2015,5,5,2014,1818.7200000000,1671.4635872825,8.4383190187,0.0844333148,True
fold_local_augmented_nested,tourist_visits_test_2023,tourist_visits,0.0010000000,0.0010000000,2016,6,6,2015,2086.0000000000,1930.2806676665,7.7544048944,0.0775829406,True
fold_local_augmented_nested,tourist_visits_test_2023,tourist_visits,0.0010000000,0.0010000000,2017,7,7,2016,2392.0000000000,2200.9380643582,8.3198132857,0.0832461737,True
fold_local_augmented_nested,tourist_visits_test_2023,tourist_visits,0.0010000000,0.0010000000,2018,8,8,2017,2660.0000000000,2494.8208840859,6.4087237803,0.0641091861,True
fold_local_augmented_nested,tourist_visits_test_2023,tourist_visits,0.0010000000,0.0010000000,2019,9,9,2018,2800.0000000000,2782.5037183523,0.6268256155,0.0062682767,True
fold_local_augmented_nested,tourist_visits_test_2023,tourist_visits,0.0017782794,0.0017782794,2014,4,4,2013,1553.4000000000,1446.8450918169,7.1030802433,0.0710606898,True
fold_local_augmented_nested,tourist_visits_test_2023,tourist_visits,0.0017782794,0.0017782794,2015,5,5,2014,1818.7200000000,1671.3885779272,8.4427987716,0.0844781922,True
fold_local_augmented_nested,tourist_visits_test_2023,tourist_visits,0.0017782794,0.0017782794,2016,6,6,2015,2086.0000000000,1930.1981952703,7.7586711190,0.0776256671,True
fold_local_augmented_nested,tourist_visits_test_2023,tourist_visits,0.0017782794,0.0017782794,2017,7,7,2016,2392.0000000000,2200.8498577331,8.3238141105,0.0832862513,True
fold_local_augmented_nested,tourist_visits_test_2023,tourist_visits,0.0017782794,0.0017782794,2018,8,8,2017,2660.0000000000,2494.7270876444,6.4124796345,0.0641467833,True
fold_local_augmented_nested,tourist_visits_test_2023,tourist_visits,0.0017782794,0.0017782794,2019,9,9,2018,2800.0000000000,2782.4063199455,0.6303260295,0.0063032812,True
fold_local_augmented_nested,tourist_visits_test_2023,tourist_visits,0.0031622777,0.0031622777,2014,4,4,2013,1553.4000000000,1446.7246252048,7.1113962333,0.0711439549,True
fold_local_augmented_nested,tourist_visits_test_2023,tourist_visits,0.0031622777,0.0031622777,2015,5,5,2014,1818.7200000000,1671.2552479828,8.4507620564,0.0845579674,True
fold_local_augmented_nested,tourist_visits_test_2023,tourist_visits,0.0031622777,0.0031622777,2016,6,6,2015,2086.0000000000,1930.0515891314,7.7662553584,0.0777016239,True
fold_local_augmented_nested,tourist_visits_test_2023,tourist_visits,0.0031622777,0.0031622777,2017,7,7,2016,2392.0000000000,2200.6930501385,8.3309268777,0.0833575025,True
fold_local_augmented_nested,tourist_visits_test_2023,tourist_visits,0.0031622777,0.0031622777,2018,8,8,2017,2660.0000000000,2494.5603364283,6.4191571259,0.0642136270,True
fold_local_augmented_nested,tourist_visits_test_2023,tourist_visits,0.0031622777,0.0031622777,2019,9,9,2018,2800.0000000000,2782.2331599618,0.6365495503,0.0063655170,True
fold_local_augmented_nested,tourist_visits_test_2023,tourist_visits,0.0056234133,0.0056234133,2014,4,4,2013,1553.4000000000,1446.5106075491,7.1261718387,0.0712918983,True
fold_local_augmented_nested,tourist_visits_test_2023,tourist_visits,0.0056234133,0.0056234133,2015,5,5,2014,1818.7200000000,1671.0183322176,8.4649136251,0.0846997366,True
fold_local_augmented_nested,tourist_visits_test_2023,tourist_visits,0.0056234133,0.0056234133,2016,6,6,2015,2086.0000000000,1929.7910493721,7.7797349866,0.0778366241,True
fold_local_augmented_nested,tourist_visits_test_2023,tourist_visits,0.0056234133,0.0056234133,2017,7,7,2016,2392.0000000000,2200.4143554710,8.3435696215,0.0834841501,True
fold_local_augmented_nested,tourist_visits_test_2023,tourist_visits,0.0056234133,0.0056234133,2018,8,8,2017,2660.0000000000,2494.2639485990,6.4310269344,0.0643324477,True
fold_local_augmented_nested,tourist_visits_test_2023,tourist_visits,0.0056234133,0.0056234133,2019,9,9,2018,2800.0000000000,2781.9253646037,0.6476129370,0.0064761520,True
fold_local_augmented_nested,tourist_visits_test_2023,tourist_visits,0.0100000000,0.0100000000,2014,4,4,2013,1553.4000000000,1446.1306733167,7.1524073841,0.0715545885,True
fold_local_augmented_nested,tourist_visits_test_2023,tourist_visits,0.0100000000,0.0100000000,2015,5,5,2014,1818.7200000000,1670.5976047904,8.4900494587,0.0849515474,True
fold_local_augmented_nested,tourist_visits_test_2023,tourist_visits,0.0100000000,0.0100000000,2016,6,6,2015,2086.0000000000,1929.3282640044,7.8036825731,0.0780764640,True
fold_local_augmented_nested,tourist_visits_test_2023,tourist_visits,0.0100000000,0.0100000000,2017,7,7,2016,2392.0000000000,2199.9192418993,8.3660338077,0.0837091846,True
fold_local_augmented_nested,tourist_visits_test_2023,tourist_visits,0.0100000000,0.0100000000,2018,8,8,2017,2660.0000000000,2493.7373381487,6.4521201195,0.0645435986,True
fold_local_augmented_nested,tourist_visits_test_2023,tourist_visits,0.0100000000,0.0100000000,2019,9,9,2018,2800.0000000000,2781.3784338389,0.6672748097,0.0066727729,True
fold_local_augmented_nested,tourist_visits_test_2023,tourist_visits,0.0177827941,0.0177827941,2014,4,4,2013,1553.4000000000,1445.4570888121,7.1989366609,0.0720204810,True
fold_local_augmented_nested,tourist_visits_test_2023,tourist_visits,0.0177827941,0.0177827941,2015,5,5,2014,1818.7200000000,1669.8512468803,8.5346545955,0.0853984082,True
fold_local_augmented_nested,tourist_visits_test_2023,tourist_visits,0.0177827941,0.0177827941,2016,6,6,2015,2086.0000000000,1928.5069651696,7.8461956199,0.0785022462,True
fold_local_augmented_nested,tourist_visits_test_2023,tourist_visits,0.0177827941,0.0177827941,2017,7,7,2016,2392.0000000000,2199.0403171438,8.4059241273,0.0841087904,True
fold_local_augmented_nested,tourist_visits_test_2023,tourist_visits,0.0177827941,0.0177827941,2018,8,8,2017,2660.0000000000,2492.8022978186,6.4895834351,0.0649186243,True
fold_local_augmented_nested,tourist_visits_test_2023,tourist_visits,0.0177827941,0.0177827941,2019,9,9,2018,2800.0000000000,2780.4071495480,0.7022014676,0.0070220435,True
fold_local_augmented_nested,tourist_visits_test_2023,tourist_visits,0.0316227766,0.0316227766,2014,4,4,2013,1553.4000000000,1444.2656916249,7.2812861474,0.0728450565,True
fold_local_augmented_nested,tourist_visits_test_2023,tourist_visits,0.0316227766,0.0316227766,2015,5,5,2014,1818.7200000000,1668.5297175955,8.6136809559,0.0861901269,True
fold_local_augmented_nested,tourist_visits_test_2023,tourist_visits,0.0316227766,0.0316227766,2016,6,6,2015,2086.0000000000,1927.0517021072,7.9215674101,0.0792571371,True
fold_local_augmented_nested,tourist_visits_test_2023,tourist_visits,0.0316227766,0.0316227766,2017,7,7,2016,2392.0000000000,2197.4821496118,8.4766796796,0.0848176086,True
fold_local_augmented_nested,tourist_visits_test_2023,tourist_visits,0.0316227766,0.0316227766,2018,8,8,2017,2660.0000000000,2491.1440113512,6.5560577719,0.0655840755,True
fold_local_augmented_nested,tourist_visits_test_2023,tourist_visits,0.0316227766,0.0316227766,2019,9,9,2018,2800.0000000000,2778.6840698495,0.7641920526,0.0076419577,True
fold_local_augmented_nested,tourist_visits_test_2023,tourist_visits,0.0562341325,0.0562341325,2014,4,4,2013,1553.4000000000,1442.1671382973,7.4264976592,0.0742991376,True
fold_local_augmented_nested,tourist_visits_test_2023,tourist_visits,0.0562341325,0.0562341325,2015,5,5,2014,1818.7200000000,1666.1975407814,8.7532894213,0.0875888483,True
fold_local_augmented_nested,tourist_visits_test_2023,tourist_visits,0.0562341325,0.0562341325,2016,6,6,2015,2086.0000000000,1924.4802682493,8.0548822558,0.0805924158,True
fold_local_augmented_nested,tourist_visits_test_2023,tourist_visits,0.0562341325,0.0562341325,2017,7,7,2016,2392.0000000000,2194.7263915268,8.6019348718,0.0860724481,True
fold_local_augmented_nested,tourist_visits_test_2023,tourist_visits,0.0562341325,0.0562341325,2018,8,8,2017,2660.0000000000,2488.2091893634,6.6738084766,0.0667628721,True
fold_local_augmented_nested,tourist_visits_test_2023,tourist_visits,0.0562341325,0.0562341325,2019,9,9,2018,2800.0000000000,2775.6329624567,0.8740545767,0.0087406014,True
fold_local_augmented_nested,tourist_visits_test_2023,tourist_visits,0.1000000000,0.1000000000,2014,4,4,2013,1553.4000000000,1438.4975609756,7.6809072960,0.0768468685,True
fold_local_augmented_nested,tourist_visits_test_2023,tourist_visits,0.1000000000,0.1000000000,2015,5,5,2014,1818.7200000000,1662.1058823529,8.9986757707,0.0900475548,True
fold_local_augmented_nested,tourist_visits_test_2023,tourist_visits,0.1000000000,0.1000000000,2016,6,6,2015,2086.0000000000,1919.9587978142,8.2897109314,0.0829446302,True
fold_local_augmented_nested,tourist_visits_test_2023,tourist_visits,0.1000000000,0.1000000000,2017,7,7,2016,2392.0000000000,2189.8730784708,8.8228948322,0.0882862490,True
fold_local_augmented_nested,tourist_visits_test_2023,tourist_visits,0.1000000000,0.1000000000,2018,8,8,2017,2660.0000000000,2483.0343121693,6.8817618973,0.0688447975,True
fold_local_augmented_nested,tourist_visits_test_2023,tourist_visits,0.1000000000,0.1000000000,2019,9,9,2018,2800.0000000000,2770.2480097680,1.0682465190,0.0106825668,True
fold_local_augmented_nested,tourist_visits_test_2023,tourist_visits,0.1778279410,0.1778279410,2014,4,4,2013,1553.4000000000,1432.1619499153,8.1216234745,0.0812609213,True
fold_local_augmented_nested,tourist_visits_test_2023,tourist_visits,0.1778279410,0.1778279410,2015,5,5,2014,1818.7200000000,1655.0006393933,9.4261673636,0.0943315618,True
fold_local_augmented_nested,tourist_visits_test_2023,tourist_visits,0.1778279410,0.1778279410,2016,6,6,2015,2086.0000000000,1912.0766142740,8.7003528199,0.0870584725,True
fold_local_augmented_nested,tourist_visits_test_2023,tourist_visits,0.1778279410,0.1778279410,2017,7,7,2016,2392.0000000000,2181.3887349408,9.2102936035,0.0921681277,True
fold_local_augmented_nested,tourist_visits_test_2023,tourist_visits,0.1778279410,0.1778279410,2018,8,8,2017,2660.0000000000,2473.9687621523,7.2470732280,0.0725024754,True
fold_local_augmented_nested,tourist_visits_test_2023,tourist_visits,0.1778279410,0.1778279410,2019,9,9,2018,2800.0000000000,2760.7989276716,1.4099079229,0.0140993128,True
fold_local_augmented_nested,tourist_visits_test_2023,tourist_visits,0.3162277660,0.3162277660,2014,4,4,2013,1553.4000000000,1421.4598744067,8.8703422120,0.0887616529,True
fold_local_augmented_nested,tourist_visits_test_2023,tourist_visits,0.3162277660,0.3162277660,2015,5,5,2014,1818.7200000000,1642.8794418348,10.1594977189,0.1016824974,True
fold_local_augmented_nested,tourist_visits_test_2023,tourist_visits,0.3162277660,0.3162277660,2016,6,6,2015,2086.0000000000,1898.5397337480,9.4093811972,0.0941633271,True
fold_local_augmented_nested,tourist_visits_test_2023,tourist_visits,0.3162277660,0.3162277660,2017,7,7,2016,2392.0000000000,2166.7471066843,9.8822280791,0.0989028224,True
fold_local_augmented_nested,tourist_visits_test_2023,tourist_visits,0.3162277660,0.3162277660,2018,8,8,2017,2660.0000000000,2458.2668406496,7.8828699492,0.0788695575,True
fold_local_augmented_nested,tourist_visits_test_2023,tourist_visits,0.3162277660,0.3162277660,2019,9,9,2018,2800.0000000000,2744.3858162839,2.0061440729,0.0200621136,True
fold_local_augmented_nested,tourist_visits_test_2023,tourist_visits,0.5623413252,0.5623413252,2014,4,4,2013,1553.4000000000,1404.0325471093,10.1011570348,0.1010975900,True
fold_local_augmented_nested,tourist_visits_test_2023,tourist_visits,0.5623413252,0.5623413252,2015,5,5,2014,1818.7200000000,1622.8146106932,11.3847693815,0.1139709013,True
fold_local_augmented_nested,tourist_visits_test_2023,tourist_visits,0.5623413252,0.5623413252,2016,6,6,2015,2086.0000000000,1875.8778718284,10.6071986553,0.1061716084,True
fold_local_augmented_nested,tourist_visits_test_2023,tourist_visits,0.5623413252,0.5623413252,2017,7,7,2016,2392.0000000000,2142.0340682530,11.0262043904,0.1103739593,True
fold_local_augmented_nested,tourist_visits_test_2023,tourist_visits,0.5623413252,0.5623413252,2018,8,8,2017,2660.0000000000,2431.5983624217,8.9717067734,0.0897773194,True
fold_local_augmented_nested,tourist_visits_test_2023,tourist_visits,0.5623413252,0.5623413252,2019,9,9,2018,2800.0000000000,2716.3723669877,3.0319792592,0.0303221156,True
fold_local_augmented_nested,tourist_visits_test_2023,tourist_visits,1.0000000000,1.0000000000,2014,4,4,2013,1553.4000000000,1377.2800000000,12.0190535985,0.1203355373,True
fold_local_augmented_nested,tourist_visits_test_2023,tourist_visits,1.0000000000,1.0000000000,2015,5,5,2014,1818.7200000000,1591.2000000000,13.3445945946,0.1336445084,True
fold_local_augmented_nested,tourist_visits_test_2023,tourist_visits,1.0000000000,1.0000000000,2016,6,6,2015,2086.0000000000,1839.5152380952,12.5580845802,0.1257462772,True
fold_local_augmented_nested,tourist_visits_test_2023,tourist_visits,1.0000000000,1.0000000000,2017,7,7,2016,2392.0000000000,2101.8435714286,12.9135081789,0.1293149853,True
fold_local_augmented_nested,tourist_visits_test_2023,tourist_visits,1.0000000000,1.0000000000,2018,8,8,2017,2660.0000000000,2387.7773809524,10.7858409158,0.1079631557,True
fold_local_augmented_nested,tourist_visits_test_2023,tourist_visits,1.0000000000,1.0000000000,2019,9,9,2018,2800.0000000000,2669.9628888889,4.7545884224,0.0475548442,True
fold_local_augmented_nested,tourist_visits_test_2023,tourist_visits,1.7782794100,1.7782794100,2014,4,4,2013,1553.4000000000,1339.7175101186,14.7717808996,0.1479872986,True
fold_local_augmented_nested,tourist_visits_test_2023,tourist_visits,1.7782794100,1.7782794100,2015,5,5,2014,1818.7200000000,1545.0654800080,16.2706285296,0.1630666656,True
fold_local_augmented_nested,tourist_visits_test_2023,tourist_visits,1.7782794100,1.7782794100,2016,6,6,2015,2086.0000000000,1784.9607346455,15.5537235323,0.1558519390,True
fold_local_augmented_nested,tourist_visits_test_2023,tourist_visits,1.7782794100,1.7782794100,2017,7,7,2016,2392.0000000000,2040.2734159969,15.8711591543,0.1590460098,True
fold_local_augmented_nested,tourist_visits_test_2023,tourist_visits,1.7782794100,1.7782794100,2018,8,8,2017,2660.0000000000,2319.5415956892,13.6742869908,0.1369565447,True
fold_local_augmented_nested,tourist_visits_test_2023,tourist_visits,1.7782794100,1.7782794100,2019,9,9,2018,2800.0000000000,2596.7442774500,7.5325311744,0.0753609578,True
fold_local_augmented_nested,tourist_visits_test_2023,tourist_visits,3.1622776602,3.1622776602,2014,4,4,2013,1553.4000000000,1293.0866717769,18.2901491023,0.1834139479,True
fold_local_augmented_nested,tourist_visits_test_2023,tourist_visits,3.1622776602,3.1622776602,2015,5,5,2014,1818.7200000000,1484.7587344577,20.2187628489,0.2028806663,True
fold_local_augmented_nested,tourist_visits_test_2023,tourist_visits,3.1622776602,3.1622776602,2016,6,6,2015,2086.0000000000,1710.8424775206,19.7615531695,0.1982624305,True
fold_local_augmented_nested,tourist_visits_test_2023,tourist_visits,3.1622776602,3.1622776602,2017,7,7,2016,2392.0000000000,1954.0809750199,20.1523638191,0.2022098427,True
fold_local_augmented_nested,tourist_visits_test_2023,tourist_visits,3.1622776602,3.1622776602,2018,8,8,2017,2660.0000000000,2221.7048762579,17.9566415772,0.1800512594,True
fold_local_augmented_nested,tourist_visits_test_2023,tourist_visits,3.1622776602,3.1622776602,2019,9,9,2018,2800.0000000000,2489.6893714600,11.7326597745,0.1174614649,True
fold_local_augmented_nested,tourist_visits_test_2023,tourist_visits,5.6234132519,5.6234132519,2014,4,4,2013,1553.4000000000,1243.2966144859,22.1764051136,0.2226796650,True
fold_local_augmented_nested,tourist_visits_test_2023,tourist_visits,5.6234132519,5.6234132519,2015,5,5,2014,1818.7200000000,1416.3327138872,24.8767066073,0.2500620219,True
fold_local_augmented_nested,tourist_visits_test_2023,tourist_visits,5.6234132519,5.6234132519,2016,6,6,2015,2086.0000000000,1622.6411626556,24.9880652790,0.2511931876,True
fold_local_augmented_nested,tourist_visits_test_2023,tourist_visits,5.6234132519,5.6234132519,2017,7,7,2016,2392.0000000000,1847.4945783489,25.6872800089,0.2582993968,True
fold_local_augmented_nested,tourist_visits_test_2023,tourist_visits,5.6234132519,5.6234132519,2018,8,8,2017,2660.0000000000,2096.8290444507,23.6784189756,0.2378998981,True
fold_local_augmented_nested,tourist_visits_test_2023,tourist_visits,5.6234132519,5.6234132519,2019,9,9,2018,2800.0000000000,2349.3733509887,17.5021936960,0.1754707837,True
fold_local_augmented_nested,tourist_visits_test_2023,tourist_visits,10.0000000000,10.0000000000,2014,4,4,2013,1553.4000000000,1198.0000000000,25.8341208112,0.2597925773,True
fold_local_augmented_nested,tourist_visits_test_2023,tourist_visits,10.0000000000,10.0000000000,2015,5,5,2014,1818.7200000000,1350.1200000000,29.5754913470,0.2979394796,True
fold_local_augmented_nested,tourist_visits_test_2023,tourist_visits,10.0000000000,10.0000000000,2016,6,6,2015,2086.0000000000,1532.8241666667,30.5721310490,0.3081364621,True
fold_local_augmented_nested,tourist_visits_test_2023,tourist_visits,10.0000000000,10.0000000000,2017,7,7,2016,2392.0000000000,1734.1909243697,31.8845680041,0.3215888575,True
fold_local_augmented_nested,tourist_visits_test_2023,tourist_visits,10.0000000000,10.0000000000,2018,8,8,2017,2660.0000000000,1959.1211904762,30.3468465373,0.3058301223,True
fold_local_augmented_nested,tourist_visits_test_2023,tourist_visits,10.0000000000,10.0000000000,2019,9,9,2018,2800.0000000000,2189.6499415205,24.4646444393,0.2458777302,True
fold_local_augmented_nested,tourist_visits_test_2023,tourist_visits,17.7827941004,17.7827941004,2014,4,4,2013,1553.4000000000,1162.4138263977,28.7932972284,0.2899473491,True
fold_local_augmented_nested,tourist_visits_test_2023,tourist_visits,17.7827941004,17.7827941004,2015,5,5,2014,1818.7200000000,1295.2166961163,33.6232463901,0.3394549429,True
fold_local_augmented_nested,tourist_visits_test_2023,tourist_visits,17.7827941004,17.7827941004,2016,6,6,2015,2086.0000000000,1454.7640262187,35.6553539918,0.3604046504,True
fold_local_augmented_nested,tourist_visits_test_2023,tourist_visits,17.7827941004,17.7827941004,2017,7,7,2016,2392.0000000000,1631.5618417021,37.7992529115,0.3825920949,True
fold_local_augmented_nested,tourist_visits_test_2023,tourist_visits,17.7827941004,17.7827941004,2018,8,8,2017,2660.0000000000,1829.7270349264,36.9854540650,0.3741593283,True
fold_local_augmented_nested,tourist_visits_test_2023,tourist_visits,17.7827941004,17.7827941004,2019,9,9,2018,2800.0000000000,2034.5679238511,31.6649631655,0.3193359433,True
fold_local_augmented_nested,tourist_visits_test_2023,tourist_visits,31.6227766017,31.6227766017,2014,4,4,2013,1553.4000000000,1137.5434956234,30.9078585301,0.3115749680,True
fold_local_augmented_nested,tourist_visits_test_2023,tourist_visits,31.6227766017,31.6227766017,2015,5,5,2014,1818.7200000000,1255.2278870065,36.6624376018,0.3708158176,True
fold_local_augmented_nested,tourist_visits_test_2023,tourist_visits,31.6227766017,31.6227766017,2016,6,6,2015,2086.0000000000,1395.7305351086,39.6509412737,0.4018303973,True
fold_local_augmented_nested,tourist_visits_test_2023,tourist_visits,31.6227766017,31.6227766017,2017,7,7,2016,2392.0000000000,1551.2321914069,42.6435861639,0.4330802588,True
fold_local_augmented_nested,tourist_visits_test_2023,tourist_visits,31.6227766017,31.6227766017,2018,8,8,2017,2660.0000000000,1725.1967197413,42.6344969224,0.4329850384,True
fold_local_augmented_nested,tourist_visits_test_2023,tourist_visits,31.6227766017,31.6227766017,2019,9,9,2018,2800.0000000000,1905.5810731919,38.0152381989,0.3848324298,True
fold_local_augmented_nested,tourist_visits_test_2023,tourist_visits,56.2341325190,56.2341325190,2014,4,4,2013,1553.4000000000,1121.5496651763,32.2884830654,0.3257347184,True
fold_local_augmented_nested,tourist_visits_test_2023,tourist_visits,56.2341325190,56.2341325190,2015,5,5,2014,1818.7200000000,1228.7701992798,38.7170925675,0.3921191257,True
fold_local_augmented_nested,tourist_visits_test_2023,tourist_visits,56.2341325190,56.2341325190,2016,6,6,2015,2086.0000000000,1355.6131421154,42.4444484446,0.4309945012,True
fold_local_augmented_nested,tourist_visits_test_2023,tourist_visits,56.2341325190,56.2341325190,2017,7,7,2016,2392.0000000000,1495.2468178958,46.1382167953,0.4698385473,True
fold_local_augmented_nested,tourist_visits_test_2023,tourist_visits,56.2341325190,56.2341325190,2018,8,8,2017,2660.0000000000,1650.5851156766,46.8342397719,0.4771962822,True
fold_local_augmented_nested,tourist_visits_test_2023,tourist_visits,56.2341325190,56.2341325190,2019,9,9,2018,2800.0000000000,1811.4080678653,42.8759249924,0.4355149363,True
fold_local_augmented_nested,tourist_visits_test_2023,tourist_visits,100.0000000000,100.0000000000,2014,4,4,2013,1553.4000000000,1111.8076923077,33.1375531421,0.3344588347,True
fold_local_augmented_nested,tourist_visits_test_2023,tourist_visits,100.0000000000,100.0000000000,2015,5,5,2014,1818.7200000000,1212.3600000000,40.0095015638,0.4055640837,True
fold_local_augmented_nested,tourist_visits_test_2023,tourist_visits,100.0000000000,100.0000000000,2016,6,6,2015,2086.0000000000,1330.2923270440,44.2413939213,0.4498496437,True
fold_local_augmented_nested,tourist_visits_test_2023,tourist_visits,100.0000000000,100.0000000000,2017,7,7,2016,2392.0000000000,1459.3104405875,48.4349196878,0.4941658129,True
fold_local_augmented_nested,tourist_visits_test_2023,tourist_visits,100.0000000000,100.0000000000,2018,8,8,2017,2660.0000000000,1601.9076984127,49.6534592704,0.5071308923,True
fold_local_augmented_nested,tourist_visits_test_2023,tourist_visits,100.0000000000,100.0000000000,2019,9,9,2018,2800.0000000000,1748.9958613660,46.2081817906,0.4705775874,True
fold_local_augmented_nested,tourist_visits_test_2023,tourist_visits,177.8279410039,177.8279410039,2014,4,4,2013,1553.4000000000,1106.0687883738,33.6406438445,0.3396339802,True
fold_local_augmented_nested,tourist_visits_test_2023,tourist_visits,177.8279410039,177.8279410039,2015,5,5,2014,1818.7200000000,1202.5861682999,40.7859248536,0.4136585789,True
fold_local_augmented_nested,tourist_visits_test_2023,tourist_visits,177.8279410039,177.8279410039,2016,6,6,2015,2086.0000000000,1315.0484724028,45.3361093706,0.4613748305,True
fold_local_augmented_nested,tourist_visits_test_2023,tourist_visits,177.8279410039,177.8279410039,2017,7,7,2016,2392.0000000000,1437.4470137281,49.8533069057,0.5092612031,True
fold_local_augmented_nested,tourist_visits_test_2023,tourist_visits,177.8279410039,177.8279410039,2018,8,8,2017,2660.0000000000,1571.9862663224,51.4185852792,0.5259861653,True
fold_local_augmented_nested,tourist_visits_test_2023,tourist_visits,177.8279410039,177.8279410039,2019,9,9,2018,2800.0000000000,1710.2431047557,48.3236433129,0.4929838902,True
fold_local_augmented_nested,tourist_visits_test_2023,tourist_visits,316.2277660168,316.2277660168,2014,4,4,2013,1553.4000000000,1102.7544006734,33.9321840035,0.3426350264,True
fold_local_augmented_nested,tourist_visits_test_2023,tourist_visits,316.2277660168,316.2277660168,2015,5,5,2014,1818.7200000000,1196.9049552219,41.2395476235,0.4183939360,True
fold_local_augmented_nested,tourist_visits_test_2023,tourist_visits,316.2277660168,316.2277660168,2016,6,6,2015,2086.0000000000,1306.1310835746,45.9810601189,0.4681789605,True
fold_local_augmented_nested,tourist_visits_test_2023,tourist_visits,316.2277660168,316.2277660168,2017,7,7,2016,2392.0000000000,1424.5765750103,50.6958739580,0.5182552069,True
fold_local_augmented_nested,tourist_visits_test_2023,tourist_visits,316.2277660168,316.2277660168,2018,8,8,2017,2660.0000000000,1554.2625035987,52.4759668130,0.5373249639,True
fold_local_augmented_nested,tourist_visits_test_2023,tourist_visits,316.2277660168,316.2277660168,2019,9,9,2018,2800.0000000000,1687.1468541782,49.6018152286,0.5065805669,True
fold_local_augmented_nested,tourist_visits_test_2023,tourist_visits,562.3413251903,562.3413251903,2014,4,4,2013,1553.4000000000,1100.8621194640,34.0989593467,0.3443524592,True
fold_local_augmented_nested,tourist_visits_test_2023,tourist_visits,562.3413251903,562.3413251903,2015,5,5,2014,1818.7200000000,1193.6492938430,41.5002707294,0.4211177089,True
fold_local_augmented_nested,tourist_visits_test_2023,tourist_visits,562.3413251903,562.3413251903,2016,6,6,2015,2086.0000000000,1301.0019974562,46.3535600589,0.4721136217,True
fold_local_augmented_nested,tourist_visits_test_2023,tourist_visits,562.3413251903,562.3413251903,2017,7,7,2016,2392.0000000000,1417.1465843361,51.1848727310,0.5234844338,True
fold_local_augmented_nested,tourist_visits_test_2023,tourist_visits,562.3413251903,562.3413251903,2018,8,8,2017,2660.0000000000,1543.9934102480,53.0926897759,0.5439539392,True
fold_local_augmented_nested,tourist_visits_test_2023,tourist_visits,562.3413251903,562.3413251903,2019,9,9,2018,2800.0000000000,1673.7164936095,50.3511345880,0.5145728181,True
fold_local_augmented_nested,tourist_visits_test_2023,tourist_visits,1000.0000000000,1000.0000000000,2014,4,4,2013,1553.4000000000,1099.7888446215,34.1936576658,0.3453278751,True
fold_local_augmented_nested,tourist_visits_test_2023,tourist_visits,1000.0000000000,1000.0000000000,2015,5,5,2014,1818.7200000000,1191.7988059701,41.6487146858,0.4226691895,True
fold_local_augmented_nested,tourist_visits_test_2023,tourist_visits,1000.0000000000,1000.0000000000,2016,6,6,2015,2086.0000000000,1298.0805036448,46.5662383331,0.4743617189,True
fold_local_augmented_nested,tourist_visits_test_2023,tourist_visits,1000.0000000000,1000.0000000000,2017,7,7,2016,2392.0000000000,1412.9055922826,51.4648463133,0.5264815483,True
fold_local_augmented_nested,tourist_visits_test_2023,tourist_visits,1000.0000000000,1000.0000000000,2018,8,8,2017,2660.0000000000,1538.1195748299,53.4468066082,0.5477655078,True
fold_local_augmented_nested,tourist_visits_test_2023,tourist_visits,1000.0000000000,1000.0000000000,2019,9,9,2018,2800.0000000000,1666.0183834379,50.7826667605,0.5191828390,True
